A13XXMDHOULEZ7:3VSOLARPKB9O74GLUPJ34Q1KJA3939,initialized,0,,1493616430958
A13XXMDHOULEZ7:3VSOLARPKB9O74GLUPJ34Q1KJA3939,window_resize,0,"[1366, 675]",1493616430958
A13XXMDHOULEZ7:3VSOLARPKB9O74GLUPJ34Q1KJA3939,focus,21662,off,1493616452620
A13XXMDHOULEZ7:3VSOLARPKB9O74GLUPJ34Q1KJA3939,focus,2305,on,1493616454925
A13XXMDHOULEZ7:3VSOLARPKB9O74GLUPJ34Q1KJA3939,focus,92085,off,1493616547010
A13XXMDHOULEZ7:3VSOLARPKB9O74GLUPJ34Q1KJA3939,focus,82120,on,1493616629130
A13XXMDHOULEZ7:3VSOLARPKB9O74GLUPJ34Q1KJA3939,focus,72882,off,1493616702012
A13XXMDHOULEZ7:3VSOLARPKB9O74GLUPJ34Q1KJA3939,focus,17526,on,1493616719538
A13XXMDHOULEZ7:3VSOLARPKB9O74GLUPJ34Q1KJA3939,focus,49317,off,1493616768855
A13XXMDHOULEZ7:3VSOLARPKB9O74GLUPJ34Q1KJA3939,focus,37730,on,1493616806585
A13XXMDHOULEZ7:3VSOLARPKB9O74GLUPJ34Q1KJA3939,focus,70446,off,1493616877031
A13XXMDHOULEZ7:3VSOLARPKB9O74GLUPJ34Q1KJA3939,focus,4889,on,1493616881920
A13XXMDHOULEZ7:3VSOLARPKB9O74GLUPJ34Q1KJA3939,focus,93774,off,1493616975694
A13XXMDHOULEZ7:3VSOLARPKB9O74GLUPJ34Q1KJA3939,focus,4689,on,1493616980383
A13XXMDHOULEZ7:3VSOLARPKB9O74GLUPJ34Q1KJA3939,focus,2125,off,1493616982508
A13XXMDHOULEZ7:3VSOLARPKB9O74GLUPJ34Q1KJA3939,focus,2831,on,1493616985339
A13XXMDHOULEZ7:3VSOLARPKB9O74GLUPJ34Q1KJA3939,focus,51522,off,1493617036861
A13XXMDHOULEZ7:3VSOLARPKB9O74GLUPJ34Q1KJA3939,focus,37904,on,1493617074765
A13XXMDHOULEZ7:3VSOLARPKB9O74GLUPJ34Q1KJA3939,focus,209611,off,1493617284376
A13XXMDHOULEZ7:3VSOLARPKB9O74GLUPJ34Q1KJA3939,focus,7399,on,1493617291775
A13XXMDHOULEZ7:3VSOLARPKB9O74GLUPJ34Q1KJA3939,focus,239489,off,1493617531264
A13XXMDHOULEZ7:3VSOLARPKB9O74GLUPJ34Q1KJA3939,focus,10731,on,1493617541995
A13XXMDHOULEZ7:3VSOLARPKB9O74GLUPJ34Q1KJA3939,focus,306,off,1493617542301
A13XXMDHOULEZ7:3VSOLARPKB9O74GLUPJ34Q1KJA3939,focus,13388,on,1493617555689
A13XXMDHOULEZ7:3VSOLARPKB9O74GLUPJ34Q1KJA3939,focus,16,off,1493617555705
A13XXMDHOULEZ7:3VSOLARPKB9O74GLUPJ34Q1KJA3939,focus,19126,on,1493617574831
A13XXMDHOULEZ7:3VSOLARPKB9O74GLUPJ34Q1KJA3939,focus,345,off,1493617575176
A13XXMDHOULEZ7:3VSOLARPKB9O74GLUPJ34Q1KJA3939,focus,14835,on,1493617590011
A13XXMDHOULEZ7:3VSOLARPKB9O74GLUPJ34Q1KJA3939,focus,20,off,1493617590031
A13XXMDHOULEZ7:3VSOLARPKB9O74GLUPJ34Q1KJA3939,focus,69729,on,1493617659760
A13XXMDHOULEZ7:3VSOLARPKB9O74GLUPJ34Q1KJA3939,focus,1832,off,1493617661592
A13XXMDHOULEZ7:3VSOLARPKB9O74GLUPJ34Q1KJA3939,focus,40843,on,1493617702435
A154X03NKVZZL1:33FOTY3KEMLUVZ99J5FBINNVRBQC1Z,initialized,0,,1493607167523
A154X03NKVZZL1:33FOTY3KEMLUVZ99J5FBINNVRBQC1Z,window_resize,1,"[882, 748]",1493607167524
A154X03NKVZZL1:33FOTY3KEMLUVZ99J5FBINNVRBQC1Z,focus,373,on,1493607167897
A154X03NKVZZL1:33FOTY3KEMLUVZ99J5FBINNVRBQC1Z,window_resize,257242,"[985, 835]",1493607425139
A154X03NKVZZL1:33FOTY3KEMLUVZ99J5FBINNVRBQC1Z,window_resize,779,"[1103, 935]",1493607425918
A154X03NKVZZL1:33FOTY3KEMLUVZ99J5FBINNVRBQC1Z,focus,7006,off,1493607432924
A154X03NKVZZL1:33FOTY3KEMLUVZ99J5FBINNVRBQC1Z,focus,6184,on,1493607439108
A154X03NKVZZL1:33FOTY3KEMLUVZ99J5FBINNVRBQC1Z,focus,92510,off,1493607531618
A154X03NKVZZL1:33FOTY3KEMLUVZ99J5FBINNVRBQC1Z,focus,1,on,1493607531619
A154X03NKVZZL1:33FOTY3KEMLUVZ99J5FBINNVRBQC1Z,focus,105627,off,1493607637246
A154X03NKVZZL1:33FOTY3KEMLUVZ99J5FBINNVRBQC1Z,focus,1,on,1493607637247
A154X03NKVZZL1:33FOTY3KEMLUVZ99J5FBINNVRBQC1Z,focus,29972,off,1493607667219
A154X03NKVZZL1:33FOTY3KEMLUVZ99J5FBINNVRBQC1Z,focus,1,on,1493607667220
A154X03NKVZZL1:33FOTY3KEMLUVZ99J5FBINNVRBQC1Z,focus,31438,off,1493607698658
A154X03NKVZZL1:33FOTY3KEMLUVZ99J5FBINNVRBQC1Z,focus,1,on,1493607698659
A154X03NKVZZL1:33FOTY3KEMLUVZ99J5FBINNVRBQC1Z,focus,47921,off,1493607746580
A154X03NKVZZL1:33FOTY3KEMLUVZ99J5FBINNVRBQC1Z,focus,4,on,1493607746584
A154X03NKVZZL1:33FOTY3KEMLUVZ99J5FBINNVRBQC1Z,focus,28390,off,1493607774974
A154X03NKVZZL1:33FOTY3KEMLUVZ99J5FBINNVRBQC1Z,focus,0,on,1493607774974
A154X03NKVZZL1:33FOTY3KEMLUVZ99J5FBINNVRBQC1Z,focus,117738,off,1493607892712
A154X03NKVZZL1:33FOTY3KEMLUVZ99J5FBINNVRBQC1Z,focus,2,on,1493607892714
A154X03NKVZZL1:33FOTY3KEMLUVZ99J5FBINNVRBQC1Z,focus,68410,off,1493607961124
A154X03NKVZZL1:33FOTY3KEMLUVZ99J5FBINNVRBQC1Z,focus,1,on,1493607961125
A154X03NKVZZL1:33FOTY3KEMLUVZ99J5FBINNVRBQC1Z,focus,34605,off,1493607995730
A154X03NKVZZL1:33FOTY3KEMLUVZ99J5FBINNVRBQC1Z,focus,1,on,1493607995731
A154X03NKVZZL1:33FOTY3KEMLUVZ99J5FBINNVRBQC1Z,focus,43102,off,1493608038833
A154X03NKVZZL1:33FOTY3KEMLUVZ99J5FBINNVRBQC1Z,focus,1,on,1493608038834
A154X03NKVZZL1:33FOTY3KEMLUVZ99J5FBINNVRBQC1Z,focus,2750,off,1493608041584
A154X03NKVZZL1:33FOTY3KEMLUVZ99J5FBINNVRBQC1Z,focus,2348,on,1493608043932
A154X03NKVZZL1:33FOTY3KEMLUVZ99J5FBINNVRBQC1Z,focus,51058,off,1493608094990
A154X03NKVZZL1:33FOTY3KEMLUVZ99J5FBINNVRBQC1Z,focus,1,on,1493608094991
A154X03NKVZZL1:33FOTY3KEMLUVZ99J5FBINNVRBQC1Z,focus,145375,off,1493608240366
A154X03NKVZZL1:33FOTY3KEMLUVZ99J5FBINNVRBQC1Z,focus,1,on,1493608240367
A154X03NKVZZL1:33FOTY3KEMLUVZ99J5FBINNVRBQC1Z,focus,25964,off,1493608266331
A154X03NKVZZL1:33FOTY3KEMLUVZ99J5FBINNVRBQC1Z,focus,4,on,1493608266335
A154X03NKVZZL1:33FOTY3KEMLUVZ99J5FBINNVRBQC1Z,focus,63259,off,1493608329594
A154X03NKVZZL1:33FOTY3KEMLUVZ99J5FBINNVRBQC1Z,focus,12096,on,1493608341690
A154X03NKVZZL1:33FOTY3KEMLUVZ99J5FBINNVRBQC1Z,focus,10513,off,1493608352203
A154X03NKVZZL1:33FOTY3KEMLUVZ99J5FBINNVRBQC1Z,focus,46985,on,1493608399188
A154X03NKVZZL1:33FOTY3KEMLUVZ99J5FBINNVRBQC1Z,focus,97897,off,1493608497085
A154X03NKVZZL1:33FOTY3KEMLUVZ99J5FBINNVRBQC1Z,focus,1956,on,1493608499041
A154X03NKVZZL1:33FOTY3KEMLUVZ99J5FBINNVRBQC1Z,focus,146341,off,1493608645382
A154X03NKVZZL1:33FOTY3KEMLUVZ99J5FBINNVRBQC1Z,focus,21901,on,1493608667283
A154X03NKVZZL1:33FOTY3KEMLUVZ99J5FBINNVRBQC1Z,focus,2481,off,1493608669764
A154X03NKVZZL1:33FOTY3KEMLUVZ99J5FBINNVRBQC1Z,focus,7572,on,1493608677336
A154X03NKVZZL1:33FOTY3KEMLUVZ99J5FBINNVRBQC1Z,focus,20041,off,1493608697377
A154X03NKVZZL1:33FOTY3KEMLUVZ99J5FBINNVRBQC1Z,focus,25464,on,1493608722841
A154X03NKVZZL1:33FOTY3KEMLUVZ99J5FBINNVRBQC1Z,focus,32419,off,1493608755260
A154X03NKVZZL1:33FOTY3KEMLUVZ99J5FBINNVRBQC1Z,focus,10874,on,1493608766134
A154X03NKVZZL1:33FOTY3KEMLUVZ99J5FBINNVRBQC1Z,focus,23,off,1493608766157
A154X03NKVZZL1:33FOTY3KEMLUVZ99J5FBINNVRBQC1Z,focus,8987,on,1493608775144
A154X03NKVZZL1:33FOTY3KEMLUVZ99J5FBINNVRBQC1Z,focus,35180,off,1493608810324
A154X03NKVZZL1:33FOTY3KEMLUVZ99J5FBINNVRBQC1Z,focus,2565,on,1493608812889
A154X03NKVZZL1:33FOTY3KEMLUVZ99J5FBINNVRBQC1Z,focus,31,off,1493608812920
A154X03NKVZZL1:33FOTY3KEMLUVZ99J5FBINNVRBQC1Z,focus,6221,on,1493608819141
A16UAN46CNIRHY:3TXMY6UCAEOIC3TQ4K5QJOV3ZNICQU,initialized,0,,1493609941063
A16UAN46CNIRHY:3TXMY6UCAEOIC3TQ4K5QJOV3ZNICQU,window_resize,0,"[685, 519]",1493609941063
A16UAN46CNIRHY:3TXMY6UCAEOIC3TQ4K5QJOV3ZNICQU,window_resize,2348,"[1024, 516]",1493609943411
A16UAN46CNIRHY:3TXMY6UCAEOIC3TQ4K5QJOV3ZNICQU,focus,253699,off,1493610197110
A16UAN46CNIRHY:3TXMY6UCAEOIC3TQ4K5QJOV3ZNICQU,focus,2,on,1493610197112
A16UAN46CNIRHY:3TXMY6UCAEOIC3TQ4K5QJOV3ZNICQU,focus,130751,off,1493610327863
A16UAN46CNIRHY:3TXMY6UCAEOIC3TQ4K5QJOV3ZNICQU,focus,1,on,1493610327864
A16UAN46CNIRHY:3TXMY6UCAEOIC3TQ4K5QJOV3ZNICQU,focus,86619,off,1493610414483
A16UAN46CNIRHY:3TXMY6UCAEOIC3TQ4K5QJOV3ZNICQU,focus,2,on,1493610414485
A16UAN46CNIRHY:3TXMY6UCAEOIC3TQ4K5QJOV3ZNICQU,focus,113246,off,1493610527731
A16UAN46CNIRHY:3TXMY6UCAEOIC3TQ4K5QJOV3ZNICQU,focus,4,on,1493610527735
A174BCWX0VMM1B:3HVVDCPGTES87MMNHGHALKY9MI0TYY,initialized,0,,1493612211725
A174BCWX0VMM1B:3HVVDCPGTES87MMNHGHALKY9MI0TYY,window_resize,0,"[1126, 811]",1493612211725
A174BCWX0VMM1B:3HVVDCPGTES87MMNHGHALKY9MI0TYY,focus,142856,off,1493612354581
A174BCWX0VMM1B:3HVVDCPGTES87MMNHGHALKY9MI0TYY,focus,14543,on,1493612369124
A174BCWX0VMM1B:3HVVDCPGTES87MMNHGHALKY9MI0TYY,focus,45096,off,1493612414220
A174BCWX0VMM1B:3HVVDCPGTES87MMNHGHALKY9MI0TYY,focus,15,on,1493612414235
A174BCWX0VMM1B:3HVVDCPGTES87MMNHGHALKY9MI0TYY,focus,96,off,1493612414331
A174BCWX0VMM1B:3HVVDCPGTES87MMNHGHALKY9MI0TYY,focus,11099,on,1493612425430
A174BCWX0VMM1B:3HVVDCPGTES87MMNHGHALKY9MI0TYY,focus,99506,off,1493612524936
A174BCWX0VMM1B:3HVVDCPGTES87MMNHGHALKY9MI0TYY,focus,3637,on,1493612528573
A174BCWX0VMM1B:3HVVDCPGTES87MMNHGHALKY9MI0TYY,window_resize,45620,"[1440, 819]",1493612574193
A174BCWX0VMM1B:3HVVDCPGTES87MMNHGHALKY9MI0TYY,focus,7236,off,1493612581429
A174BCWX0VMM1B:3HVVDCPGTES87MMNHGHALKY9MI0TYY,focus,13,on,1493612581442
A174BCWX0VMM1B:3HVVDCPGTES87MMNHGHALKY9MI0TYY,focus,355,off,1493612581797
A174BCWX0VMM1B:3HVVDCPGTES87MMNHGHALKY9MI0TYY,focus,42082,on,1493612623879
A174BCWX0VMM1B:3HVVDCPGTES87MMNHGHALKY9MI0TYY,focus,11288,off,1493612635167
A174BCWX0VMM1B:3HVVDCPGTES87MMNHGHALKY9MI0TYY,focus,11,on,1493612635178
A174BCWX0VMM1B:3HVVDCPGTES87MMNHGHALKY9MI0TYY,focus,368,off,1493612635546
A174BCWX0VMM1B:3HVVDCPGTES87MMNHGHALKY9MI0TYY,focus,13798,on,1493612649344
A174BCWX0VMM1B:3HVVDCPGTES87MMNHGHALKY9MI0TYY,focus,20234,off,1493612669578
A174BCWX0VMM1B:3HVVDCPGTES87MMNHGHALKY9MI0TYY,focus,90845,on,1493612760423
A174BCWX0VMM1B:3HVVDCPGTES87MMNHGHALKY9MI0TYY,focus,51035,off,1493612811458
A174BCWX0VMM1B:3HVVDCPGTES87MMNHGHALKY9MI0TYY,focus,12,on,1493612811470
A174BCWX0VMM1B:3HVVDCPGTES87MMNHGHALKY9MI0TYY,focus,300,off,1493612811770
A174BCWX0VMM1B:3HVVDCPGTES87MMNHGHALKY9MI0TYY,focus,15192,on,1493612826962
A174BCWX0VMM1B:3HVVDCPGTES87MMNHGHALKY9MI0TYY,focus,67808,off,1493612894770
A174BCWX0VMM1B:3HVVDCPGTES87MMNHGHALKY9MI0TYY,focus,12,on,1493612894782
A174BCWX0VMM1B:3HVVDCPGTES87MMNHGHALKY9MI0TYY,focus,333,off,1493612895115
A174BCWX0VMM1B:3HVVDCPGTES87MMNHGHALKY9MI0TYY,focus,26018,on,1493612921133
A174BCWX0VMM1B:3HVVDCPGTES87MMNHGHALKY9MI0TYY,focus,25123,off,1493612946256
A174BCWX0VMM1B:3HVVDCPGTES87MMNHGHALKY9MI0TYY,focus,11,on,1493612946267
A174BCWX0VMM1B:3HVVDCPGTES87MMNHGHALKY9MI0TYY,focus,302,off,1493612946569
A174BCWX0VMM1B:3HVVDCPGTES87MMNHGHALKY9MI0TYY,focus,11835,on,1493612958404
A174BCWX0VMM1B:3HVVDCPGTES87MMNHGHALKY9MI0TYY,focus,10631,off,1493612969035
A174BCWX0VMM1B:3HVVDCPGTES87MMNHGHALKY9MI0TYY,focus,11,on,1493612969046
A174BCWX0VMM1B:3HVVDCPGTES87MMNHGHALKY9MI0TYY,focus,356,off,1493612969402
A174BCWX0VMM1B:3HVVDCPGTES87MMNHGHALKY9MI0TYY,focus,62217,on,1493613031619
A174BCWX0VMM1B:3HVVDCPGTES87MMNHGHALKY9MI0TYY,focus,11455,off,1493613043074
A174BCWX0VMM1B:3HVVDCPGTES87MMNHGHALKY9MI0TYY,focus,4753,on,1493613047827
A174BCWX0VMM1B:3HVVDCPGTES87MMNHGHALKY9MI0TYY,focus,62520,off,1493613110347
A174BCWX0VMM1B:3HVVDCPGTES87MMNHGHALKY9MI0TYY,focus,3713,on,1493613114060
A174BCWX0VMM1B:3HVVDCPGTES87MMNHGHALKY9MI0TYY,focus,7703,off,1493613121763
A174BCWX0VMM1B:3HVVDCPGTES87MMNHGHALKY9MI0TYY,focus,5631,on,1493613127394
A174BCWX0VMM1B:3HVVDCPGTES87MMNHGHALKY9MI0TYY,focus,154453,off,1493613281847
A174BCWX0VMM1B:3HVVDCPGTES87MMNHGHALKY9MI0TYY,focus,1068,on,1493613282915
A174BCWX0VMM1B:3HVVDCPGTES87MMNHGHALKY9MI0TYY,focus,119130,off,1493613402045
A174BCWX0VMM1B:3HVVDCPGTES87MMNHGHALKY9MI0TYY,focus,13156,on,1493613415201
A174BCWX0VMM1B:3HVVDCPGTES87MMNHGHALKY9MI0TYY,focus,2662,off,1493613417863
A174BCWX0VMM1B:3HVVDCPGTES87MMNHGHALKY9MI0TYY,focus,1278,on,1493613419141
A174BCWX0VMM1B:3HVVDCPGTES87MMNHGHALKY9MI0TYY,focus,42796,off,1493613461937
A174BCWX0VMM1B:3HVVDCPGTES87MMNHGHALKY9MI0TYY,focus,1001,on,1493613462938
A174BCWX0VMM1B:3HVVDCPGTES87MMNHGHALKY9MI0TYY,focus,16693,off,1493613479631
A174BCWX0VMM1B:3HVVDCPGTES87MMNHGHALKY9MI0TYY,focus,1114,on,1493613480745
A174BCWX0VMM1B:3HVVDCPGTES87MMNHGHALKY9MI0TYY,focus,11741,off,1493613492486
A174BCWX0VMM1B:3HVVDCPGTES87MMNHGHALKY9MI0TYY,focus,12,on,1493613492498
A174BCWX0VMM1B:3HVVDCPGTES87MMNHGHALKY9MI0TYY,focus,361,off,1493613492859
A174BCWX0VMM1B:3HVVDCPGTES87MMNHGHALKY9MI0TYY,focus,12483,on,1493613505342
A174BCWX0VMM1B:3HVVDCPGTES87MMNHGHALKY9MI0TYY,focus,41922,off,1493613547264
A174BCWX0VMM1B:3HVVDCPGTES87MMNHGHALKY9MI0TYY,focus,1228,on,1493613548492
A174BCWX0VMM1B:3HVVDCPGTES87MMNHGHALKY9MI0TYY,focus,17506,off,1493613565998
A174BCWX0VMM1B:3HVVDCPGTES87MMNHGHALKY9MI0TYY,focus,1156,on,1493613567154
A174BCWX0VMM1B:3HVVDCPGTES87MMNHGHALKY9MI0TYY,focus,14317,off,1493613581471
A174BCWX0VMM1B:3HVVDCPGTES87MMNHGHALKY9MI0TYY,focus,895,on,1493613582366
A174BCWX0VMM1B:3HVVDCPGTES87MMNHGHALKY9MI0TYY,focus,12692,off,1493613595058
A174BCWX0VMM1B:3HVVDCPGTES87MMNHGHALKY9MI0TYY,focus,862,on,1493613595920
A174BCWX0VMM1B:3HVVDCPGTES87MMNHGHALKY9MI0TYY,focus,12659,off,1493613608579
A174BCWX0VMM1B:3HVVDCPGTES87MMNHGHALKY9MI0TYY,focus,1113,on,1493613609692
A174BCWX0VMM1B:3HVVDCPGTES87MMNHGHALKY9MI0TYY,focus,24415,off,1493613634107
A174BCWX0VMM1B:3HVVDCPGTES87MMNHGHALKY9MI0TYY,focus,1176,on,1493613635283
A174BCWX0VMM1B:3HVVDCPGTES87MMNHGHALKY9MI0TYY,focus,21700,off,1493613656983
A174BCWX0VMM1B:3HVVDCPGTES87MMNHGHALKY9MI0TYY,focus,899,on,1493613657882
A174BCWX0VMM1B:3HVVDCPGTES87MMNHGHALKY9MI0TYY,focus,32946,off,1493613690828
A174BCWX0VMM1B:3HVVDCPGTES87MMNHGHALKY9MI0TYY,focus,1161,on,1493613691989
A174BCWX0VMM1B:3HVVDCPGTES87MMNHGHALKY9MI0TYY,focus,74730,off,1493613766719
A174BCWX0VMM1B:3HVVDCPGTES87MMNHGHALKY9MI0TYY,focus,2291,on,1493613769010
A174BCWX0VMM1B:3HVVDCPGTES87MMNHGHALKY9MI0TYY,focus,7980,off,1493613776990
A174BCWX0VMM1B:3HVVDCPGTES87MMNHGHALKY9MI0TYY,focus,95442,on,1493613872432
A174BCWX0VMM1B:3HVVDCPGTES87MMNHGHALKY9MI0TYY,focus,22998,off,1493613895430
A174BCWX0VMM1B:3HVVDCPGTES87MMNHGHALKY9MI0TYY,focus,13,on,1493613895443
A174BCWX0VMM1B:3HVVDCPGTES87MMNHGHALKY9MI0TYY,focus,116,off,1493613895559
A174BCWX0VMM1B:3HVVDCPGTES87MMNHGHALKY9MI0TYY,focus,17690,on,1493613913249
A174BCWX0VMM1B:3HVVDCPGTES87MMNHGHALKY9MI0TYY,focus,281,off,1493613913530
A174BCWX0VMM1B:3HVVDCPGTES87MMNHGHALKY9MI0TYY,focus,748,on,1493613914278
A174BCWX0VMM1B:3HVVDCPGTES87MMNHGHALKY9MI0TYY,focus,12885,off,1493613927163
A174BCWX0VMM1B:3HVVDCPGTES87MMNHGHALKY9MI0TYY,focus,1194,on,1493613928357
A174BCWX0VMM1B:3HVVDCPGTES87MMNHGHALKY9MI0TYY,focus,536265,off,1493614464622
A174BCWX0VMM1B:3HVVDCPGTES87MMNHGHALKY9MI0TYY,focus,4627,on,1493614469249
A174BCWX0VMM1B:3HVVDCPGTES87MMNHGHALKY9MI0TYY,focus,1523,off,1493614470772
A174BCWX0VMM1B:3HVVDCPGTES87MMNHGHALKY9MI0TYY,focus,6642,on,1493614477414
A1FLNAFLLO3UPK:3LKC68YZ3A3O5PMF6YDN6D76C2HWOE,initialized,0,,1493607810161
A1FLNAFLLO3UPK:3LKC68YZ3A3O5PMF6YDN6D76C2HWOE,window_resize,0,"[1126, 845]",1493607810161
A1FLNAFLLO3UPK:3LKC68YZ3A3O5PMF6YDN6D76C2HWOE,focus,217,on,1493607810378
A1FLNAFLLO3UPK:3LKC68YZ3A3O5PMF6YDN6D76C2HWOE,focus,36428,off,1493607846806
A1FLNAFLLO3UPK:3LKC68YZ3A3O5PMF6YDN6D76C2HWOE,focus,133,on,1493607846939
A1FLNAFLLO3UPK:3LKC68YZ3A3O5PMF6YDN6D76C2HWOE,focus,10,off,1493607846949
A1FLNAFLLO3UPK:3LKC68YZ3A3O5PMF6YDN6D76C2HWOE,focus,189,on,1493607847138
A1FLNAFLLO3UPK:3LKC68YZ3A3O5PMF6YDN6D76C2HWOE,focus,573,off,1493607847711
A1FLNAFLLO3UPK:3LKC68YZ3A3O5PMF6YDN6D76C2HWOE,focus,2467,on,1493607850178
A1FLNAFLLO3UPK:3LKC68YZ3A3O5PMF6YDN6D76C2HWOE,focus,378,off,1493607850556
A1FLNAFLLO3UPK:3LKC68YZ3A3O5PMF6YDN6D76C2HWOE,focus,3471,on,1493607854027
A1FLNAFLLO3UPK:3LKC68YZ3A3O5PMF6YDN6D76C2HWOE,focus,364997,off,1493608219024
A1FLNAFLLO3UPK:3LKC68YZ3A3O5PMF6YDN6D76C2HWOE,focus,87,on,1493608219111
A1FLNAFLLO3UPK:3LKC68YZ3A3O5PMF6YDN6D76C2HWOE,focus,7,off,1493608219118
A1FLNAFLLO3UPK:3LKC68YZ3A3O5PMF6YDN6D76C2HWOE,focus,191,on,1493608219309
A1FLNAFLLO3UPK:3LKC68YZ3A3O5PMF6YDN6D76C2HWOE,focus,533,off,1493608219842
A1FLNAFLLO3UPK:3LKC68YZ3A3O5PMF6YDN6D76C2HWOE,focus,2613,on,1493608222455
A1FLNAFLLO3UPK:3LKC68YZ3A3O5PMF6YDN6D76C2HWOE,focus,326,off,1493608222781
A1FLNAFLLO3UPK:3LKC68YZ3A3O5PMF6YDN6D76C2HWOE,focus,593,on,1493608223374
A1FLNAFLLO3UPK:3LKC68YZ3A3O5PMF6YDN6D76C2HWOE,focus,3538,off,1493608226912
A1FLNAFLLO3UPK:3LKC68YZ3A3O5PMF6YDN6D76C2HWOE,focus,132,on,1493608227044
A1FLNAFLLO3UPK:3LKC68YZ3A3O5PMF6YDN6D76C2HWOE,focus,9,off,1493608227053
A1FLNAFLLO3UPK:3LKC68YZ3A3O5PMF6YDN6D76C2HWOE,focus,192,on,1493608227245
A1FLNAFLLO3UPK:3LKC68YZ3A3O5PMF6YDN6D76C2HWOE,focus,480,off,1493608227725
A1FLNAFLLO3UPK:3LKC68YZ3A3O5PMF6YDN6D76C2HWOE,focus,3508,on,1493608231233
A1FLNAFLLO3UPK:3LKC68YZ3A3O5PMF6YDN6D76C2HWOE,focus,329,off,1493608231562
A1FLNAFLLO3UPK:3LKC68YZ3A3O5PMF6YDN6D76C2HWOE,focus,3548,on,1493608235110
A1FLNAFLLO3UPK:3LKC68YZ3A3O5PMF6YDN6D76C2HWOE,focus,5167,off,1493608240277
A1FLNAFLLO3UPK:3LKC68YZ3A3O5PMF6YDN6D76C2HWOE,focus,133,on,1493608240410
A1FLNAFLLO3UPK:3LKC68YZ3A3O5PMF6YDN6D76C2HWOE,focus,8,off,1493608240418
A1FLNAFLLO3UPK:3LKC68YZ3A3O5PMF6YDN6D76C2HWOE,focus,188,on,1493608240606
A1FLNAFLLO3UPK:3LKC68YZ3A3O5PMF6YDN6D76C2HWOE,focus,502,off,1493608241108
A1FLNAFLLO3UPK:3LKC68YZ3A3O5PMF6YDN6D76C2HWOE,focus,2176,on,1493608243284
A1FLNAFLLO3UPK:3LKC68YZ3A3O5PMF6YDN6D76C2HWOE,focus,326,off,1493608243610
A1FLNAFLLO3UPK:3LKC68YZ3A3O5PMF6YDN6D76C2HWOE,focus,2352,on,1493608245962
A1FLNAFLLO3UPK:3LKC68YZ3A3O5PMF6YDN6D76C2HWOE,focus,6729,off,1493608252691
A1FLNAFLLO3UPK:3LKC68YZ3A3O5PMF6YDN6D76C2HWOE,focus,34879,on,1493608287570
A1FLNAFLLO3UPK:3LKC68YZ3A3O5PMF6YDN6D76C2HWOE,focus,38718,off,1493608326288
A1FLNAFLLO3UPK:3LKC68YZ3A3O5PMF6YDN6D76C2HWOE,focus,10508,on,1493608336796
A1FLNAFLLO3UPK:3LKC68YZ3A3O5PMF6YDN6D76C2HWOE,focus,8467,off,1493608345263
A1FLNAFLLO3UPK:3LKC68YZ3A3O5PMF6YDN6D76C2HWOE,focus,0,on,1493608345263
A1FLNAFLLO3UPK:3LKC68YZ3A3O5PMF6YDN6D76C2HWOE,focus,35353,off,1493608380616
A1FLNAFLLO3UPK:3LKC68YZ3A3O5PMF6YDN6D76C2HWOE,focus,5922,on,1493608386538
A1FLNAFLLO3UPK:3LKC68YZ3A3O5PMF6YDN6D76C2HWOE,focus,13691,off,1493608400229
A1FLNAFLLO3UPK:3LKC68YZ3A3O5PMF6YDN6D76C2HWOE,focus,13634,on,1493608413863
A1FLNAFLLO3UPK:3LKC68YZ3A3O5PMF6YDN6D76C2HWOE,focus,16891,off,1493608430754
A1FLNAFLLO3UPK:3LKC68YZ3A3O5PMF6YDN6D76C2HWOE,focus,17153,on,1493608447907
A1FLNAFLLO3UPK:3LKC68YZ3A3O5PMF6YDN6D76C2HWOE,focus,244053,off,1493608691960
A1FLNAFLLO3UPK:3LKC68YZ3A3O5PMF6YDN6D76C2HWOE,focus,1687,on,1493608693647
A1FLNAFLLO3UPK:3LKC68YZ3A3O5PMF6YDN6D76C2HWOE,focus,90561,off,1493608784208
A1FLNAFLLO3UPK:3LKC68YZ3A3O5PMF6YDN6D76C2HWOE,focus,5778,on,1493608789986
A1GXFMAC759VRM:3X4MXAO0BGOR22EVYQUR08CBNP1RWI,initialized,0,,1493607121261
A1GXFMAC759VRM:3X4MXAO0BGOR22EVYQUR08CBNP1RWI,window_resize,0,"[1024, 768]",1493607121261
A1GXFMAC759VRM:3X4MXAO0BGOR22EVYQUR08CBNP1RWI,window_resize,17425,"[1109, 822]",1493607138686
A1GXFMAC759VRM:3X4MXAO0BGOR22EVYQUR08CBNP1RWI,window_resize,525,"[1115, 822]",1493607139211
A1GXFMAC759VRM:3X4MXAO0BGOR22EVYQUR08CBNP1RWI,focus,129328,off,1493607268539
A1GXFMAC759VRM:3X4MXAO0BGOR22EVYQUR08CBNP1RWI,focus,2,on,1493607268541
A1GXFMAC759VRM:3X4MXAO0BGOR22EVYQUR08CBNP1RWI,focus,38493,off,1493607307034
A1GXFMAC759VRM:3X4MXAO0BGOR22EVYQUR08CBNP1RWI,focus,1,on,1493607307035
A1GXFMAC759VRM:3X4MXAO0BGOR22EVYQUR08CBNP1RWI,focus,416432,off,1493607723467
A1GXFMAC759VRM:3X4MXAO0BGOR22EVYQUR08CBNP1RWI,focus,8871,on,1493607732338
A1J21DM2Z753X4:3XUHV3NRVKYK0PL86KVOW4XSGJ1H5W,initialized,0,,1493612153602
A1J21DM2Z753X4:3XUHV3NRVKYK0PL86KVOW4XSGJ1H5W,window_resize,0,"[1600, 812]",1493612153602
A1J21DM2Z753X4:3XUHV3NRVKYK0PL86KVOW4XSGJ1H5W,focus,247,on,1493612153849
A1J21DM2Z753X4:3XUHV3NRVKYK0PL86KVOW4XSGJ1H5W,focus,137482,off,1493612291331
A1J21DM2Z753X4:3XUHV3NRVKYK0PL86KVOW4XSGJ1H5W,focus,1,on,1493612291332
A1J21DM2Z753X4:3XUHV3NRVKYK0PL86KVOW4XSGJ1H5W,focus,134588,off,1493612425920
A1J21DM2Z753X4:3XUHV3NRVKYK0PL86KVOW4XSGJ1H5W,focus,22907,on,1493612448827
A1J21DM2Z753X4:3XUHV3NRVKYK0PL86KVOW4XSGJ1H5W,focus,1565,off,1493612450392
A1J21DM2Z753X4:3XUHV3NRVKYK0PL86KVOW4XSGJ1H5W,focus,18763,on,1493612469155
A1J21DM2Z753X4:3XUHV3NRVKYK0PL86KVOW4XSGJ1H5W,focus,20933,off,1493612490088
A1J21DM2Z753X4:3XUHV3NRVKYK0PL86KVOW4XSGJ1H5W,focus,13672,on,1493612503760
A1J21DM2Z753X4:3XUHV3NRVKYK0PL86KVOW4XSGJ1H5W,focus,122427,off,1493612626187
A1J21DM2Z753X4:3XUHV3NRVKYK0PL86KVOW4XSGJ1H5W,focus,10833,on,1493612637020
A1J21DM2Z753X4:3XUHV3NRVKYK0PL86KVOW4XSGJ1H5W,focus,73741,off,1493612710761
A1J21DM2Z753X4:3XUHV3NRVKYK0PL86KVOW4XSGJ1H5W,focus,5879,on,1493612716640
A1L3937MY09J3I:3DR23U6WE5EA1H5WHF5GEH6T46UET3,initialized,0,,1493607871140
A1L3937MY09J3I:3DR23U6WE5EA1H5WHF5GEH6T46UET3,window_resize,0,"[1024, 768]",1493607871140
A1L3937MY09J3I:3DR23U6WE5EA1H5WHF5GEH6T46UET3,focus,100507,off,1493607971647
A1L3937MY09J3I:3DR23U6WE5EA1H5WHF5GEH6T46UET3,focus,1,on,1493607971648
A1L3937MY09J3I:3DR23U6WE5EA1H5WHF5GEH6T46UET3,focus,83732,off,1493608055380
A1L3937MY09J3I:3DR23U6WE5EA1H5WHF5GEH6T46UET3,focus,1,on,1493608055381
A1MIR0TP081SKT:34J10VATJFY9P6FQWU1CURTYCS3IQ3,initialized,0,,1493611456634
A1MIR0TP081SKT:34J10VATJFY9P6FQWU1CURTYCS3IQ3,window_resize,0,"[1366, 677]",1493611456634
A1MIR0TP081SKT:34J10VATJFY9P6FQWU1CURTYCS3IQ3,focus,47281,off,1493611503915
A1MIR0TP081SKT:34J10VATJFY9P6FQWU1CURTYCS3IQ3,focus,3109,on,1493611507024
A1MIR0TP081SKT:34J10VATJFY9P6FQWU1CURTYCS3IQ3,focus,212139,off,1493611719163
A1MIR0TP081SKT:34J10VATJFY9P6FQWU1CURTYCS3IQ3,focus,1,on,1493611719164
A1MIR0TP081SKT:34J10VATJFY9P6FQWU1CURTYCS3IQ3,focus,97519,off,1493611816683
A1MIR0TP081SKT:34J10VATJFY9P6FQWU1CURTYCS3IQ3,focus,0,on,1493611816683
A1MIR0TP081SKT:34J10VATJFY9P6FQWU1CURTYCS3IQ3,focus,36801,off,1493611853484
A1MIR0TP081SKT:34J10VATJFY9P6FQWU1CURTYCS3IQ3,focus,0,on,1493611853484
A1MIR0TP081SKT:34J10VATJFY9P6FQWU1CURTYCS3IQ3,focus,27975,off,1493611881459
A1MIR0TP081SKT:34J10VATJFY9P6FQWU1CURTYCS3IQ3,focus,0,on,1493611881459
A1MIR0TP081SKT:34J10VATJFY9P6FQWU1CURTYCS3IQ3,focus,160103,off,1493612041562
A1MIR0TP081SKT:34J10VATJFY9P6FQWU1CURTYCS3IQ3,focus,0,on,1493612041562
A1MIR0TP081SKT:34J10VATJFY9P6FQWU1CURTYCS3IQ3,focus,65913,off,1493612107475
A1MIR0TP081SKT:34J10VATJFY9P6FQWU1CURTYCS3IQ3,focus,0,on,1493612107475
A1MIR0TP081SKT:34J10VATJFY9P6FQWU1CURTYCS3IQ3,focus,68134,off,1493612175609
A1MIR0TP081SKT:34J10VATJFY9P6FQWU1CURTYCS3IQ3,focus,1,on,1493612175610
A1MIR0TP081SKT:34J10VATJFY9P6FQWU1CURTYCS3IQ3,focus,194582,off,1493612370192
A1MIR0TP081SKT:34J10VATJFY9P6FQWU1CURTYCS3IQ3,focus,1,on,1493612370193
A1MIR0TP081SKT:34J10VATJFY9P6FQWU1CURTYCS3IQ3,focus,149255,off,1493612519448
A1MIR0TP081SKT:34J10VATJFY9P6FQWU1CURTYCS3IQ3,focus,0,on,1493612519448
A1MIR0TP081SKT:34J10VATJFY9P6FQWU1CURTYCS3IQ3,focus,26456,off,1493612545904
A1MIR0TP081SKT:34J10VATJFY9P6FQWU1CURTYCS3IQ3,focus,0,on,1493612545904
A1MIR0TP081SKT:34J10VATJFY9P6FQWU1CURTYCS3IQ3,focus,21369,off,1493612567273
A1MIR0TP081SKT:34J10VATJFY9P6FQWU1CURTYCS3IQ3,focus,0,on,1493612567273
A1MIR0TP081SKT:34J10VATJFY9P6FQWU1CURTYCS3IQ3,focus,27583,off,1493612594856
A1MIR0TP081SKT:34J10VATJFY9P6FQWU1CURTYCS3IQ3,focus,0,on,1493612594856
A1MIR0TP081SKT:34J10VATJFY9P6FQWU1CURTYCS3IQ3,focus,31568,off,1493612626424
A1MIR0TP081SKT:34J10VATJFY9P6FQWU1CURTYCS3IQ3,focus,0,on,1493612626424
A1MIR0TP081SKT:34J10VATJFY9P6FQWU1CURTYCS3IQ3,focus,60256,off,1493612686680
A1MIR0TP081SKT:34J10VATJFY9P6FQWU1CURTYCS3IQ3,focus,0,on,1493612686680
A1MIR0TP081SKT:34J10VATJFY9P6FQWU1CURTYCS3IQ3,focus,123951,off,1493612810631
A1MIR0TP081SKT:34J10VATJFY9P6FQWU1CURTYCS3IQ3,focus,1,on,1493612810632
A1MIR0TP081SKT:34J10VATJFY9P6FQWU1CURTYCS3IQ3,focus,70114,off,1493612880746
A1MIR0TP081SKT:34J10VATJFY9P6FQWU1CURTYCS3IQ3,focus,0,on,1493612880746
A1MIR0TP081SKT:34J10VATJFY9P6FQWU1CURTYCS3IQ3,focus,23669,off,1493612904415
A1MIR0TP081SKT:34J10VATJFY9P6FQWU1CURTYCS3IQ3,focus,0,on,1493612904415
A1MIR0TP081SKT:34J10VATJFY9P6FQWU1CURTYCS3IQ3,focus,15536,off,1493612919951
A1MIR0TP081SKT:34J10VATJFY9P6FQWU1CURTYCS3IQ3,focus,0,on,1493612919951
A1MIR0TP081SKT:34J10VATJFY9P6FQWU1CURTYCS3IQ3,focus,21784,off,1493612941735
A1MIR0TP081SKT:34J10VATJFY9P6FQWU1CURTYCS3IQ3,focus,1,on,1493612941736
A1MIR0TP081SKT:34J10VATJFY9P6FQWU1CURTYCS3IQ3,focus,21359,off,1493612963095
A1MIR0TP081SKT:34J10VATJFY9P6FQWU1CURTYCS3IQ3,focus,1,on,1493612963096
A1MIR0TP081SKT:34J10VATJFY9P6FQWU1CURTYCS3IQ3,focus,26471,off,1493612989567
A1MIR0TP081SKT:34J10VATJFY9P6FQWU1CURTYCS3IQ3,focus,0,on,1493612989567
A1MIR0TP081SKT:34J10VATJFY9P6FQWU1CURTYCS3IQ3,focus,94696,off,1493613084263
A1MIR0TP081SKT:34J10VATJFY9P6FQWU1CURTYCS3IQ3,focus,0,on,1493613084263
A1MIR0TP081SKT:34J10VATJFY9P6FQWU1CURTYCS3IQ3,focus,79671,off,1493613163934
A1MIR0TP081SKT:34J10VATJFY9P6FQWU1CURTYCS3IQ3,focus,0,on,1493613163934
A1MIR0TP081SKT:34J10VATJFY9P6FQWU1CURTYCS3IQ3,focus,145888,off,1493613309822
A1MIR0TP081SKT:34J10VATJFY9P6FQWU1CURTYCS3IQ3,focus,0,on,1493613309822
A1MIR0TP081SKT:34J10VATJFY9P6FQWU1CURTYCS3IQ3,focus,1879,off,1493613311701
A1MIR0TP081SKT:34J10VATJFY9P6FQWU1CURTYCS3IQ3,focus,53788,on,1493613365489
A1MIR0TP081SKT:34J10VATJFY9P6FQWU1CURTYCS3IQ3,focus,23444,off,1493613388933
A1MIR0TP081SKT:34J10VATJFY9P6FQWU1CURTYCS3IQ3,focus,0,on,1493613388933
A1MIR0TP081SKT:34J10VATJFY9P6FQWU1CURTYCS3IQ3,focus,16728,off,1493613405661
A1MIR0TP081SKT:34J10VATJFY9P6FQWU1CURTYCS3IQ3,focus,1,on,1493613405662
A1MIR0TP081SKT:34J10VATJFY9P6FQWU1CURTYCS3IQ3,focus,111377,off,1493613517039
A1MIR0TP081SKT:34J10VATJFY9P6FQWU1CURTYCS3IQ3,focus,0,on,1493613517039
A1MIR0TP081SKT:34J10VATJFY9P6FQWU1CURTYCS3IQ3,focus,20350,off,1493613537389
A1MIR0TP081SKT:34J10VATJFY9P6FQWU1CURTYCS3IQ3,focus,1,on,1493613537390
A1MIR0TP081SKT:34J10VATJFY9P6FQWU1CURTYCS3IQ3,focus,135821,off,1493613673211
A1MIR0TP081SKT:34J10VATJFY9P6FQWU1CURTYCS3IQ3,focus,4090,on,1493613677301
A1MIR0TP081SKT:34J10VATJFY9P6FQWU1CURTYCS3IQ3,focus,0,off,1493613677301
A1MIR0TP081SKT:34J10VATJFY9P6FQWU1CURTYCS3IQ3,focus,2,on,1493613677303
A1MIR0TP081SKT:34J10VATJFY9P6FQWU1CURTYCS3IQ3,focus,2779,off,1493613680082
A1MIR0TP081SKT:34J10VATJFY9P6FQWU1CURTYCS3IQ3,focus,15568,on,1493613695650
A1NUKP1UCT2R2R:3YDGXNSEOZU9BVGFPBI8EZYFD4G48Z,initialized,0,,1493609343193
A1NUKP1UCT2R2R:3YDGXNSEOZU9BVGFPBI8EZYFD4G48Z,window_resize,0,"[1024, 768]",1493609343193
A1NUKP1UCT2R2R:3YDGXNSEOZU9BVGFPBI8EZYFD4G48Z,window_resize,2443,"[1920, 1029]",1493609345636
A1NUKP1UCT2R2R:3YDGXNSEOZU9BVGFPBI8EZYFD4G48Z,focus,14087,off,1493609359723
A1NUKP1UCT2R2R:3YDGXNSEOZU9BVGFPBI8EZYFD4G48Z,focus,49851,on,1493609409574
A1NUKP1UCT2R2R:3YDGXNSEOZU9BVGFPBI8EZYFD4G48Z,focus,82462,off,1493609492036
A1NUKP1UCT2R2R:3YDGXNSEOZU9BVGFPBI8EZYFD4G48Z,focus,5,on,1493609492041
A1NUKP1UCT2R2R:3YDGXNSEOZU9BVGFPBI8EZYFD4G48Z,focus,28001,off,1493609520042
A1NUKP1UCT2R2R:3YDGXNSEOZU9BVGFPBI8EZYFD4G48Z,focus,4,on,1493609520046
A1NUKP1UCT2R2R:3YDGXNSEOZU9BVGFPBI8EZYFD4G48Z,focus,95244,off,1493609615290
A1NUKP1UCT2R2R:3YDGXNSEOZU9BVGFPBI8EZYFD4G48Z,focus,15,on,1493609615305
A1NUKP1UCT2R2R:3YDGXNSEOZU9BVGFPBI8EZYFD4G48Z,focus,106545,off,1493609721850
A1NUKP1UCT2R2R:3YDGXNSEOZU9BVGFPBI8EZYFD4G48Z,focus,8335,on,1493609730185
A1NUKP1UCT2R2R:3YDGXNSEOZU9BVGFPBI8EZYFD4G48Z,focus,124627,off,1493609854812
A1NUKP1UCT2R2R:3YDGXNSEOZU9BVGFPBI8EZYFD4G48Z,focus,2102,on,1493609856914
A1OK974KXKO6FJ:3M68NM076H7T8NZP78HN2EDYZN96RX,initialized,0,,1493607093336
A1OK974KXKO6FJ:3M68NM076H7T8NZP78HN2EDYZN96RX,window_resize,0,"[1024, 713]",1493607093336
A1OK974KXKO6FJ:3M68NM076H7T8NZP78HN2EDYZN96RX,focus,146321,off,1493607239657
A1OK974KXKO6FJ:3M68NM076H7T8NZP78HN2EDYZN96RX,focus,5,on,1493607239662
A1OK974KXKO6FJ:3M68NM076H7T8NZP78HN2EDYZN96RX,window_resize,2918,"[822, 713]",1493607242580
A1OK974KXKO6FJ:3M68NM076H7T8NZP78HN2EDYZN96RX,window_resize,515,"[920, 713]",1493607243095
A1OK974KXKO6FJ:3M68NM076H7T8NZP78HN2EDYZN96RX,window_resize,1271,"[1366, 717]",1493607244366
A1SP4XA17LVUQI:3SLE99ER0ND8GQ2BDGS8ZX1PM52ZB3,initialized,0,,1493607177589
A1SP4XA17LVUQI:3SLE99ER0ND8GQ2BDGS8ZX1PM52ZB3,window_resize,0,"[1024, 713]",1493607177589
A1SP4XA17LVUQI:3SLE99ER0ND8GQ2BDGS8ZX1PM52ZB3,focus,56616,off,1493607234205
A1SP4XA17LVUQI:3SLE99ER0ND8GQ2BDGS8ZX1PM52ZB3,focus,682022,on,1493607916227
A1SP4XA17LVUQI:3SLE99ER0ND8GQ2BDGS8ZX1PM52ZB3,focus,8539,off,1493607924766
A1SP4XA17LVUQI:3SLE99ER0ND8GQ2BDGS8ZX1PM52ZB3,focus,1202621,on,1493609127387
A1SP4XA17LVUQI:3SLE99ER0ND8GQ2BDGS8ZX1PM52ZB3,focus,62478,off,1493609189865
A1SP4XA17LVUQI:3SLE99ER0ND8GQ2BDGS8ZX1PM52ZB3,focus,1,on,1493609189866
A1SP4XA17LVUQI:3SLE99ER0ND8GQ2BDGS8ZX1PM52ZB3,focus,82962,off,1493609272828
A1SP4XA17LVUQI:3SLE99ER0ND8GQ2BDGS8ZX1PM52ZB3,focus,0,on,1493609272828
A1SP4XA17LVUQI:3SLE99ER0ND8GQ2BDGS8ZX1PM52ZB3,focus,91978,off,1493609364806
A1SP4XA17LVUQI:3SLE99ER0ND8GQ2BDGS8ZX1PM52ZB3,focus,0,on,1493609364806
A1SP4XA17LVUQI:3SLE99ER0ND8GQ2BDGS8ZX1PM52ZB3,focus,34869,off,1493609399675
A1SP4XA17LVUQI:3SLE99ER0ND8GQ2BDGS8ZX1PM52ZB3,focus,1,on,1493609399676
A1SP4XA17LVUQI:3SLE99ER0ND8GQ2BDGS8ZX1PM52ZB3,focus,24584,off,1493609424260
A1SP4XA17LVUQI:3SLE99ER0ND8GQ2BDGS8ZX1PM52ZB3,focus,0,on,1493609424260
A1SP4XA17LVUQI:3SLE99ER0ND8GQ2BDGS8ZX1PM52ZB3,focus,83739,off,1493609507999
A1SP4XA17LVUQI:3SLE99ER0ND8GQ2BDGS8ZX1PM52ZB3,focus,1,on,1493609508000
A1SP4XA17LVUQI:3SLE99ER0ND8GQ2BDGS8ZX1PM52ZB3,focus,22748,off,1493609530748
A1SP4XA17LVUQI:3SLE99ER0ND8GQ2BDGS8ZX1PM52ZB3,focus,5329,on,1493609536077
A1SP4XA17LVUQI:3SLE99ER0ND8GQ2BDGS8ZX1PM52ZB3,focus,8173,off,1493609544250
A1SP4XA17LVUQI:3SLE99ER0ND8GQ2BDGS8ZX1PM52ZB3,focus,7565,on,1493609551815
A1SP4XA17LVUQI:3SLE99ER0ND8GQ2BDGS8ZX1PM52ZB3,focus,39277,off,1493609591092
A1SP4XA17LVUQI:3SLE99ER0ND8GQ2BDGS8ZX1PM52ZB3,focus,0,on,1493609591092
A1SP4XA17LVUQI:3SLE99ER0ND8GQ2BDGS8ZX1PM52ZB3,focus,22680,off,1493609613772
A1SP4XA17LVUQI:3SLE99ER0ND8GQ2BDGS8ZX1PM52ZB3,focus,0,on,1493609613772
A1SP4XA17LVUQI:3SLE99ER0ND8GQ2BDGS8ZX1PM52ZB3,focus,4841,off,1493609618613
A1SP4XA17LVUQI:3SLE99ER0ND8GQ2BDGS8ZX1PM52ZB3,focus,18342,on,1493609636955
A1SP4XA17LVUQI:3SLE99ER0ND8GQ2BDGS8ZX1PM52ZB3,focus,2807,off,1493609639762
A1SP4XA17LVUQI:3SLE99ER0ND8GQ2BDGS8ZX1PM52ZB3,focus,389457,on,1493610029219
A1SP4XA17LVUQI:3SLE99ER0ND8GQ2BDGS8ZX1PM52ZB3,focus,41875,off,1493610071094
A1SP4XA17LVUQI:3SLE99ER0ND8GQ2BDGS8ZX1PM52ZB3,focus,23498,on,1493610094592
A1SP4XA17LVUQI:3SLE99ER0ND8GQ2BDGS8ZX1PM52ZB3,focus,39920,off,1493610134512
A1SP4XA17LVUQI:3SLE99ER0ND8GQ2BDGS8ZX1PM52ZB3,focus,1,on,1493610134513
A1SP4XA17LVUQI:3SLE99ER0ND8GQ2BDGS8ZX1PM52ZB3,focus,57900,off,1493610192413
A1SP4XA17LVUQI:3SLE99ER0ND8GQ2BDGS8ZX1PM52ZB3,focus,1,on,1493610192414
A1SP4XA17LVUQI:3SLE99ER0ND8GQ2BDGS8ZX1PM52ZB3,focus,55303,off,1493610247717
A1SP4XA17LVUQI:3SLE99ER0ND8GQ2BDGS8ZX1PM52ZB3,focus,0,on,1493610247717
A1SP4XA17LVUQI:3SLE99ER0ND8GQ2BDGS8ZX1PM52ZB3,focus,42838,off,1493610290555
A1SP4XA17LVUQI:3SLE99ER0ND8GQ2BDGS8ZX1PM52ZB3,focus,1,on,1493610290556
A1SP4XA17LVUQI:3SLE99ER0ND8GQ2BDGS8ZX1PM52ZB3,focus,36966,off,1493610327522
A1SP4XA17LVUQI:3SLE99ER0ND8GQ2BDGS8ZX1PM52ZB3,focus,1,on,1493610327523
A1SP4XA17LVUQI:3SLE99ER0ND8GQ2BDGS8ZX1PM52ZB3,focus,32911,off,1493610360434
A1SP4XA17LVUQI:3SLE99ER0ND8GQ2BDGS8ZX1PM52ZB3,focus,0,on,1493610360434
A1SP4XA17LVUQI:3SLE99ER0ND8GQ2BDGS8ZX1PM52ZB3,focus,22175,off,1493610382609
A1SP4XA17LVUQI:3SLE99ER0ND8GQ2BDGS8ZX1PM52ZB3,focus,0,on,1493610382609
A1SP4XA17LVUQI:3SLE99ER0ND8GQ2BDGS8ZX1PM52ZB3,focus,22455,off,1493610405064
A1SP4XA17LVUQI:3SLE99ER0ND8GQ2BDGS8ZX1PM52ZB3,focus,1,on,1493610405065
A1SP4XA17LVUQI:3SLE99ER0ND8GQ2BDGS8ZX1PM52ZB3,focus,28327,off,1493610433392
A1SP4XA17LVUQI:3SLE99ER0ND8GQ2BDGS8ZX1PM52ZB3,focus,0,on,1493610433392
A1SP4XA17LVUQI:3SLE99ER0ND8GQ2BDGS8ZX1PM52ZB3,focus,101595,off,1493610534987
A1SP4XA17LVUQI:3SLE99ER0ND8GQ2BDGS8ZX1PM52ZB3,focus,0,on,1493610534987
A1SP4XA17LVUQI:3SLE99ER0ND8GQ2BDGS8ZX1PM52ZB3,focus,49791,off,1493610584778
A1SP4XA17LVUQI:3SLE99ER0ND8GQ2BDGS8ZX1PM52ZB3,focus,1,on,1493610584779
A1SP4XA17LVUQI:3SLE99ER0ND8GQ2BDGS8ZX1PM52ZB3,focus,61237,off,1493610646016
A1SP4XA17LVUQI:3SLE99ER0ND8GQ2BDGS8ZX1PM52ZB3,focus,1,on,1493610646017
A1SP4XA17LVUQI:3SLE99ER0ND8GQ2BDGS8ZX1PM52ZB3,focus,90282,off,1493610736299
A1SP4XA17LVUQI:3SLE99ER0ND8GQ2BDGS8ZX1PM52ZB3,focus,7558,on,1493610743857
A1SP4XA17LVUQI:3SLE99ER0ND8GQ2BDGS8ZX1PM52ZB3,focus,38627,off,1493610782484
A1SP4XA17LVUQI:3SLE99ER0ND8GQ2BDGS8ZX1PM52ZB3,focus,6656,on,1493610789140
A1SP4XA17LVUQI:3SLE99ER0ND8GQ2BDGS8ZX1PM52ZB3,focus,307745,off,1493611096885
A1SP4XA17LVUQI:3SLE99ER0ND8GQ2BDGS8ZX1PM52ZB3,focus,7709,on,1493611104594
A1XVZCQ983ETMR:345LHZDEDXSMRW4OS0EU0MOYWVAU3I,initialized,0,,1493607528922
A1XVZCQ983ETMR:345LHZDEDXSMRW4OS0EU0MOYWVAU3I,window_resize,0,"[1024, 721]",1493607528922
A1XVZCQ983ETMR:345LHZDEDXSMRW4OS0EU0MOYWVAU3I,focus,16339,off,1493607545261
A1XVZCQ983ETMR:345LHZDEDXSMRW4OS0EU0MOYWVAU3I,focus,5578,on,1493607550839
A1XVZCQ983ETMR:345LHZDEDXSMRW4OS0EU0MOYWVAU3I,focus,3968,off,1493607554807
A1XVZCQ983ETMR:345LHZDEDXSMRW4OS0EU0MOYWVAU3I,focus,7728,on,1493607562535
A1XVZCQ983ETMR:345LHZDEDXSMRW4OS0EU0MOYWVAU3I,focus,52878,off,1493607615413
A1XVZCQ983ETMR:345LHZDEDXSMRW4OS0EU0MOYWVAU3I,focus,1,on,1493607615414
A1XVZCQ983ETMR:345LHZDEDXSMRW4OS0EU0MOYWVAU3I,focus,6841,off,1493607622255
A1XVZCQ983ETMR:345LHZDEDXSMRW4OS0EU0MOYWVAU3I,focus,38394,on,1493607660649
A1XVZCQ983ETMR:345LHZDEDXSMRW4OS0EU0MOYWVAU3I,focus,47848,off,1493607708497
A1XVZCQ983ETMR:345LHZDEDXSMRW4OS0EU0MOYWVAU3I,focus,74895,on,1493607783392
A1XVZCQ983ETMR:345LHZDEDXSMRW4OS0EU0MOYWVAU3I,focus,4033,off,1493607787425
A1XVZCQ983ETMR:345LHZDEDXSMRW4OS0EU0MOYWVAU3I,focus,1,on,1493607787426
A1XVZCQ983ETMR:345LHZDEDXSMRW4OS0EU0MOYWVAU3I,focus,8843,off,1493607796269
A1XVZCQ983ETMR:345LHZDEDXSMRW4OS0EU0MOYWVAU3I,focus,4116,on,1493607800385
A1XVZCQ983ETMR:345LHZDEDXSMRW4OS0EU0MOYWVAU3I,focus,48411,off,1493607848796
A1XVZCQ983ETMR:345LHZDEDXSMRW4OS0EU0MOYWVAU3I,focus,5703,on,1493607854499
A1XVZCQ983ETMR:345LHZDEDXSMRW4OS0EU0MOYWVAU3I,focus,1806,off,1493607856305
A1XVZCQ983ETMR:345LHZDEDXSMRW4OS0EU0MOYWVAU3I,focus,19549,on,1493607875854
A1XVZCQ983ETMR:345LHZDEDXSMRW4OS0EU0MOYWVAU3I,focus,32717,off,1493607908571
A1XVZCQ983ETMR:345LHZDEDXSMRW4OS0EU0MOYWVAU3I,focus,6681,on,1493607915252
A1XVZCQ983ETMR:345LHZDEDXSMRW4OS0EU0MOYWVAU3I,focus,47108,off,1493607962360
A1XVZCQ983ETMR:345LHZDEDXSMRW4OS0EU0MOYWVAU3I,focus,1929,on,1493607964289
A1XVZCQ983ETMR:345LHZDEDXSMRW4OS0EU0MOYWVAU3I,focus,940,off,1493607965229
A1XVZCQ983ETMR:345LHZDEDXSMRW4OS0EU0MOYWVAU3I,focus,24793,on,1493607990022
A1XVZCQ983ETMR:345LHZDEDXSMRW4OS0EU0MOYWVAU3I,focus,44393,off,1493608034415
A1XVZCQ983ETMR:345LHZDEDXSMRW4OS0EU0MOYWVAU3I,focus,7767,on,1493608042182
A1XVZCQ983ETMR:345LHZDEDXSMRW4OS0EU0MOYWVAU3I,focus,27925,off,1493608070107
A1XVZCQ983ETMR:345LHZDEDXSMRW4OS0EU0MOYWVAU3I,focus,0,on,1493608070107
A1XVZCQ983ETMR:345LHZDEDXSMRW4OS0EU0MOYWVAU3I,focus,21169,off,1493608091276
A1XVZCQ983ETMR:345LHZDEDXSMRW4OS0EU0MOYWVAU3I,focus,0,on,1493608091276
A1XVZCQ983ETMR:345LHZDEDXSMRW4OS0EU0MOYWVAU3I,focus,73545,off,1493608164821
A1XVZCQ983ETMR:345LHZDEDXSMRW4OS0EU0MOYWVAU3I,focus,1,on,1493608164822
A1XVZCQ983ETMR:345LHZDEDXSMRW4OS0EU0MOYWVAU3I,focus,32949,off,1493608197771
A1XVZCQ983ETMR:345LHZDEDXSMRW4OS0EU0MOYWVAU3I,focus,1,on,1493608197772
A1XVZCQ983ETMR:345LHZDEDXSMRW4OS0EU0MOYWVAU3I,focus,31733,off,1493608229505
A1XVZCQ983ETMR:345LHZDEDXSMRW4OS0EU0MOYWVAU3I,focus,11678,on,1493608241183
A1XVZCQ983ETMR:345LHZDEDXSMRW4OS0EU0MOYWVAU3I,focus,62755,off,1493608303938
A1XVZCQ983ETMR:345LHZDEDXSMRW4OS0EU0MOYWVAU3I,focus,1,on,1493608303939
A1XVZCQ983ETMR:345LHZDEDXSMRW4OS0EU0MOYWVAU3I,focus,28379,off,1493608332318
A1XVZCQ983ETMR:345LHZDEDXSMRW4OS0EU0MOYWVAU3I,focus,0,on,1493608332318
A1XVZCQ983ETMR:345LHZDEDXSMRW4OS0EU0MOYWVAU3I,focus,100379,off,1493608432697
A1XVZCQ983ETMR:345LHZDEDXSMRW4OS0EU0MOYWVAU3I,focus,27766,on,1493608460463
A1XVZCQ983ETMR:345LHZDEDXSMRW4OS0EU0MOYWVAU3I,focus,35151,off,1493608495614
A1XVZCQ983ETMR:345LHZDEDXSMRW4OS0EU0MOYWVAU3I,focus,6512,on,1493608502126
A1XVZCQ983ETMR:345LHZDEDXSMRW4OS0EU0MOYWVAU3I,focus,1140,off,1493608503266
A1XVZCQ983ETMR:345LHZDEDXSMRW4OS0EU0MOYWVAU3I,focus,18463,on,1493608521729
A1XVZCQ983ETMR:345LHZDEDXSMRW4OS0EU0MOYWVAU3I,focus,21707,off,1493608543436
A1XVZCQ983ETMR:345LHZDEDXSMRW4OS0EU0MOYWVAU3I,focus,28508,on,1493608571944
A1XVZCQ983ETMR:345LHZDEDXSMRW4OS0EU0MOYWVAU3I,focus,4604,off,1493608576548
A1XVZCQ983ETMR:345LHZDEDXSMRW4OS0EU0MOYWVAU3I,focus,2711,on,1493608579259
A1XVZCQ983ETMR:345LHZDEDXSMRW4OS0EU0MOYWVAU3I,focus,19589,off,1493608598848
A1XVZCQ983ETMR:345LHZDEDXSMRW4OS0EU0MOYWVAU3I,focus,27244,on,1493608626092
A1XVZCQ983ETMR:345LHZDEDXSMRW4OS0EU0MOYWVAU3I,focus,27907,off,1493608653999
A1XVZCQ983ETMR:345LHZDEDXSMRW4OS0EU0MOYWVAU3I,focus,19435,on,1493608673434
A1XVZCQ983ETMR:345LHZDEDXSMRW4OS0EU0MOYWVAU3I,focus,5613,off,1493608679047
A1XVZCQ983ETMR:345LHZDEDXSMRW4OS0EU0MOYWVAU3I,focus,4901,on,1493608683948
A1XVZCQ983ETMR:345LHZDEDXSMRW4OS0EU0MOYWVAU3I,focus,14713,off,1493608698661
A1XVZCQ983ETMR:345LHZDEDXSMRW4OS0EU0MOYWVAU3I,focus,29836,on,1493608728497
A1XVZCQ983ETMR:345LHZDEDXSMRW4OS0EU0MOYWVAU3I,focus,6501,off,1493608734998
A1XVZCQ983ETMR:345LHZDEDXSMRW4OS0EU0MOYWVAU3I,focus,3542,on,1493608738540
A1XVZCQ983ETMR:345LHZDEDXSMRW4OS0EU0MOYWVAU3I,focus,15287,off,1493608753827
A1XVZCQ983ETMR:345LHZDEDXSMRW4OS0EU0MOYWVAU3I,focus,22848,on,1493608776675
A1ZB2NY0F9QNP0:3HMVI3QICJS7Y2AEFXX0FEFEUZ81YW,initialized,0,,1493607305480
A1ZB2NY0F9QNP0:3HMVI3QICJS7Y2AEFXX0FEFEUZ81YW,window_resize,0,"[1024, 746]",1493607305480
A1ZB2NY0F9QNP0:3HMVI3QICJS7Y2AEFXX0FEFEUZ81YW,focus,154202,off,1493607459682
A1ZB2NY0F9QNP0:3HMVI3QICJS7Y2AEFXX0FEFEUZ81YW,focus,1,on,1493607459683
A1ZB2NY0F9QNP0:3HMVI3QICJS7Y2AEFXX0FEFEUZ81YW,focus,186865,off,1493607646548
A1ZB2NY0F9QNP0:3HMVI3QICJS7Y2AEFXX0FEFEUZ81YW,focus,11671,on,1493607658219
A1ZB2NY0F9QNP0:3HMVI3QICJS7Y2AEFXX0FEFEUZ81YW,focus,54733,off,1493607712952
A1ZB2NY0F9QNP0:3HMVI3QICJS7Y2AEFXX0FEFEUZ81YW,focus,2148,on,1493607715100
A1ZB2NY0F9QNP0:3HMVI3QICJS7Y2AEFXX0FEFEUZ81YW,focus,36107,off,1493607751207
A1ZB2NY0F9QNP0:3HMVI3QICJS7Y2AEFXX0FEFEUZ81YW,focus,34877,on,1493607786084
A1ZB2NY0F9QNP0:3HMVI3QICJS7Y2AEFXX0FEFEUZ81YW,focus,31598,off,1493607817682
A1ZB2NY0F9QNP0:3HMVI3QICJS7Y2AEFXX0FEFEUZ81YW,focus,13206,on,1493607830888
A1ZB2NY0F9QNP0:3HMVI3QICJS7Y2AEFXX0FEFEUZ81YW,focus,72395,off,1493607903283
A1ZB2NY0F9QNP0:3HMVI3QICJS7Y2AEFXX0FEFEUZ81YW,focus,12028,on,1493607915311
A20NITCOBY4775:3J4Q2Z4UTY3RQ1ZVLB5RVI26R3ZWQM,initialized,0,,1493607188560
A20NITCOBY4775:3J4Q2Z4UTY3RQ1ZVLB5RVI26R3ZWQM,window_resize,1,"[1028, 778]",1493607188561
A20NITCOBY4775:3J4Q2Z4UTY3RQ1ZVLB5RVI26R3ZWQM,window_resize,55467,"[1536, 783]",1493607244028
A20NITCOBY4775:3J4Q2Z4UTY3RQ1ZVLB5RVI26R3ZWQM,focus,255721,off,1493607499749
A20NITCOBY4775:3J4Q2Z4UTY3RQ1ZVLB5RVI26R3ZWQM,focus,5,on,1493607499754
A20NITCOBY4775:3J4Q2Z4UTY3RQ1ZVLB5RVI26R3ZWQM,focus,209372,off,1493607709126
A20NITCOBY4775:3J4Q2Z4UTY3RQ1ZVLB5RVI26R3ZWQM,focus,3,on,1493607709129
A20NITCOBY4775:3J4Q2Z4UTY3RQ1ZVLB5RVI26R3ZWQM,focus,165312,off,1493607874441
A20NITCOBY4775:3J4Q2Z4UTY3RQ1ZVLB5RVI26R3ZWQM,focus,1,on,1493607874442
A20NITCOBY4775:3J4Q2Z4UTY3RQ1ZVLB5RVI26R3ZWQM,focus,402811,off,1493608277253
A20NITCOBY4775:3J4Q2Z4UTY3RQ1ZVLB5RVI26R3ZWQM,focus,43593,on,1493608320846
A21EZISIJ3JPSW:3I33IC7ZWF2DR5U7IVJYHB7CJEJ2A4,initialized,0,,1493607655209
A21EZISIJ3JPSW:3I33IC7ZWF2DR5U7IVJYHB7CJEJ2A4,window_resize,0,"[1024, 713]",1493607655209
A21EZISIJ3JPSW:3I33IC7ZWF2DR5U7IVJYHB7CJEJ2A4,focus,399505,off,1493608054714
A21EZISIJ3JPSW:3I33IC7ZWF2DR5U7IVJYHB7CJEJ2A4,focus,18849,on,1493608073563
A21EZISIJ3JPSW:3I33IC7ZWF2DR5U7IVJYHB7CJEJ2A4,focus,9519,off,1493608083082
A21EZISIJ3JPSW:3I33IC7ZWF2DR5U7IVJYHB7CJEJ2A4,focus,10039,on,1493608093121
A21EZISIJ3JPSW:3I33IC7ZWF2DR5U7IVJYHB7CJEJ2A4,focus,32846,off,1493608125967
A21EZISIJ3JPSW:3I33IC7ZWF2DR5U7IVJYHB7CJEJ2A4,focus,23,on,1493608125990
A21EZISIJ3JPSW:3I33IC7ZWF2DR5U7IVJYHB7CJEJ2A4,focus,89,off,1493608126079
A21EZISIJ3JPSW:3I33IC7ZWF2DR5U7IVJYHB7CJEJ2A4,focus,3734,on,1493608129813
A21EZISIJ3JPSW:3I33IC7ZWF2DR5U7IVJYHB7CJEJ2A4,focus,12706,off,1493608142519
A21EZISIJ3JPSW:3I33IC7ZWF2DR5U7IVJYHB7CJEJ2A4,focus,22137,on,1493608164656
A21EZISIJ3JPSW:3I33IC7ZWF2DR5U7IVJYHB7CJEJ2A4,focus,11103,off,1493608175759
A21EZISIJ3JPSW:3I33IC7ZWF2DR5U7IVJYHB7CJEJ2A4,focus,8249,on,1493608184008
A21EZISIJ3JPSW:3I33IC7ZWF2DR5U7IVJYHB7CJEJ2A4,focus,19747,off,1493608203755
A21EZISIJ3JPSW:3I33IC7ZWF2DR5U7IVJYHB7CJEJ2A4,focus,29093,on,1493608232848
A21EZISIJ3JPSW:3I33IC7ZWF2DR5U7IVJYHB7CJEJ2A4,focus,9826,off,1493608242674
A21EZISIJ3JPSW:3I33IC7ZWF2DR5U7IVJYHB7CJEJ2A4,focus,31644,on,1493608274318
A21EZISIJ3JPSW:3I33IC7ZWF2DR5U7IVJYHB7CJEJ2A4,focus,41830,off,1493608316148
A21EZISIJ3JPSW:3I33IC7ZWF2DR5U7IVJYHB7CJEJ2A4,focus,3,on,1493608316151
A21EZISIJ3JPSW:3I33IC7ZWF2DR5U7IVJYHB7CJEJ2A4,focus,74233,off,1493608390384
A21EZISIJ3JPSW:3I33IC7ZWF2DR5U7IVJYHB7CJEJ2A4,focus,56716,on,1493608447100
A21EZISIJ3JPSW:3I33IC7ZWF2DR5U7IVJYHB7CJEJ2A4,focus,23903,off,1493608471003
A21EZISIJ3JPSW:3I33IC7ZWF2DR5U7IVJYHB7CJEJ2A4,focus,12787,on,1493608483790
A21EZISIJ3JPSW:3I33IC7ZWF2DR5U7IVJYHB7CJEJ2A4,focus,8021,off,1493608491811
A21EZISIJ3JPSW:3I33IC7ZWF2DR5U7IVJYHB7CJEJ2A4,focus,2958,on,1493608494769
A21EZISIJ3JPSW:3I33IC7ZWF2DR5U7IVJYHB7CJEJ2A4,focus,8420,off,1493608503189
A21EZISIJ3JPSW:3I33IC7ZWF2DR5U7IVJYHB7CJEJ2A4,focus,3,on,1493608503192
A21EZISIJ3JPSW:3I33IC7ZWF2DR5U7IVJYHB7CJEJ2A4,focus,155635,off,1493608658827
A21EZISIJ3JPSW:3I33IC7ZWF2DR5U7IVJYHB7CJEJ2A4,focus,20482,on,1493608679309
A21EZISIJ3JPSW:3I33IC7ZWF2DR5U7IVJYHB7CJEJ2A4,focus,26416,off,1493608705725
A21EZISIJ3JPSW:3I33IC7ZWF2DR5U7IVJYHB7CJEJ2A4,focus,22245,on,1493608727970
A21EZISIJ3JPSW:3I33IC7ZWF2DR5U7IVJYHB7CJEJ2A4,focus,52141,off,1493608780111
A21EZISIJ3JPSW:3I33IC7ZWF2DR5U7IVJYHB7CJEJ2A4,focus,24833,on,1493608804944
A21EZISIJ3JPSW:3I33IC7ZWF2DR5U7IVJYHB7CJEJ2A4,focus,142265,off,1493608947209
A21EZISIJ3JPSW:3I33IC7ZWF2DR5U7IVJYHB7CJEJ2A4,focus,18792,on,1493608966001
A21EZISIJ3JPSW:3I33IC7ZWF2DR5U7IVJYHB7CJEJ2A4,focus,61154,off,1493609027155
A21EZISIJ3JPSW:3I33IC7ZWF2DR5U7IVJYHB7CJEJ2A4,focus,6150,on,1493609033305
A2JLKYXYQIL7YV:39ZSFO5CA8WXCA6DVL6HGT5NSSWUJU,initialized,0,,1493607395530
A2JLKYXYQIL7YV:39ZSFO5CA8WXCA6DVL6HGT5NSSWUJU,window_resize,1,"[1280, 933]",1493607395531
A2JLKYXYQIL7YV:39ZSFO5CA8WXCA6DVL6HGT5NSSWUJU,focus,5652,off,1493607401183
A2JLKYXYQIL7YV:39ZSFO5CA8WXCA6DVL6HGT5NSSWUJU,focus,1302,on,1493607402485
A2JLKYXYQIL7YV:39ZSFO5CA8WXCA6DVL6HGT5NSSWUJU,focus,1036,off,1493607403521
A2JLKYXYQIL7YV:39ZSFO5CA8WXCA6DVL6HGT5NSSWUJU,focus,21353,on,1493607424874
A2JLKYXYQIL7YV:39ZSFO5CA8WXCA6DVL6HGT5NSSWUJU,focus,27273,off,1493607452147
A2JLKYXYQIL7YV:39ZSFO5CA8WXCA6DVL6HGT5NSSWUJU,focus,14070,on,1493607466217
A2JLKYXYQIL7YV:39ZSFO5CA8WXCA6DVL6HGT5NSSWUJU,focus,13701,off,1493607479918
A2JLKYXYQIL7YV:39ZSFO5CA8WXCA6DVL6HGT5NSSWUJU,focus,36052,on,1493607515970
A2JLKYXYQIL7YV:39ZSFO5CA8WXCA6DVL6HGT5NSSWUJU,focus,19279,off,1493607535249
A2JLKYXYQIL7YV:39ZSFO5CA8WXCA6DVL6HGT5NSSWUJU,focus,5231,on,1493607540480
A2JLKYXYQIL7YV:39ZSFO5CA8WXCA6DVL6HGT5NSSWUJU,focus,12915,off,1493607553395
A2JLKYXYQIL7YV:39ZSFO5CA8WXCA6DVL6HGT5NSSWUJU,focus,1879,on,1493607555274
A2JLKYXYQIL7YV:39ZSFO5CA8WXCA6DVL6HGT5NSSWUJU,focus,733,off,1493607556007
A2JLKYXYQIL7YV:39ZSFO5CA8WXCA6DVL6HGT5NSSWUJU,focus,53331,on,1493607609338
A2JLKYXYQIL7YV:39ZSFO5CA8WXCA6DVL6HGT5NSSWUJU,focus,30401,off,1493607639739
A2JLKYXYQIL7YV:39ZSFO5CA8WXCA6DVL6HGT5NSSWUJU,focus,8660,on,1493607648399
A2JLKYXYQIL7YV:39ZSFO5CA8WXCA6DVL6HGT5NSSWUJU,focus,23017,off,1493607671416
A2JLKYXYQIL7YV:39ZSFO5CA8WXCA6DVL6HGT5NSSWUJU,focus,7523,on,1493607678939
A2JLKYXYQIL7YV:39ZSFO5CA8WXCA6DVL6HGT5NSSWUJU,focus,9801,off,1493607688740
A2JLKYXYQIL7YV:39ZSFO5CA8WXCA6DVL6HGT5NSSWUJU,focus,0,on,1493607688740
A2JLKYXYQIL7YV:39ZSFO5CA8WXCA6DVL6HGT5NSSWUJU,focus,12051,off,1493607700791
A2JLKYXYQIL7YV:39ZSFO5CA8WXCA6DVL6HGT5NSSWUJU,focus,21985,on,1493607722776
A2JLKYXYQIL7YV:39ZSFO5CA8WXCA6DVL6HGT5NSSWUJU,focus,2532,off,1493607725308
A2JLKYXYQIL7YV:39ZSFO5CA8WXCA6DVL6HGT5NSSWUJU,focus,23790,on,1493607749098
A2JLKYXYQIL7YV:39ZSFO5CA8WXCA6DVL6HGT5NSSWUJU,focus,6592,off,1493607755690
A2JLKYXYQIL7YV:39ZSFO5CA8WXCA6DVL6HGT5NSSWUJU,focus,4638,on,1493607760328
A2JLKYXYQIL7YV:39ZSFO5CA8WXCA6DVL6HGT5NSSWUJU,focus,5915,off,1493607766243
A2JLKYXYQIL7YV:39ZSFO5CA8WXCA6DVL6HGT5NSSWUJU,focus,1464,on,1493607767707
A2JLKYXYQIL7YV:39ZSFO5CA8WXCA6DVL6HGT5NSSWUJU,focus,28775,off,1493607796482
A2JLKYXYQIL7YV:39ZSFO5CA8WXCA6DVL6HGT5NSSWUJU,focus,6005,on,1493607802487
A2JLKYXYQIL7YV:39ZSFO5CA8WXCA6DVL6HGT5NSSWUJU,focus,9409,off,1493607811896
A2JLKYXYQIL7YV:39ZSFO5CA8WXCA6DVL6HGT5NSSWUJU,focus,39346,on,1493607851242
A2JLKYXYQIL7YV:39ZSFO5CA8WXCA6DVL6HGT5NSSWUJU,focus,29840,off,1493607881082
A2JLKYXYQIL7YV:39ZSFO5CA8WXCA6DVL6HGT5NSSWUJU,focus,2993,on,1493607884075
A2JLKYXYQIL7YV:39ZSFO5CA8WXCA6DVL6HGT5NSSWUJU,focus,15758,off,1493607899833
A2JLKYXYQIL7YV:39ZSFO5CA8WXCA6DVL6HGT5NSSWUJU,focus,79061,on,1493607978894
A2JLKYXYQIL7YV:39ZSFO5CA8WXCA6DVL6HGT5NSSWUJU,focus,13491,off,1493607992385
A2JLKYXYQIL7YV:39ZSFO5CA8WXCA6DVL6HGT5NSSWUJU,focus,14915,on,1493608007300
A2JLKYXYQIL7YV:39ZSFO5CA8WXCA6DVL6HGT5NSSWUJU,focus,33581,off,1493608040881
A2JLKYXYQIL7YV:39ZSFO5CA8WXCA6DVL6HGT5NSSWUJU,focus,30741,on,1493608071622
A2JLKYXYQIL7YV:39ZSFO5CA8WXCA6DVL6HGT5NSSWUJU,focus,2859,off,1493608074481
A2JLKYXYQIL7YV:39ZSFO5CA8WXCA6DVL6HGT5NSSWUJU,focus,2789,on,1493608077270
A2JLKYXYQIL7YV:39ZSFO5CA8WXCA6DVL6HGT5NSSWUJU,focus,15735,off,1493608093005
A2JLKYXYQIL7YV:39ZSFO5CA8WXCA6DVL6HGT5NSSWUJU,focus,3400,on,1493608096405
A2JLKYXYQIL7YV:39ZSFO5CA8WXCA6DVL6HGT5NSSWUJU,focus,4743,off,1493608101148
A2JLKYXYQIL7YV:39ZSFO5CA8WXCA6DVL6HGT5NSSWUJU,focus,852,on,1493608102000
A2JLKYXYQIL7YV:39ZSFO5CA8WXCA6DVL6HGT5NSSWUJU,focus,497,off,1493608102497
A2JLKYXYQIL7YV:39ZSFO5CA8WXCA6DVL6HGT5NSSWUJU,focus,22946,on,1493608125443
A2JLKYXYQIL7YV:39ZSFO5CA8WXCA6DVL6HGT5NSSWUJU,focus,22415,off,1493608147858
A2JLKYXYQIL7YV:39ZSFO5CA8WXCA6DVL6HGT5NSSWUJU,focus,44598,on,1493608192456
A2JLKYXYQIL7YV:39ZSFO5CA8WXCA6DVL6HGT5NSSWUJU,focus,23556,off,1493608216012
A2JLKYXYQIL7YV:39ZSFO5CA8WXCA6DVL6HGT5NSSWUJU,focus,28849,on,1493608244861
A2JLKYXYQIL7YV:39ZSFO5CA8WXCA6DVL6HGT5NSSWUJU,focus,2673,off,1493608247534
A2JLKYXYQIL7YV:39ZSFO5CA8WXCA6DVL6HGT5NSSWUJU,focus,2269,on,1493608249803
A2JLKYXYQIL7YV:39ZSFO5CA8WXCA6DVL6HGT5NSSWUJU,focus,7141,off,1493608256944
A2JLKYXYQIL7YV:39ZSFO5CA8WXCA6DVL6HGT5NSSWUJU,focus,3086,on,1493608260030
A2JLKYXYQIL7YV:39ZSFO5CA8WXCA6DVL6HGT5NSSWUJU,focus,14074,off,1493608274104
A2JLKYXYQIL7YV:39ZSFO5CA8WXCA6DVL6HGT5NSSWUJU,focus,19553,on,1493608293657
A2JLKYXYQIL7YV:39ZSFO5CA8WXCA6DVL6HGT5NSSWUJU,focus,12211,off,1493608305868
A2JLKYXYQIL7YV:39ZSFO5CA8WXCA6DVL6HGT5NSSWUJU,focus,39788,on,1493608345656
A2KXARDIOGJL8T:3A1COHJ8NJV3N74A4I2R8O7JI91H8X,initialized,0,,1493609021519
A2KXARDIOGJL8T:3A1COHJ8NJV3N74A4I2R8O7JI91H8X,window_resize,1,"[1024, 705]",1493609021520
A2KXARDIOGJL8T:3A1COHJ8NJV3N74A4I2R8O7JI91H8X,focus,127878,off,1493609149398
A2KXARDIOGJL8T:3A1COHJ8NJV3N74A4I2R8O7JI91H8X,focus,3,on,1493609149401
A2KXARDIOGJL8T:3A1COHJ8NJV3N74A4I2R8O7JI91H8X,focus,99454,off,1493609248855
A2KXARDIOGJL8T:3A1COHJ8NJV3N74A4I2R8O7JI91H8X,focus,7,on,1493609248862
A2KXARDIOGJL8T:3A1COHJ8NJV3N74A4I2R8O7JI91H8X,focus,151267,off,1493609400129
A2KXARDIOGJL8T:3A1COHJ8NJV3N74A4I2R8O7JI91H8X,focus,32,on,1493609400161
A2KXARDIOGJL8T:3A1COHJ8NJV3N74A4I2R8O7JI91H8X,focus,131442,off,1493609531603
A2KXARDIOGJL8T:3A1COHJ8NJV3N74A4I2R8O7JI91H8X,focus,7,on,1493609531610
A2R0Y8A3SSZ30S:3DY4FPOOA1OENDEQ8GPVE6TXGGZRV8,initialized,0,,1493607178904
A2R0Y8A3SSZ30S:3DY4FPOOA1OENDEQ8GPVE6TXGGZRV8,window_resize,0,"[1032, 664]",1493607178904
A2R0Y8A3SSZ30S:3DY4FPOOA1OENDEQ8GPVE6TXGGZRV8,focus,135502,off,1493607314406
A2R0Y8A3SSZ30S:3DY4FPOOA1OENDEQ8GPVE6TXGGZRV8,focus,41,on,1493607314447
A2R0Y8A3SSZ30S:3DY4FPOOA1OENDEQ8GPVE6TXGGZRV8,focus,41956,off,1493607356403
A2R0Y8A3SSZ30S:3DY4FPOOA1OENDEQ8GPVE6TXGGZRV8,focus,3,on,1493607356406
A2R0Y8A3SSZ30S:3DY4FPOOA1OENDEQ8GPVE6TXGGZRV8,focus,120270,off,1493607476676
A2R0Y8A3SSZ30S:3DY4FPOOA1OENDEQ8GPVE6TXGGZRV8,focus,1,on,1493607476677
A2R0Y8A3SSZ30S:3DY4FPOOA1OENDEQ8GPVE6TXGGZRV8,focus,64942,off,1493607541619
A2R0Y8A3SSZ30S:3DY4FPOOA1OENDEQ8GPVE6TXGGZRV8,focus,1,on,1493607541620
A2R0Y8A3SSZ30S:3DY4FPOOA1OENDEQ8GPVE6TXGGZRV8,focus,35585,off,1493607577205
A2R0Y8A3SSZ30S:3DY4FPOOA1OENDEQ8GPVE6TXGGZRV8,focus,1,on,1493607577206
A2R0Y8A3SSZ30S:3DY4FPOOA1OENDEQ8GPVE6TXGGZRV8,focus,36206,off,1493607613412
A2R0Y8A3SSZ30S:3DY4FPOOA1OENDEQ8GPVE6TXGGZRV8,focus,2,on,1493607613414
A2TY9UFU76QU6K:3IAEQB9FMEKX1SVQGPZ7VJV78ODWDK,initialized,0,,1493617846446
A2TY9UFU76QU6K:3IAEQB9FMEKX1SVQGPZ7VJV78ODWDK,window_resize,0,"[1520, 692]",1493617846446
A2TY9UFU76QU6K:3IAEQB9FMEKX1SVQGPZ7VJV78ODWDK,focus,104574,off,1493617951020
A2TY9UFU76QU6K:3IAEQB9FMEKX1SVQGPZ7VJV78ODWDK,focus,5007,on,1493617956027
A2TY9UFU76QU6K:3IAEQB9FMEKX1SVQGPZ7VJV78ODWDK,focus,91154,off,1493618047181
A2TY9UFU76QU6K:3IAEQB9FMEKX1SVQGPZ7VJV78ODWDK,focus,25386,on,1493618072567
A2TY9UFU76QU6K:3IAEQB9FMEKX1SVQGPZ7VJV78ODWDK,focus,16986,off,1493618089553
A2TY9UFU76QU6K:3IAEQB9FMEKX1SVQGPZ7VJV78ODWDK,focus,46624,on,1493618136177
A2TY9UFU76QU6K:3IAEQB9FMEKX1SVQGPZ7VJV78ODWDK,focus,5016,off,1493618141193
A2TY9UFU76QU6K:3IAEQB9FMEKX1SVQGPZ7VJV78ODWDK,focus,4736,on,1493618145929
A2TY9UFU76QU6K:3IAEQB9FMEKX1SVQGPZ7VJV78ODWDK,focus,8284,off,1493618154213
A2TY9UFU76QU6K:3IAEQB9FMEKX1SVQGPZ7VJV78ODWDK,focus,4800,on,1493618159013
A2TY9UFU76QU6K:3IAEQB9FMEKX1SVQGPZ7VJV78ODWDK,focus,25439,on,1493618184452
A2TY9UFU76QU6K:3IAEQB9FMEKX1SVQGPZ7VJV78ODWDK,focus,1791,off,1493618186243
A2TY9UFU76QU6K:3IAEQB9FMEKX1SVQGPZ7VJV78ODWDK,focus,40189,on,1493618226432
A2TY9UFU76QU6K:3IAEQB9FMEKX1SVQGPZ7VJV78ODWDK,focus,2484,off,1493618228916
A2TY9UFU76QU6K:3IAEQB9FMEKX1SVQGPZ7VJV78ODWDK,focus,44804,on,1493618273720
A2TY9UFU76QU6K:3IAEQB9FMEKX1SVQGPZ7VJV78ODWDK,focus,20387,off,1493618294107
A2TY9UFU76QU6K:3IAEQB9FMEKX1SVQGPZ7VJV78ODWDK,focus,2735,on,1493618296842
A2TY9UFU76QU6K:3IAEQB9FMEKX1SVQGPZ7VJV78ODWDK,focus,12215,off,1493618309057
A2TY9UFU76QU6K:3IAEQB9FMEKX1SVQGPZ7VJV78ODWDK,focus,11152,on,1493618320209
A2TY9UFU76QU6K:3IAEQB9FMEKX1SVQGPZ7VJV78ODWDK,focus,157564,off,1493618477773
A2TY9UFU76QU6K:3IAEQB9FMEKX1SVQGPZ7VJV78ODWDK,focus,15713,on,1493618493486
A2TY9UFU76QU6K:3IAEQB9FMEKX1SVQGPZ7VJV78ODWDK,focus,60628,off,1493618554114
A2TY9UFU76QU6K:3IAEQB9FMEKX1SVQGPZ7VJV78ODWDK,focus,2701,on,1493618556815
A2TY9UFU76QU6K:3IAEQB9FMEKX1SVQGPZ7VJV78ODWDK,focus,19034,off,1493618575849
A2TY9UFU76QU6K:3IAEQB9FMEKX1SVQGPZ7VJV78ODWDK,focus,63138,on,1493618638987
A2TY9UFU76QU6K:3IAEQB9FMEKX1SVQGPZ7VJV78ODWDK,focus,6508,off,1493618645495
A2TY9UFU76QU6K:3IAEQB9FMEKX1SVQGPZ7VJV78ODWDK,focus,29228,on,1493618674723
A2TY9UFU76QU6K:3IAEQB9FMEKX1SVQGPZ7VJV78ODWDK,focus,121143,off,1493618795866
A2TY9UFU76QU6K:3IAEQB9FMEKX1SVQGPZ7VJV78ODWDK,focus,5185,on,1493618801051
A2TY9UFU76QU6K:3IAEQB9FMEKX1SVQGPZ7VJV78ODWDK,focus,6068,off,1493618807119
A2TY9UFU76QU6K:3IAEQB9FMEKX1SVQGPZ7VJV78ODWDK,focus,86960,on,1493618894079
A2TY9UFU76QU6K:3IAEQB9FMEKX1SVQGPZ7VJV78ODWDK,focus,10565,off,1493618904644
A2TY9UFU76QU6K:3IAEQB9FMEKX1SVQGPZ7VJV78ODWDK,focus,14038,on,1493618918682
A2TY9UFU76QU6K:3IAEQB9FMEKX1SVQGPZ7VJV78ODWDK,focus,42944,off,1493618961626
A2TY9UFU76QU6K:3IAEQB9FMEKX1SVQGPZ7VJV78ODWDK,focus,4781,on,1493618966407
A2TY9UFU76QU6K:3IAEQB9FMEKX1SVQGPZ7VJV78ODWDK,focus,1088,off,1493618967495
A2TY9UFU76QU6K:3IAEQB9FMEKX1SVQGPZ7VJV78ODWDK,focus,11027,on,1493618978522
A2TY9UFU76QU6K:3IAEQB9FMEKX1SVQGPZ7VJV78ODWDK,focus,298,off,1493618978820
A2TY9UFU76QU6K:3IAEQB9FMEKX1SVQGPZ7VJV78ODWDK,focus,13598,on,1493618992418
A2TY9UFU76QU6K:3IAEQB9FMEKX1SVQGPZ7VJV78ODWDK,focus,22,off,1493618992440
A2TY9UFU76QU6K:3IAEQB9FMEKX1SVQGPZ7VJV78ODWDK,focus,19845,on,1493619012285
A2TY9UFU76QU6K:3IAEQB9FMEKX1SVQGPZ7VJV78ODWDK,focus,2639,off,1493619014924
A2TY9UFU76QU6K:3IAEQB9FMEKX1SVQGPZ7VJV78ODWDK,focus,69678,on,1493619084602
A3135Y3RMFC3PK:3RYC5T2D73T1ITHUM4GW8E4FUSYPRL,initialized,0,,1493607190204
A3135Y3RMFC3PK:3RYC5T2D73T1ITHUM4GW8E4FUSYPRL,window_resize,0,"[1024, 713]",1493607190204
A3135Y3RMFC3PK:3RYC5T2D73T1ITHUM4GW8E4FUSYPRL,focus,223244,off,1493607413448
A3135Y3RMFC3PK:3RYC5T2D73T1ITHUM4GW8E4FUSYPRL,focus,1,on,1493607413449
A319NJPBZ1Z57M:3II4UPYCOJ7SHVZ44G013UDLKNWDQX,initialized,0,,1493614546380
A319NJPBZ1Z57M:3II4UPYCOJ7SHVZ44G013UDLKNWDQX,window_resize,0,"[817, 613]",1493614546380
A319NJPBZ1Z57M:3II4UPYCOJ7SHVZ44G013UDLKNWDQX,focus,655,on,1493614547035
A319NJPBZ1Z57M:3II4UPYCOJ7SHVZ44G013UDLKNWDQX,window_resize,11252,"[1366, 680]",1493614558287
A319NJPBZ1Z57M:3II4UPYCOJ7SHVZ44G013UDLKNWDQX,focus,136974,off,1493614695261
A319NJPBZ1Z57M:3II4UPYCOJ7SHVZ44G013UDLKNWDQX,focus,8565,on,1493614703826
A319NJPBZ1Z57M:3II4UPYCOJ7SHVZ44G013UDLKNWDQX,focus,2822,off,1493614706648
A319NJPBZ1Z57M:3II4UPYCOJ7SHVZ44G013UDLKNWDQX,focus,10666,on,1493614717314
A319NJPBZ1Z57M:3II4UPYCOJ7SHVZ44G013UDLKNWDQX,focus,2196,off,1493614719510
A319NJPBZ1Z57M:3II4UPYCOJ7SHVZ44G013UDLKNWDQX,focus,12483,on,1493614731993
A319NJPBZ1Z57M:3II4UPYCOJ7SHVZ44G013UDLKNWDQX,focus,224212,off,1493614956205
A319NJPBZ1Z57M:3II4UPYCOJ7SHVZ44G013UDLKNWDQX,focus,2,on,1493614956207
A319NJPBZ1Z57M:3II4UPYCOJ7SHVZ44G013UDLKNWDQX,focus,54735,off,1493615010942
A319NJPBZ1Z57M:3II4UPYCOJ7SHVZ44G013UDLKNWDQX,focus,2,on,1493615010944
A319NJPBZ1Z57M:3II4UPYCOJ7SHVZ44G013UDLKNWDQX,focus,94769,off,1493615105713
A319NJPBZ1Z57M:3II4UPYCOJ7SHVZ44G013UDLKNWDQX,focus,2,on,1493615105715
A319NJPBZ1Z57M:3II4UPYCOJ7SHVZ44G013UDLKNWDQX,focus,86460,off,1493615192175
A319NJPBZ1Z57M:3II4UPYCOJ7SHVZ44G013UDLKNWDQX,focus,670,on,1493615192845
A319NJPBZ1Z57M:3II4UPYCOJ7SHVZ44G013UDLKNWDQX,focus,28055,off,1493615220900
A319NJPBZ1Z57M:3II4UPYCOJ7SHVZ44G013UDLKNWDQX,focus,769,on,1493615221669
A319NJPBZ1Z57M:3II4UPYCOJ7SHVZ44G013UDLKNWDQX,focus,6883,off,1493615228552
A319NJPBZ1Z57M:3II4UPYCOJ7SHVZ44G013UDLKNWDQX,focus,714,on,1493615229266
A319NJPBZ1Z57M:3II4UPYCOJ7SHVZ44G013UDLKNWDQX,focus,6956,off,1493615236222
A319NJPBZ1Z57M:3II4UPYCOJ7SHVZ44G013UDLKNWDQX,focus,744,on,1493615236966
A319NJPBZ1Z57M:3II4UPYCOJ7SHVZ44G013UDLKNWDQX,focus,2525,off,1493615239491
A319NJPBZ1Z57M:3II4UPYCOJ7SHVZ44G013UDLKNWDQX,focus,3770,on,1493615243261
A319NJPBZ1Z57M:3II4UPYCOJ7SHVZ44G013UDLKNWDQX,window_resize,11400,"[817, 613]",1493615254661
A319NJPBZ1Z57M:3II4UPYCOJ7SHVZ44G013UDLKNWDQX,window_resize,3468,"[817, 610]",1493615258129
A319NJPBZ1Z57M:3II4UPYCOJ7SHVZ44G013UDLKNWDQX,window_resize,4066,"[1366, 680]",1493615262195
A319NJPBZ1Z57M:3II4UPYCOJ7SHVZ44G013UDLKNWDQX,focus,50318,off,1493615312513
A319NJPBZ1Z57M:3II4UPYCOJ7SHVZ44G013UDLKNWDQX,focus,3931,on,1493615316444
A31JJT3IP69MZ3:35DR22AR5DKE80YJX5PHKTN2QDU3XM,initialized,0,,1493613423222
A31JJT3IP69MZ3:35DR22AR5DKE80YJX5PHKTN2QDU3XM,window_resize,0,"[920, 683]",1493613423222
A31JJT3IP69MZ3:35DR22AR5DKE80YJX5PHKTN2QDU3XM,focus,191,on,1493613423413
A31JJT3IP69MZ3:35DR22AR5DKE80YJX5PHKTN2QDU3XM,window_resize,4648,"[1600, 835]",1493613428061
A31JJT3IP69MZ3:35DR22AR5DKE80YJX5PHKTN2QDU3XM,focus,214354,off,1493613642415
A31JJT3IP69MZ3:35DR22AR5DKE80YJX5PHKTN2QDU3XM,focus,1,on,1493613642416
A37WXDYYT7RCZ0:358UUM7WRZ3CCNDUQIMF8SDUUYT7RX,initialized,0,,1493608684599
A37WXDYYT7RCZ0:358UUM7WRZ3CCNDUQIMF8SDUUYT7RX,window_resize,1,"[1920, 989]",1493608684600
A37WXDYYT7RCZ0:358UUM7WRZ3CCNDUQIMF8SDUUYT7RX,focus,8829,off,1493608693429
A37WXDYYT7RCZ0:358UUM7WRZ3CCNDUQIMF8SDUUYT7RX,focus,3148,on,1493608696577
A37WXDYYT7RCZ0:358UUM7WRZ3CCNDUQIMF8SDUUYT7RX,focus,898,off,1493608697475
A37WXDYYT7RCZ0:358UUM7WRZ3CCNDUQIMF8SDUUYT7RX,focus,32903,on,1493608730378
A37WXDYYT7RCZ0:358UUM7WRZ3CCNDUQIMF8SDUUYT7RX,focus,1531,off,1493608731909
A37WXDYYT7RCZ0:358UUM7WRZ3CCNDUQIMF8SDUUYT7RX,focus,1344,on,1493608733253
A37WXDYYT7RCZ0:358UUM7WRZ3CCNDUQIMF8SDUUYT7RX,focus,20662,off,1493608753915
A37WXDYYT7RCZ0:358UUM7WRZ3CCNDUQIMF8SDUUYT7RX,focus,2529,on,1493608756444
A37WXDYYT7RCZ0:358UUM7WRZ3CCNDUQIMF8SDUUYT7RX,focus,15750,off,1493608772194
A37WXDYYT7RCZ0:358UUM7WRZ3CCNDUQIMF8SDUUYT7RX,focus,3077,on,1493608775271
A37WXDYYT7RCZ0:358UUM7WRZ3CCNDUQIMF8SDUUYT7RX,focus,1589,off,1493608776860
A37WXDYYT7RCZ0:358UUM7WRZ3CCNDUQIMF8SDUUYT7RX,focus,6557,on,1493608783417
A37WXDYYT7RCZ0:358UUM7WRZ3CCNDUQIMF8SDUUYT7RX,focus,1940,off,1493608785357
A37WXDYYT7RCZ0:358UUM7WRZ3CCNDUQIMF8SDUUYT7RX,focus,1698,on,1493608787055
A37WXDYYT7RCZ0:358UUM7WRZ3CCNDUQIMF8SDUUYT7RX,focus,17038,off,1493608804093
A37WXDYYT7RCZ0:358UUM7WRZ3CCNDUQIMF8SDUUYT7RX,focus,4441,on,1493608808534
A37WXDYYT7RCZ0:358UUM7WRZ3CCNDUQIMF8SDUUYT7RX,focus,4206,off,1493608812740
A37WXDYYT7RCZ0:358UUM7WRZ3CCNDUQIMF8SDUUYT7RX,focus,44415,on,1493608857155
A37WXDYYT7RCZ0:358UUM7WRZ3CCNDUQIMF8SDUUYT7RX,focus,2927,off,1493608860082
A37WXDYYT7RCZ0:358UUM7WRZ3CCNDUQIMF8SDUUYT7RX,focus,10059,on,1493608870141
A37WXDYYT7RCZ0:358UUM7WRZ3CCNDUQIMF8SDUUYT7RX,focus,855,off,1493608870996
A37WXDYYT7RCZ0:358UUM7WRZ3CCNDUQIMF8SDUUYT7RX,focus,22667,on,1493608893663
A37WXDYYT7RCZ0:358UUM7WRZ3CCNDUQIMF8SDUUYT7RX,focus,10583,off,1493608904246
A37WXDYYT7RCZ0:358UUM7WRZ3CCNDUQIMF8SDUUYT7RX,focus,10834,on,1493608915080
A37WXDYYT7RCZ0:358UUM7WRZ3CCNDUQIMF8SDUUYT7RX,focus,1571,off,1493608916651
A37WXDYYT7RCZ0:358UUM7WRZ3CCNDUQIMF8SDUUYT7RX,focus,7638,on,1493608924289
A37WXDYYT7RCZ0:358UUM7WRZ3CCNDUQIMF8SDUUYT7RX,focus,31341,off,1493608955630
A37WXDYYT7RCZ0:358UUM7WRZ3CCNDUQIMF8SDUUYT7RX,focus,1,on,1493608955631
A37WXDYYT7RCZ0:358UUM7WRZ3CCNDUQIMF8SDUUYT7RX,focus,65630,off,1493609021261
A37WXDYYT7RCZ0:358UUM7WRZ3CCNDUQIMF8SDUUYT7RX,focus,0,on,1493609021261
A37WXDYYT7RCZ0:358UUM7WRZ3CCNDUQIMF8SDUUYT7RX,focus,34424,off,1493609055685
A37WXDYYT7RCZ0:358UUM7WRZ3CCNDUQIMF8SDUUYT7RX,focus,1,on,1493609055686
A37WXDYYT7RCZ0:358UUM7WRZ3CCNDUQIMF8SDUUYT7RX,focus,58957,off,1493609114643
A37WXDYYT7RCZ0:358UUM7WRZ3CCNDUQIMF8SDUUYT7RX,focus,24145,on,1493609138788
A37WXDYYT7RCZ0:358UUM7WRZ3CCNDUQIMF8SDUUYT7RX,focus,58703,off,1493609197491
A37WXDYYT7RCZ0:358UUM7WRZ3CCNDUQIMF8SDUUYT7RX,focus,12802,on,1493609210293
A37WXDYYT7RCZ0:358UUM7WRZ3CCNDUQIMF8SDUUYT7RX,focus,33701,off,1493609243994
A37WXDYYT7RCZ0:358UUM7WRZ3CCNDUQIMF8SDUUYT7RX,focus,113517,on,1493609357511
A37WXDYYT7RCZ0:358UUM7WRZ3CCNDUQIMF8SDUUYT7RX,focus,19372,off,1493609376883
A37WXDYYT7RCZ0:358UUM7WRZ3CCNDUQIMF8SDUUYT7RX,focus,52561,on,1493609429444
A37WXDYYT7RCZ0:358UUM7WRZ3CCNDUQIMF8SDUUYT7RX,focus,35596,off,1493609465040
A37WXDYYT7RCZ0:358UUM7WRZ3CCNDUQIMF8SDUUYT7RX,focus,7188,on,1493609472228
A37WXDYYT7RCZ0:358UUM7WRZ3CCNDUQIMF8SDUUYT7RX,focus,4870,off,1493609477098
A37WXDYYT7RCZ0:358UUM7WRZ3CCNDUQIMF8SDUUYT7RX,focus,6828,on,1493609483926
A37WXDYYT7RCZ0:358UUM7WRZ3CCNDUQIMF8SDUUYT7RX,focus,19452,off,1493609503378
A37WXDYYT7RCZ0:358UUM7WRZ3CCNDUQIMF8SDUUYT7RX,focus,15254,on,1493609518632
A37WXDYYT7RCZ0:358UUM7WRZ3CCNDUQIMF8SDUUYT7RX,focus,1817,off,1493609520449
A37WXDYYT7RCZ0:358UUM7WRZ3CCNDUQIMF8SDUUYT7RX,focus,22137,on,1493609542586
A37WXDYYT7RCZ0:358UUM7WRZ3CCNDUQIMF8SDUUYT7RX,focus,29448,off,1493609572034
A37WXDYYT7RCZ0:358UUM7WRZ3CCNDUQIMF8SDUUYT7RX,focus,84545,on,1493609656579
A37WXDYYT7RCZ0:358UUM7WRZ3CCNDUQIMF8SDUUYT7RX,focus,19494,off,1493609676073
A37WXDYYT7RCZ0:358UUM7WRZ3CCNDUQIMF8SDUUYT7RX,focus,110723,on,1493609786796
A3QPXVR380M413:3HL8HNGX451JNGWEEKK55ZQHM069FG,initialized,0,,1493607150425
A3QPXVR380M413:3HL8HNGX451JNGWEEKK55ZQHM069FG,window_resize,1,"[1008, 689]",1493607150426
A3QPXVR380M413:3HL8HNGX451JNGWEEKK55ZQHM069FG,window_resize,3814,"[1600, 797]",1493607154240
A8RDXT4ZILHQT:32EYX73OY09EAYPQ3QFQIKRE29QRUJ,initialized,0,,1493608141885
A8RDXT4ZILHQT:32EYX73OY09EAYPQ3QFQIKRE29QRUJ,window_resize,0,"[1024, 768]",1493608141885
A8RDXT4ZILHQT:32EYX73OY09EAYPQ3QFQIKRE29QRUJ,focus,15300,off,1493608157185
A8RDXT4ZILHQT:32EYX73OY09EAYPQ3QFQIKRE29QRUJ,focus,751,on,1493608157936
A8RDXT4ZILHQT:32EYX73OY09EAYPQ3QFQIKRE29QRUJ,focus,15617,off,1493608173553
A8RDXT4ZILHQT:32EYX73OY09EAYPQ3QFQIKRE29QRUJ,focus,870,on,1493608174423
A8RDXT4ZILHQT:32EYX73OY09EAYPQ3QFQIKRE29QRUJ,focus,2044,off,1493608176467
A8RDXT4ZILHQT:32EYX73OY09EAYPQ3QFQIKRE29QRUJ,focus,916,on,1493608177383
A8RDXT4ZILHQT:32EYX73OY09EAYPQ3QFQIKRE29QRUJ,focus,21654,off,1493608199037
A8RDXT4ZILHQT:32EYX73OY09EAYPQ3QFQIKRE29QRUJ,focus,3,on,1493608199040
A8RDXT4ZILHQT:32EYX73OY09EAYPQ3QFQIKRE29QRUJ,focus,49585,off,1493608248625
A8RDXT4ZILHQT:32EYX73OY09EAYPQ3QFQIKRE29QRUJ,focus,2,on,1493608248627
A8RDXT4ZILHQT:32EYX73OY09EAYPQ3QFQIKRE29QRUJ,focus,36260,off,1493608284887
A8RDXT4ZILHQT:32EYX73OY09EAYPQ3QFQIKRE29QRUJ,focus,4276,on,1493608289163
A8RDXT4ZILHQT:32EYX73OY09EAYPQ3QFQIKRE29QRUJ,focus,58813,off,1493608347976
A8RDXT4ZILHQT:32EYX73OY09EAYPQ3QFQIKRE29QRUJ,focus,35012,on,1493608382988
A8RDXT4ZILHQT:32EYX73OY09EAYPQ3QFQIKRE29QRUJ,focus,3666,off,1493608386654
A8RDXT4ZILHQT:32EYX73OY09EAYPQ3QFQIKRE29QRUJ,focus,5499,on,1493608392153
A8RDXT4ZILHQT:32EYX73OY09EAYPQ3QFQIKRE29QRUJ,focus,153525,off,1493608545678
A8RDXT4ZILHQT:32EYX73OY09EAYPQ3QFQIKRE29QRUJ,focus,4901,on,1493608550579
AA402T4YY1S7N:3VP0C6EFSGW2B7MX20L6GFJOT0AM6P,initialized,0,,1493610991411
AA402T4YY1S7N:3VP0C6EFSGW2B7MX20L6GFJOT0AM6P,window_resize,0,"[1028, 778]",1493610991411
AA402T4YY1S7N:3VP0C6EFSGW2B7MX20L6GFJOT0AM6P,window_resize,561,"[1536, 774]",1493610991972
AA402T4YY1S7N:3VP0C6EFSGW2B7MX20L6GFJOT0AM6P,focus,224219,off,1493611216191
AA402T4YY1S7N:3VP0C6EFSGW2B7MX20L6GFJOT0AM6P,focus,42858,on,1493611259049
AA402T4YY1S7N:3VP0C6EFSGW2B7MX20L6GFJOT0AM6P,focus,2016,off,1493611261065
AA402T4YY1S7N:3VP0C6EFSGW2B7MX20L6GFJOT0AM6P,focus,22267,on,1493611283332
AA402T4YY1S7N:3VP0C6EFSGW2B7MX20L6GFJOT0AM6P,focus,94136,off,1493611377468
AA402T4YY1S7N:3VP0C6EFSGW2B7MX20L6GFJOT0AM6P,focus,892,on,1493611378360
AA402T4YY1S7N:3VP0C6EFSGW2B7MX20L6GFJOT0AM6P,focus,786,off,1493611379146
AA402T4YY1S7N:3VP0C6EFSGW2B7MX20L6GFJOT0AM6P,focus,152606,on,1493611531752
AA402T4YY1S7N:3VP0C6EFSGW2B7MX20L6GFJOT0AM6P,focus,33169,off,1493611564921
AA402T4YY1S7N:3VP0C6EFSGW2B7MX20L6GFJOT0AM6P,focus,716,on,1493611565637
AA402T4YY1S7N:3VP0C6EFSGW2B7MX20L6GFJOT0AM6P,focus,1179,off,1493611566816
AA402T4YY1S7N:3VP0C6EFSGW2B7MX20L6GFJOT0AM6P,focus,32280,on,1493611599096
AA402T4YY1S7N:3VP0C6EFSGW2B7MX20L6GFJOT0AM6P,focus,15117,off,1493611614213
AA402T4YY1S7N:3VP0C6EFSGW2B7MX20L6GFJOT0AM6P,focus,1100,on,1493611615313
AA402T4YY1S7N:3VP0C6EFSGW2B7MX20L6GFJOT0AM6P,focus,641,off,1493611615954
AA402T4YY1S7N:3VP0C6EFSGW2B7MX20L6GFJOT0AM6P,focus,25113,on,1493611641067
AA402T4YY1S7N:3VP0C6EFSGW2B7MX20L6GFJOT0AM6P,focus,19639,off,1493611660706
AA402T4YY1S7N:3VP0C6EFSGW2B7MX20L6GFJOT0AM6P,focus,80660,on,1493611741366
AA402T4YY1S7N:3VP0C6EFSGW2B7MX20L6GFJOT0AM6P,focus,11925,off,1493611753291
AA402T4YY1S7N:3VP0C6EFSGW2B7MX20L6GFJOT0AM6P,focus,124512,on,1493611877803
AA402T4YY1S7N:3VP0C6EFSGW2B7MX20L6GFJOT0AM6P,focus,1955,off,1493611879758
AA402T4YY1S7N:3VP0C6EFSGW2B7MX20L6GFJOT0AM6P,focus,115294,on,1493611995052
AA402T4YY1S7N:3VP0C6EFSGW2B7MX20L6GFJOT0AM6P,focus,18206,off,1493612013258
AA402T4YY1S7N:3VP0C6EFSGW2B7MX20L6GFJOT0AM6P,focus,8950,on,1493612022208
AA402T4YY1S7N:3VP0C6EFSGW2B7MX20L6GFJOT0AM6P,focus,902,off,1493612023110
AA402T4YY1S7N:3VP0C6EFSGW2B7MX20L6GFJOT0AM6P,focus,71705,on,1493612094815
AA402T4YY1S7N:3VP0C6EFSGW2B7MX20L6GFJOT0AM6P,focus,1759,off,1493612096574
AA402T4YY1S7N:3VP0C6EFSGW2B7MX20L6GFJOT0AM6P,focus,11027,on,1493612107601
AA402T4YY1S7N:3VP0C6EFSGW2B7MX20L6GFJOT0AM6P,focus,1104,off,1493612108705
AA402T4YY1S7N:3VP0C6EFSGW2B7MX20L6GFJOT0AM6P,focus,35604,on,1493612144309
AA402T4YY1S7N:3VP0C6EFSGW2B7MX20L6GFJOT0AM6P,focus,8345,off,1493612152654
AA402T4YY1S7N:3VP0C6EFSGW2B7MX20L6GFJOT0AM6P,focus,233531,on,1493612386185
AA402T4YY1S7N:3VP0C6EFSGW2B7MX20L6GFJOT0AM6P,focus,7616,off,1493612393801
AA402T4YY1S7N:3VP0C6EFSGW2B7MX20L6GFJOT0AM6P,focus,60316,on,1493612454117
AA402T4YY1S7N:3VP0C6EFSGW2B7MX20L6GFJOT0AM6P,focus,1022,off,1493612455139
AA402T4YY1S7N:3VP0C6EFSGW2B7MX20L6GFJOT0AM6P,focus,26557,on,1493612481696
AA402T4YY1S7N:3VP0C6EFSGW2B7MX20L6GFJOT0AM6P,focus,1277,off,1493612482973
AA402T4YY1S7N:3VP0C6EFSGW2B7MX20L6GFJOT0AM6P,focus,20931,on,1493612503904
AA402T4YY1S7N:3VP0C6EFSGW2B7MX20L6GFJOT0AM6P,focus,1655,off,1493612505559
AA402T4YY1S7N:3VP0C6EFSGW2B7MX20L6GFJOT0AM6P,focus,10028,on,1493612515587
AA402T4YY1S7N:3VP0C6EFSGW2B7MX20L6GFJOT0AM6P,focus,2899,off,1493612518486
AA402T4YY1S7N:3VP0C6EFSGW2B7MX20L6GFJOT0AM6P,focus,27808,on,1493612546294
AA402T4YY1S7N:3VP0C6EFSGW2B7MX20L6GFJOT0AM6P,focus,8060,off,1493612554354
AA402T4YY1S7N:3VP0C6EFSGW2B7MX20L6GFJOT0AM6P,focus,36278,on,1493612590632
AA4KKLIU4C3NY:35DR22AR5DKE80YJX5PHKTN2QDS3XK,initialized,0,,1493607261610
AA4KKLIU4C3NY:35DR22AR5DKE80YJX5PHKTN2QDS3XK,window_resize,0,"[1024, 568]",1493607261610
AA4KKLIU4C3NY:35DR22AR5DKE80YJX5PHKTN2QDS3XK,focus,29615,off,1493607291225
AA4KKLIU4C3NY:35DR22AR5DKE80YJX5PHKTN2QDS3XK,focus,17239,on,1493607308464
ABX5OQLR6UNBC:3ZAZR5XV01IRQVUHRGO3AH774Q2ZCA,initialized,0,,1493607307406
ABX5OQLR6UNBC:3ZAZR5XV01IRQVUHRGO3AH774Q2ZCA,window_resize,0,"[1024, 768]",1493607307406
ABX5OQLR6UNBC:3ZAZR5XV01IRQVUHRGO3AH774Q2ZCA,window_resize,5430,"[1600, 809]",1493607312836
ABX5OQLR6UNBC:3ZAZR5XV01IRQVUHRGO3AH774Q2ZCA,focus,139982,off,1493607452818
ABX5OQLR6UNBC:3ZAZR5XV01IRQVUHRGO3AH774Q2ZCA,focus,0,on,1493607452818
ABX5OQLR6UNBC:3ZAZR5XV01IRQVUHRGO3AH774Q2ZCA,focus,109024,off,1493607561842
ABX5OQLR6UNBC:3ZAZR5XV01IRQVUHRGO3AH774Q2ZCA,focus,1,on,1493607561843
ABX5OQLR6UNBC:3ZAZR5XV01IRQVUHRGO3AH774Q2ZCA,window_resize,166980,"[1024, 768]",1493607728823
ABX5OQLR6UNBC:3ZAZR5XV01IRQVUHRGO3AH774Q2ZCA,window_resize,5508,"[1600, 809]",1493607734331
AEHRL61KFSZ73:386CSBG1OZMTWMKPUTSNXO3T3176QW,initialized,0,,1493609105713
AEHRL61KFSZ73:386CSBG1OZMTWMKPUTSNXO3T3176QW,window_resize,0,"[1024, 678]",1493609105713
ANDT8L0OMD5K3:3DL65MZB8DFTF03LVTAQP76PGKVECL,initialized,0,,1493611502837
ANDT8L0OMD5K3:3DL65MZB8DFTF03LVTAQP76PGKVECL,window_resize,1,"[1366, 652]",1493611502838
ANDT8L0OMD5K3:3DL65MZB8DFTF03LVTAQP76PGKVECL,focus,721,on,1493611503559
ANDT8L0OMD5K3:3DL65MZB8DFTF03LVTAQP76PGKVECL,focus,22621,off,1493611526180
ANDT8L0OMD5K3:3DL65MZB8DFTF03LVTAQP76PGKVECL,focus,2678,on,1493611528858
ANDT8L0OMD5K3:3DL65MZB8DFTF03LVTAQP76PGKVECL,focus,45606,off,1493611574464
ANDT8L0OMD5K3:3DL65MZB8DFTF03LVTAQP76PGKVECL,focus,2469,on,1493611576933
ANDT8L0OMD5K3:3DL65MZB8DFTF03LVTAQP76PGKVECL,focus,47328,off,1493611624261
ANDT8L0OMD5K3:3DL65MZB8DFTF03LVTAQP76PGKVECL,focus,2273,on,1493611626534
ANDT8L0OMD5K3:3DL65MZB8DFTF03LVTAQP76PGKVECL,focus,30174,off,1493611656708
ANDT8L0OMD5K3:3DL65MZB8DFTF03LVTAQP76PGKVECL,focus,2072,on,1493611658780
ANDT8L0OMD5K3:3DL65MZB8DFTF03LVTAQP76PGKVECL,focus,12400,off,1493611671180
ANDT8L0OMD5K3:3DL65MZB8DFTF03LVTAQP76PGKVECL,focus,67985,on,1493611739165
ANDT8L0OMD5K3:3DL65MZB8DFTF03LVTAQP76PGKVECL,focus,6150,off,1493611745315
ANDT8L0OMD5K3:3DL65MZB8DFTF03LVTAQP76PGKVECL,focus,25136,on,1493611770451
ANDT8L0OMD5K3:3DL65MZB8DFTF03LVTAQP76PGKVECL,focus,29618,off,1493611800069
ANDT8L0OMD5K3:3DL65MZB8DFTF03LVTAQP76PGKVECL,focus,15568,on,1493611815637
ANDT8L0OMD5K3:3DL65MZB8DFTF03LVTAQP76PGKVECL,focus,1472,off,1493611817109
ANDT8L0OMD5K3:3DL65MZB8DFTF03LVTAQP76PGKVECL,focus,41530,on,1493611858639
ANDT8L0OMD5K3:3DL65MZB8DFTF03LVTAQP76PGKVECL,focus,107540,off,1493611966179
ANDT8L0OMD5K3:3DL65MZB8DFTF03LVTAQP76PGKVECL,focus,50901,on,1493612017080
ANDT8L0OMD5K3:3DL65MZB8DFTF03LVTAQP76PGKVECL,focus,1916,off,1493612018996
ANDT8L0OMD5K3:3DL65MZB8DFTF03LVTAQP76PGKVECL,focus,70069,on,1493612089065
ANDT8L0OMD5K3:3DL65MZB8DFTF03LVTAQP76PGKVECL,focus,183953,off,1493612273018
ANDT8L0OMD5K3:3DL65MZB8DFTF03LVTAQP76PGKVECL,focus,34189,on,1493612307207
ANDT8L0OMD5K3:3DL65MZB8DFTF03LVTAQP76PGKVECL,focus,111458,off,1493612418665
ANDT8L0OMD5K3:3DL65MZB8DFTF03LVTAQP76PGKVECL,focus,4700,on,1493612423365
ANDT8L0OMD5K3:3DL65MZB8DFTF03LVTAQP76PGKVECL,focus,45603,off,1493612468968
ANDT8L0OMD5K3:3DL65MZB8DFTF03LVTAQP76PGKVECL,focus,29935,on,1493612498903
ANDT8L0OMD5K3:3DL65MZB8DFTF03LVTAQP76PGKVECL,focus,45725,off,1493612544628
ANDT8L0OMD5K3:3DL65MZB8DFTF03LVTAQP76PGKVECL,focus,2959,on,1493612547587
ANDT8L0OMD5K3:3DL65MZB8DFTF03LVTAQP76PGKVECL,focus,61225,off,1493612608812
ANDT8L0OMD5K3:3DL65MZB8DFTF03LVTAQP76PGKVECL,focus,4593,on,1493612613405
AUY0EZC3XDJZJ:3D8YOU6S9EKLOFR6B2CS7P0I6MCU6O,initialized,0,,1493607164931
AUY0EZC3XDJZJ:3D8YOU6S9EKLOFR6B2CS7P0I6MCU6O,window_resize,0,"[1024, 668]",1493607164931
AUY0EZC3XDJZJ:3D8YOU6S9EKLOFR6B2CS7P0I6MCU6O,focus,160693,off,1493607325624
AUY0EZC3XDJZJ:3D8YOU6S9EKLOFR6B2CS7P0I6MCU6O,focus,1,on,1493607325625
AUY0EZC3XDJZJ:3D8YOU6S9EKLOFR6B2CS7P0I6MCU6O,focus,84846,off,1493607410471
AUY0EZC3XDJZJ:3D8YOU6S9EKLOFR6B2CS7P0I6MCU6O,focus,1,on,1493607410472
AUY0EZC3XDJZJ:3D8YOU6S9EKLOFR6B2CS7P0I6MCU6O,focus,487715,off,1493607898187
AUY0EZC3XDJZJ:3D8YOU6S9EKLOFR6B2CS7P0I6MCU6O,focus,3554,on,1493607901741
AUY0EZC3XDJZJ:3D8YOU6S9EKLOFR6B2CS7P0I6MCU6O,focus,103288,off,1493608005029
AUY0EZC3XDJZJ:3D8YOU6S9EKLOFR6B2CS7P0I6MCU6O,focus,3989,on,1493608009018
