A10GJ2FOR16B2I:33NF62TLXJ2J9E11172FA6WPQTQKJZ,params,{u'creationDate': u'Wed Apr  5 18:48:11 2017'}
A10GJ2FOR16B2I:33NF62TLXJ2J9E11172FA6WPQTQKJZ,final_bonus,2.02
A10VLJT7V96D9W:32M8BPYGATMICHLCTYW00DPW6XQGIM,params,{u'creationDate': u'Wed Apr  5 18:48:11 2017'}
A10VLJT7V96D9W:32M8BPYGATMICHLCTYW00DPW6XQGIM,final_bonus,2.08
A110JBKYAC0WAW:37C0GNLMHF3Z7DGKP7M3XPWUJYWD6Z,params,{u'creationDate': u'Wed Apr  5 18:48:11 2017'}
A110JBKYAC0WAW:37C0GNLMHF3Z7DGKP7M3XPWUJYWD6Z,final_bonus,1.6350000000000002
A12R2U6TBB3OOG:3KWTYT08703MML4YX5AMOWQZWCN5LR,params,{u'creationDate': u'Wed Apr  5 18:48:11 2017'}
A12R2U6TBB3OOG:3KWTYT08703MML4YX5AMOWQZWCN5LR,final_bonus,1.02
A15XX0WDRG29E7:3H8DHMCCW9B66S19RBG4781CL9SDKD,params,{u'creationDate': u'Wed Apr  5 18:48:11 2017'}
A15XX0WDRG29E7:3H8DHMCCW9B66S19RBG4781CL9SDKD,final_bonus,1.02
A16ANYLVNPKCVG:3URFVVM165INCPBHD7934NTDA2NZUL,params,{u'creationDate': u'Wed Apr  5 18:48:11 2017'}
A16ANYLVNPKCVG:3URFVVM165INCPBHD7934NTDA2NZUL,final_bonus,1.9350000000000003
A16BLPK5DB2XGM:3OJSZ2ATDSWN70FWTB9C5R8Y28Z57W,params,{u'creationDate': u'Wed Apr  5 18:48:11 2017'}
A16BLPK5DB2XGM:3OJSZ2ATDSWN70FWTB9C5R8Y28Z57W,final_bonus,1.7000000000000002
A16SJ5D3DKUEXJ:3VBEN272MKZ76VO8YAQE4FVJFVSGSE,params,{u'creationDate': u'Wed Apr  5 18:48:11 2017'}
A16SJ5D3DKUEXJ:3VBEN272MKZ76VO8YAQE4FVJFVSGSE,final_bonus,1.6350000000000002
A1743ZO14I4NFO:33SA9F9TRXU2TY9QCKAR11DS8S2WEL,params,{u'creationDate': u'Wed Apr  5 18:48:11 2017'}
A1743ZO14I4NFO:33SA9F9TRXU2TY9QCKAR11DS8S2WEL,final_bonus,2.22
A189V9652OVX56:354P56DE9K3OD2D757MKY2IQFCQ7SM,params,{u'creationDate': u'Wed Apr  5 18:48:11 2017'}
A18U9WMYFYJPR6:3ZSANO2JCF71SVSDNQKWMUV7EGLSFK,params,{u'creationDate': u'Wed Apr  5 18:48:11 2017'}
A18U9WMYFYJPR6:3ZSANO2JCF71SVSDNQKWMUV7EGLSFK,final_bonus,1.77
A19134KP9PBNXT:3HL8HNGX451JNGWEEKK55ZQHLCKF9N,params,{u'creationDate': u'Wed Apr  5 18:48:11 2017'}
A19134KP9PBNXT:3HL8HNGX451JNGWEEKK55ZQHLCKF9N,final_bonus,0.03
A19C6T7B0H4PAQ:3QXNC7EIPIVSQCHOB21K2S3DGQ809E,params,{u'creationDate': u'Wed Apr  5 18:48:11 2017'}
A19C6T7B0H4PAQ:3QXNC7EIPIVSQCHOB21K2S3DGQ809E,final_bonus,0.665
A19ED8FYO6CA36:3SNLUL3WO4N370UDY6IUW8IFW9SUL7,params,{u'creationDate': u'Wed Apr  5 18:48:11 2017'}
A19IWME4DCIU1H:3PB5A5BD0V6LNX4GA7S39OZNR1W7G2,params,{u'creationDate': u'Wed Apr  5 18:48:11 2017'}
A19IWME4DCIU1H:3PB5A5BD0V6LNX4GA7S39OZNR1W7G2,final_bonus,0.1
A1A6DUWWGNEE4W:339ANSOTR52NE3HVJPHFY5HPDE1KIN,params,{u'creationDate': u'Wed Apr  5 18:48:11 2017'}
A1A6DUWWGNEE4W:339ANSOTR52NE3HVJPHFY5HPDE1KIN,final_bonus,1.945
A1AKTFYEZ493UQ:317HQ483I7SOM92YG29VQXYT79AINU,params,{u'creationDate': u'Wed Apr  5 18:48:11 2017'}
A1AKTFYEZ493UQ:317HQ483I7SOM92YG29VQXYT79AINU,final_bonus,1.64
A1APYLD4DUK33J:3WR9XG3T63B5BHBWF6Q20Z2K2C047M,params,{u'creationDate': u'Wed Apr  5 18:48:11 2017'}
A1APYLD4DUK33J:3WR9XG3T63B5BHBWF6Q20Z2K2C047M,final_bonus,1.02
A1CN4UXQNL22OO:35BLDD71I6XNP40HIXJ809VWPPIZVT,params,{u'creationDate': u'Wed Apr  5 18:48:11 2017'}
A1CN4UXQNL22OO:35BLDD71I6XNP40HIXJ809VWPPIZVT,final_bonus,1.92
A1EK8YNHZHTW1J:3GFK2QRXX9H2XFGX1JHOX77FUQKW5I,params,{u'creationDate': u'Wed Apr  5 18:48:11 2017'}
A1EK8YNHZHTW1J:3GFK2QRXX9H2XFGX1JHOX77FUQKW5I,final_bonus,1.02
A1EN3FW93BSXQQ:3H7XDTSHKCR0DC5HIF0F14Y4L8QGWV,params,{u'creationDate': u'Wed Apr  5 18:48:11 2017'}
A1EN3FW93BSXQQ:3H7XDTSHKCR0DC5HIF0F14Y4L8QGWV,final_bonus,0
A1F1OZ54G177D8:3FPRZHYEPY7M4BTOXQOZW8QH9EXV39,params,{u'creationDate': u'Wed Apr  5 18:48:11 2017'}
A1F1OZ54G177D8:3FPRZHYEPY7M4BTOXQOZW8QH9EXV39,final_bonus,1.8050000000000002
A1F9KLZGHE9DTA:39JEC7537U1AHBP7QJZ0PBUBFRAVC7,params,{u'creationDate': u'Wed Apr  5 18:48:11 2017'}
A1F9KLZGHE9DTA:39JEC7537U1AHBP7QJZ0PBUBFRAVC7,final_bonus,2.245
A1FFMPJ0W6FHQ8:3MX2NQ3YC9UHMFLNBODAZQLM3LWX54,params,{u'creationDate': u'Wed Apr  5 18:48:11 2017'}
A1FFMPJ0W6FHQ8:3MX2NQ3YC9UHMFLNBODAZQLM3LWX54,final_bonus,1.55
A1FGKIKJYSL1MI:3VFJCI1K4ZZV5GOVJLQ9E5QNTT3GRK,params,{u'creationDate': u'Wed Apr  5 18:48:11 2017'}
A1FGKIKJYSL1MI:3VFJCI1K4ZZV5GOVJLQ9E5QNTT3GRK,final_bonus,1.64
A1FQGVP8SX5WE2:3VELCLL3GKJ1YBTJA75CQT8YN0WF1E,params,{u'creationDate': u'Wed Apr  5 18:48:11 2017'}
A1FQGVP8SX5WE2:3VELCLL3GKJ1YBTJA75CQT8YN0WF1E,final_bonus,0.485
A1G187YBG0DVMQ:3I2PTA7R3TU0V15EWXMO778B4OHKQP,params,{u'creationDate': u'Wed Apr  5 18:48:11 2017'}
A1G187YBG0DVMQ:3I2PTA7R3TU0V15EWXMO778B4OHKQP,final_bonus,1.82
A1GRPIBHW72HDU:3X65QVEQI0N7L6DDCFXU22W9OT9CL6,params,{u'creationDate': u'Wed Apr  5 18:48:11 2017'}
A1GRPIBHW72HDU:3X65QVEQI0N7L6DDCFXU22W9OT9CL6,final_bonus,1.69
A1H51PXOUAMD7W:3DL65MZB8DFTF03LVTAQP76PGCKECU,params,{u'creationDate': u'Wed Apr  5 18:48:11 2017'}
A1H51PXOUAMD7W:3DL65MZB8DFTF03LVTAQP76PGCKECU,final_bonus,1.03
A1IFF4KV23FGHJ:3EFE17QCRC5L6RJJIG8WPF7KUVYSHI,params,{u'creationDate': u'Wed Apr  5 18:48:11 2017'}
A1IFF4KV23FGHJ:3EFE17QCRC5L6RJJIG8WPF7KUVYSHI,final_bonus,1.6300000000000001
A1ITVW9X735K38:3AUQQEL7U5TQNJURE36GUASA7IQV0O,params,{u'creationDate': u'Wed Apr  5 18:48:11 2017'}
A1IXQS0AB02CPA:386PBUZZXFXUTKJJM7EGP694FTWLJ4,params,{u'creationDate': u'Wed Apr  5 18:48:11 2017'}
A1IXQS0AB02CPA:386PBUZZXFXUTKJJM7EGP694FTWLJ4,final_bonus,2.0500000000000003
A1J9IYN46FX00O:3R8YZBNQ9HIC0MYUD3XF323PY4IQ7Q,params,{u'creationDate': u'Wed Apr  5 18:48:11 2017'}
A1J9IYN46FX00O:3R8YZBNQ9HIC0MYUD3XF323PY4IQ7Q,final_bonus,1.625
A1JV64BL3WCK0G:3AUQQEL7U5TQNJURE36GUASA62DV0E,params,{u'creationDate': u'Wed Apr  5 18:48:11 2017'}
A1KAIOBTXQ77A6:3SB5N7Y3O3475M4WP87UU9P0K360G8,params,{u'creationDate': u'Wed Apr  5 18:48:11 2017'}
A1KAIOBTXQ77A6:3SB5N7Y3O3475M4WP87UU9P0K360G8,final_bonus,1.7000000000000002
A1KGCOR8OXYR72:3AZHRG4CU4K6BAS8UT0ABF0RFIL03N,params,{u'creationDate': u'Wed Apr  5 18:48:11 2017'}
A1KGCOR8OXYR72:3AZHRG4CU4K6BAS8UT0ABF0RFIL03N,final_bonus,2.02
A1L8EDNM7HZZAX:3EICBYG644W1QGPD9ULHMNJHK44CJ4,params,{u'creationDate': u'Wed Apr  5 18:48:11 2017'}
A1L8EDNM7HZZAX:3EICBYG644W1QGPD9ULHMNJHK44CJ4,final_bonus,1.6800000000000002
A1LMXY8R59ZUHU:3JC6VJ2SABJ5Q2DU0ELWFIAO20O5A9,params,{u'creationDate': u'Wed Apr  5 18:48:11 2017'}
A1LMXY8R59ZUHU:3JC6VJ2SABJ5Q2DU0ELWFIAO20O5A9,final_bonus,1.62
A1LRDHZZUVF9AZ:3PW9OPU9PQKHXHH7MCQ56AE9EWR21H,params,{u'creationDate': u'Wed Apr  5 18:48:11 2017'}
A1LRDHZZUVF9AZ:3PW9OPU9PQKHXHH7MCQ56AE9EWR21H,final_bonus,2.22
A1MADOUB1BA0A5:3HUTX6F6VUN2T9O8SEOGI6RH8NF2OF,params,{u'creationDate': u'Wed Apr  5 18:48:11 2017'}
A1MADOUB1BA0A5:3HUTX6F6VUN2T9O8SEOGI6RH8NF2OF,final_bonus,2.25
A1NGXQMOBCXDC3:3LKC68YZ3A3O5PMF6YDN6D76CU8WOP,params,{u'creationDate': u'Wed Apr  5 18:48:11 2017'}
A1NGXQMOBCXDC3:3LKC68YZ3A3O5PMF6YDN6D76CU8WOP,final_bonus,1.62
A1NW6Q6P3NBHWE:3NG53N1RLVJV0O2YNVAWHX9A4S98PB,params,{u'creationDate': u'Wed Apr  5 18:48:11 2017'}
A1NW6Q6P3NBHWE:3NG53N1RLVJV0O2YNVAWHX9A4S98PB,final_bonus,2.22
A1OQ3KL56KMQSU:35DR22AR5DKE80YJX5PHKTN2PP5X3E,params,{u'creationDate': u'Wed Apr  5 18:48:11 2017'}
A1OQ3KL56KMQSU:35DR22AR5DKE80YJX5PHKTN2PP5X3E,final_bonus,2.0500000000000003
A1P6OXEJ86HQRM:3ON104KXQKWK1WCXNEYESF11UNW4WE,params,{u'creationDate': u'Wed Apr  5 18:48:11 2017'}
A1P6OXEJ86HQRM:3ON104KXQKWK1WCXNEYESF11UNW4WE,final_bonus,1.9350000000000003
A1QCQE5XW37LN1:33L7PJKHCGYTSGV54CJGM7A7TVMT8T,params,{u'creationDate': u'Wed Apr  5 18:48:11 2017'}
A1QCQE5XW37LN1:33L7PJKHCGYTSGV54CJGM7A7TVMT8T,final_bonus,1.945
A1QFL2GS6L26HG:3TMSXRD2X6039XFE0WFCUHUYJJ51WE,params,{u'creationDate': u'Wed Apr  5 18:48:11 2017'}
A1QFL2GS6L26HG:3TMSXRD2X6039XFE0WFCUHUYJJ51WE,final_bonus,1.62
A1RTD65R1H8MQW:3E337GFOL98AQIW3QE9S5LLDSWDGNV,params,{u'creationDate': u'Wed Apr  5 18:48:11 2017'}
A1RTD65R1H8MQW:3E337GFOL98AQIW3QE9S5LLDSWDGNV,final_bonus,0
A1S8DYWNS59XWB:3SNLUL3WO4N370UDY6IUW8IFW9TUL8,params,{u'creationDate': u'Wed Apr  5 18:48:11 2017'}
A1S8DYWNS59XWB:3SNLUL3WO4N370UDY6IUW8IFW9TUL8,final_bonus,1.6300000000000001
A1SLJKNSNHOJRN:3LOZAJ85YDDPNI20T5BC1JIAJB5X23,params,{u'creationDate': u'Wed Apr  5 18:48:11 2017'}
A1SLJKNSNHOJRN:3LOZAJ85YDDPNI20T5BC1JIAJB5X23,final_bonus,1.62
A1TL6GOSY0W1YC:3DH6GAKTYYP4TYVMN86S78ZQ6QYZYJ,params,{u'creationDate': u'Wed Apr  5 18:48:11 2017'}
A1TL6GOSY0W1YC:3DH6GAKTYYP4TYVMN86S78ZQ6QYZYJ,final_bonus,1.62
A1U5BE8XJRXKW3:3L4D84MILZSS7O0TVMZIXEGXYCLJHT,params,{u'creationDate': u'Wed Apr  5 18:48:11 2017'}
A1U5BE8XJRXKW3:3L4D84MILZSS7O0TVMZIXEGXYCLJHT,final_bonus,1.62
A1U8RH67FLZW87:30BUDKLTXDV8GFU6GJNIB10FNFM5E4,params,{u'creationDate': u'Wed Apr  5 18:48:11 2017'}
A1U8RH67FLZW87:30BUDKLTXDV8GFU6GJNIB10FNFM5E4,final_bonus,1.62
A1V1BWPEQX90X1:3SUWZRL0MYD4ZJUKL2XN37EFKQ9E62,params,{u'creationDate': u'Wed Apr  5 18:48:11 2017'}
A1V1BWPEQX90X1:3SUWZRL0MYD4ZJUKL2XN37EFKQ9E62,final_bonus,2.0500000000000003
A1V1JNPU0KOA3X:3DEL4X4EL6LFO3V7MQI7ANJFYQ0XYK,params,{u'creationDate': u'Wed Apr  5 18:48:11 2017'}
A1V1JNPU0KOA3X:3DEL4X4EL6LFO3V7MQI7ANJFYQ0XYK,final_bonus,1.02
A1V2H0UF94ATWY:3AAPLD8UCCHMLRWY7GDMZK36WEDHTX,params,{u'creationDate': u'Wed Apr  5 18:48:11 2017'}
A1V2H0UF94ATWY:3AAPLD8UCCHMLRWY7GDMZK36WEDHTX,final_bonus,2.265
A1VCAMP3XM62R4:3LYA37P8IQNDRV3PDFPYCIDCIORBKF,params,{u'creationDate': u'Wed Apr  5 18:48:11 2017'}
A1VCAMP3XM62R4:3LYA37P8IQNDRV3PDFPYCIDCIORBKF,final_bonus,0.82
A1VHFF2VC2XG7P:3F0BG9B9MPNL9OPG4DE9GO6RXD2Y74,params,{u'creationDate': u'Wed Apr  5 18:48:11 2017'}
A1VHFF2VC2XG7P:3F0BG9B9MPNL9OPG4DE9GO6RXD2Y74,final_bonus,0.77
A1VW8Y7XCV3DRW:3LEIZ60CDJZPSXNEFWEC8R6ZXHE9Z5,params,{u'creationDate': u'Wed Apr  5 18:48:11 2017'}
A1VW8Y7XCV3DRW:3LEIZ60CDJZPSXNEFWEC8R6ZXHE9Z5,final_bonus,1.695
A1WYDO7PQJ8UG:3TDXMTX3CBUGFOW6HLNEOMC7CJG6I3,params,{u'creationDate': u'Wed Apr  5 18:48:11 2017'}
A1WYDO7PQJ8UG:3TDXMTX3CBUGFOW6HLNEOMC7CJG6I3,final_bonus,1.62
A1XNVHBT1JTHQ:3OCHAWUVGOKK4Y6QIBHG1F441R4KXM,params,{u'creationDate': u'Wed Apr  5 18:48:11 2017'}
A1XNVHBT1JTHQ:3OCHAWUVGOKK4Y6QIBHG1F441R4KXM,final_bonus,0.23500000000000001
A1ZAFHQLJJFQ15:3TEM0PF1Q5X4T2U5NI6MOOM36VA0DL,params,{u'creationDate': u'Wed Apr  5 18:48:11 2017'}
A1ZAFHQLJJFQ15:3TEM0PF1Q5X4T2U5NI6MOOM36VA0DL,final_bonus,1.92
A1ZN6V0PU8VVAH:3VD82FOHKQOFRRGAP7DMUJ03JYECON,params,{u'creationDate': u'Wed Apr  5 18:48:11 2017'}
A1ZN6V0PU8VVAH:3VD82FOHKQOFRRGAP7DMUJ03JYECON,final_bonus,1.6300000000000001
A1ZWJF3V4NXN6H:3IHR8NYAM71UHNFWBSKJ0LT52664PT,params,{u'creationDate': u'Wed Apr  5 18:48:11 2017'}
A1ZWJF3V4NXN6H:3IHR8NYAM71UHNFWBSKJ0LT52664PT,final_bonus,2.245
A209V1OUPBH5XP:31T4R4OBOSG86LOB8LWKJXE8UPNC7D,params,{u'creationDate': u'Wed Apr  5 18:48:11 2017'}
A209V1OUPBH5XP:31T4R4OBOSG86LOB8LWKJXE8UPNC7D,final_bonus,1.9500000000000002
A20Z5O57UDPFLX:39DD6S19JPB6NTEVN7UY057AOEUEZK,params,{u'creationDate': u'Wed Apr  5 18:48:11 2017'}
A20Z5O57UDPFLX:39DD6S19JPB6NTEVN7UY057AOEUEZK,final_bonus,2.035
A216MK0DNQUN4G:3BXQMRHWKZYNDICYYIJ9WLX4WEKUMB,params,{u'creationDate': u'Wed Apr  5 18:48:11 2017'}
A21S7MA9DCW95E:3NJM2BJS4W6XCRSB47Q1JJ5TT3ACP4,params,{u'creationDate': u'Wed Apr  5 18:48:11 2017'}
A21S7MA9DCW95E:3NJM2BJS4W6XCRSB47Q1JJ5TT3ACP4,final_bonus,2.075
A22KRF782ELLB0:354GIDR5ZB6AUITBB6IR9H2KC6100S,params,{u'creationDate': u'Wed Apr  5 18:48:11 2017'}
A22KRF782ELLB0:354GIDR5ZB6AUITBB6IR9H2KC6100S,final_bonus,2.22
A22LZ62E0UC4VL:3FQ5JJ512LOFS4SMG5U73DD6ZDVKN3,params,{u'creationDate': u'Wed Apr  5 18:48:11 2017'}
A22LZ62E0UC4VL:3FQ5JJ512LOFS4SMG5U73DD6ZDVKN3,final_bonus,0.39
A2389DERMNF3ZB:3BEFOD78W6TOWKIJJCSRJHZAX1V4MX,params,{u'creationDate': u'Wed Apr  5 18:48:11 2017'}
A2389DERMNF3ZB:3BEFOD78W6TOWKIJJCSRJHZAX1V4MX,final_bonus,1.6300000000000001
A23D936C6QLI2D:3O6CYIULED1JIU6C2KPW5JZVUGWWU2,params,{u'creationDate': u'Wed Apr  5 18:48:11 2017'}
A23D936C6QLI2D:3O6CYIULED1JIU6C2KPW5JZVUGWWU2,final_bonus,1.64
A244EKNW5A7ETP:3OS46CRSLFZL1UG6GSMX3B21KLCV6P,params,{u'creationDate': u'Wed Apr  5 18:48:11 2017'}
A244EKNW5A7ETP:3OS46CRSLFZL1UG6GSMX3B21KLCV6P,final_bonus,0
A24LC97AU3QC7G:3X4JMASXCM9BE5WL9MFGTYY33AY0BE,params,{u'creationDate': u'Wed Apr  5 18:48:11 2017'}
A24LC97AU3QC7G:3X4JMASXCM9BE5WL9MFGTYY33AY0BE,final_bonus,0.435
A252Z0ZJ7PF59Q:3HFNH7HEMHEVTF9V66199FGIX70QGS,params,{u'creationDate': u'Wed Apr  5 18:48:11 2017'}
A252Z0ZJ7PF59Q:3HFNH7HEMHEVTF9V66199FGIX70QGS,final_bonus,1.26
A259UZJQOOVE4V:35K3O9HUABD0ICNVMV0RXDRSDPEFE8,params,{u'creationDate': u'Wed Apr  5 18:48:11 2017'}
A259UZJQOOVE4V:35K3O9HUABD0ICNVMV0RXDRSDPEFE8,final_bonus,1.035
A26TY8FHMJ183C:3L6L49WXW0XQODXDRDB52FOOAQS54Y,params,{u'creationDate': u'Wed Apr  5 18:48:11 2017'}
A26TY8FHMJ183C:3L6L49WXW0XQODXDRDB52FOOAQS54Y,final_bonus,2.2600000000000002
A26WH4HE1GJ5W9:3ATPCQ38J8A3SQNEBGQTQF8HYLCAYB,params,{u'creationDate': u'Wed Apr  5 18:48:11 2017'}
A26WH4HE1GJ5W9:3ATPCQ38J8A3SQNEBGQTQF8HYLCAYB,final_bonus,2.09
A27MJOV91GA8R3:3U84XHCDICDOVRH2Y1ILRJVJBP04Z4,params,{u'creationDate': u'Wed Apr  5 18:48:11 2017'}
A27MJOV91GA8R3:3U84XHCDICDOVRH2Y1ILRJVJBP04Z4,final_bonus,2.22
A28RX7L0QZ993M:3DR23U6WE5EA1H5WHF5GEH6T4YLTET,params,{u'creationDate': u'Wed Apr  5 18:48:11 2017'}
A28RX7L0QZ993M:3DR23U6WE5EA1H5WHF5GEH6T4YLTET,final_bonus,0.75
A28ZPY6D5AS7GZ:3RRCEFRB7MCSDTEMSN2I51OGL2RB4F,params,{u'creationDate': u'Wed Apr  5 18:48:11 2017'}
A28ZPY6D5AS7GZ:3RRCEFRB7MCSDTEMSN2I51OGL2RB4F,final_bonus,1.6350000000000002
A2A07J1P6YEW6Z:3K9FOBBF2HJQCAA41568IDQLODZNL8,params,{u'creationDate': u'Wed Apr  5 18:48:11 2017'}
A2A07J1P6YEW6Z:3K9FOBBF2HJQCAA41568IDQLODZNL8,final_bonus,1.9300000000000002
A2A0M30DSA7ZN:37TD41K0AH9UPJ83WOUVEOA4GNHCSK,params,{u'creationDate': u'Wed Apr  5 18:48:11 2017'}
A2A0M30DSA7ZN:37TD41K0AH9UPJ83WOUVEOA4GNHCSK,final_bonus,1.7750000000000001
A2AWBDW9V1E9KT:3J2UYBXQQLC58TFQDVY8IICBQPB60K,params,{u'creationDate': u'Wed Apr  5 18:48:11 2017'}
A2AWBDW9V1E9KT:3J2UYBXQQLC58TFQDVY8IICBQPB60K,final_bonus,1.62
A2C2WXXKJOLCZ2:3JJVG1YBEBXA9CIM6SLSATUUKI95B4,params,{u'creationDate': u'Wed Apr  5 18:48:11 2017'}
A2C2WXXKJOLCZ2:3JJVG1YBEBXA9CIM6SLSATUUKI95B4,final_bonus,0.7400000000000001
A2C70CEYBGWK97:3I33IC7ZWF2DR5U7IVJYHB7CIQX2A5,params,{u'creationDate': u'Wed Apr  5 18:48:11 2017'}
A2C70CEYBGWK97:3I33IC7ZWF2DR5U7IVJYHB7CIQX2A5,final_bonus,2.2399999999999998
A2C7WH5KWEHKCS:3OWEPKL089CRXPL2XB5YZ88KSDI7NA,params,{u'creationDate': u'Wed Apr  5 18:48:11 2017'}
A2C7WH5KWEHKCS:3OWEPKL089CRXPL2XB5YZ88KSDI7NA,final_bonus,1.045
A2CF2BD4Q0ZDJN:3DR23U6WE5EA1H5WHF5GEH6T3I8ET4,params,{u'creationDate': u'Wed Apr  5 18:48:11 2017'}
A2CF2BD4Q0ZDJN:3DR23U6WE5EA1H5WHF5GEH6T3I8ET4,final_bonus,2.245
A2D7WIOB6SIRCO:33SA9F9TRXU2TY9QCKAR11DS8S4WEN,params,{u'creationDate': u'Wed Apr  5 18:48:11 2017'}
A2D7WIOB6SIRCO:33SA9F9TRXU2TY9QCKAR11DS8S4WEN,final_bonus,1.9350000000000003
A2EOOF9D135HQ1:3XUHV3NRVKYK0PL86KVOW4XSF275HR,params,{u'creationDate': u'Wed Apr  5 18:48:11 2017'}
A2EOOF9D135HQ1:3XUHV3NRVKYK0PL86KVOW4XSF275HR,final_bonus,2.04
A2GR3333S2F53G:3DUZQ9U6SMOQOSE3N5P04GYT2A9VSB,params,{u'creationDate': u'Wed Apr  5 18:48:11 2017'}
A2GR3333S2F53G:3DUZQ9U6SMOQOSE3N5P04GYT2A9VSB,final_bonus,1.0650000000000002
A2GTJ0BD4CG1A2:3V0Z7YWSIY0XJTX5TQAUDYLP30XV2Y,params,{u'creationDate': u'Wed Apr  5 18:48:11 2017'}
A2GTJ0BD4CG1A2:3V0Z7YWSIY0XJTX5TQAUDYLP30XV2Y,final_bonus,1.645
A2HHGI5CNSS5PD:3Y54SXRO1LLRQD2I7FKLIZSWP61UT0,params,{u'creationDate': u'Wed Apr  5 18:48:11 2017'}
A2HHGI5CNSS5PD:3Y54SXRO1LLRQD2I7FKLIZSWP61UT0,final_bonus,1.64
A2KNGJAR5Y0HYW:33PPO7FECVFF0XBLR8VSUSMZT53DI2,params,{u'creationDate': u'Wed Apr  5 18:48:11 2017'}
A2KNGJAR5Y0HYW:33PPO7FECVFF0XBLR8VSUSMZT53DI2,final_bonus,1.7750000000000001
A2NA6IBETFV705:3JMSRU9HQIUPE99LMA5VFZUE1J8VEI,params,{u'creationDate': u'Wed Apr  5 18:48:11 2017'}
A2NA6IBETFV705:3JMSRU9HQIUPE99LMA5VFZUE1J8VEI,final_bonus,1.9350000000000003
A2OGCXGLS44ZAO:3U5JL4WY5K9ZQWHNXJU0UYF845EX49,params,{u'creationDate': u'Wed Apr  5 18:48:11 2017'}
A2OGCXGLS44ZAO:3U5JL4WY5K9ZQWHNXJU0UYF845EX49,final_bonus,1.645
A2OJ5XOEKTKRR9:37U1UTWH9VMGC1ID0NELMS9P5AQ8RW,params,{u'creationDate': u'Wed Apr  5 18:48:11 2017'}
A2OJ5XOEKTKRR9:37U1UTWH9VMGC1ID0NELMS9P5AQ8RW,final_bonus,1.035
A2PZG5F8RIESH9:3WLEIWSYHOHS1S2LO1TQYXUGW172HX,params,{u'creationDate': u'Wed Apr  5 18:48:11 2017'}
A2PZG5F8RIESH9:3WLEIWSYHOHS1S2LO1TQYXUGW172HX,final_bonus,2.02
A2QELT2R92G9SS:37FMASSAYCRML0D1DC4MZ2YZQKRBIT,params,{u'creationDate': u'Wed Apr  5 18:48:11 2017'}
A2QELT2R92G9SS:37FMASSAYCRML0D1DC4MZ2YZQKRBIT,final_bonus,1.7850000000000001
A2R8IV2PWFTY00:37UQDCYH6XV45UUBZ2RP9P2XEGJV7E,params,{u'creationDate': u'Wed Apr  5 18:48:11 2017'}
A2R8IV2PWFTY00:37UQDCYH6XV45UUBZ2RP9P2XEGJV7E,final_bonus,1.07
A2RW5RMHEN1MF7:30LB5CDZNCA7W3Z1F0VJFG56VT4Z00,params,{u'creationDate': u'Wed Apr  5 18:48:11 2017'}
A2RW5RMHEN1MF7:30LB5CDZNCA7W3Z1F0VJFG56VT4Z00,final_bonus,1.645
A2VNR6984SDFGQ:3AQF3RZ558IW5XUGGDHTLPZFWRV6FJ,params,{u'creationDate': u'Wed Apr  5 18:48:11 2017'}
A2VNR6984SDFGQ:3AQF3RZ558IW5XUGGDHTLPZFWRV6FJ,final_bonus,1.625
A2W3QPD493MHEI:3NPI0JQDAO5EY8UMQTLR8T5XI5RTPI,params,{u'creationDate': u'Wed Apr  5 18:48:11 2017'}
A2W3QPD493MHEI:3NPI0JQDAO5EY8UMQTLR8T5XI5RTPI,final_bonus,0.335
A2Y105ODF4S5DF:3VP0C6EFSGW2B7MX20L6GFJOTS06MJ,params,{u'creationDate': u'Wed Apr  5 18:48:11 2017'}
A2Y105ODF4S5DF:3VP0C6EFSGW2B7MX20L6GFJOTS06MJ,final_bonus,0.79
A2YJQUHFIXNOY0:3EO896NRAWVICXROVGG7BXJL8XXJT1,params,{u'creationDate': u'Wed Apr  5 18:48:11 2017'}
A2YJQUHFIXNOY0:3EO896NRAWVICXROVGG7BXJL8XXJT1,final_bonus,1.6350000000000002
A2ZRF4I5RTKN7G:3EFVCAY5L39ZEDZ0SI5CK1NYVTVJ8E,params,{u'creationDate': u'Wed Apr  5 18:48:11 2017'}
A2ZRF4I5RTKN7G:3EFVCAY5L39ZEDZ0SI5CK1NYVTVJ8E,final_bonus,1.64
A2ZUKYMM3YV6JN:337RC3OW0523KFJD3WSZSUKYAG8VL4,params,{u'creationDate': u'Wed Apr  5 18:48:11 2017'}
A2ZUKYMM3YV6JN:337RC3OW0523KFJD3WSZSUKYAG8VL4,final_bonus,0.39
A323J33EFSM2Z4:30X31N5D63Q6W4B5CAY48TKGH0ESAD,params,{u'creationDate': u'Wed Apr  5 18:48:11 2017'}
A323J33EFSM2Z4:30X31N5D63Q6W4B5CAY48TKGH0ESAD,final_bonus,1.6350000000000002
A338QNPKTOI7DF:3XIQGXAUMC8W9JZ6ZHS7XAZIURRX7J,params,{u'creationDate': u'Wed Apr  5 18:48:11 2017'}
A338QNPKTOI7DF:3XIQGXAUMC8W9JZ6ZHS7XAZIURRX7J,final_bonus,0.78
A33S9Z0SQC71A0:3LEP4MGT3G05DPXFLY3B85IMYFJBDR,params,{u'creationDate': u'Wed Apr  5 18:48:11 2017'}
A33S9Z0SQC71A0:3LEP4MGT3G05DPXFLY3B85IMYFJBDR,final_bonus,1.6850000000000003
A34CDAXB2IMLDP:36WLNQG78ZAA5VBFHTEVEN07YRKEBN,params,{u'creationDate': u'Wed Apr  5 18:48:11 2017'}
A34CDAXB2IMLDP:36WLNQG78ZAA5VBFHTEVEN07YRKEBN,final_bonus,1.645
A34XI67018IK8:33PPUNGG385VWXJ09DEYZC6T4JYZRT,params,{u'creationDate': u'Wed Apr  5 18:48:11 2017'}
A34XI67018IK8:33PPUNGG385VWXJ09DEYZC6T4JYZRT,final_bonus,0.36000000000000004
A387KV7QV80X50:37Q970SNZE8A2GY5GR5BXSRDD69S1Q,params,{u'creationDate': u'Wed Apr  5 18:48:11 2017'}
A387KV7QV80X50:37Q970SNZE8A2GY5GR5BXSRDD69S1Q,final_bonus,1.02
A3B58QWMTBXVE0:3YW4XOSQKQLQHTQ95W0BCT91Y3O1U9,params,{u'creationDate': u'Wed Apr  5 18:48:11 2017'}
A3B58QWMTBXVE0:3YW4XOSQKQLQHTQ95W0BCT91Y3O1U9,final_bonus,1.8
A3BBDCU69807T2:3GDTJDAPVUBPFL5LVFI40TFFZNQM8L,params,{u'creationDate': u'Wed Apr  5 18:48:11 2017'}
A3BBDCU69807T2:3GDTJDAPVUBPFL5LVFI40TFFZNQM8L,final_bonus,2.245
A3CTRPYM593S4J:3W92K5RLWUHPIQGSB9CSB5O1NAOV5Z,params,{u'creationDate': u'Wed Apr  5 18:48:11 2017'}
A3CTRPYM593S4J:3W92K5RLWUHPIQGSB9CSB5O1NAOV5Z,final_bonus,1.9800000000000002
A3DX21ASK1EALY:3XUHV3NRVKYK0PL86KVOW4XSGBZ5H2,params,{u'creationDate': u'Wed Apr  5 18:48:11 2017'}
A3DX21ASK1EALY:3XUHV3NRVKYK0PL86KVOW4XSGBZ5H2,final_bonus,2.25
A3E3OELJKHW58C:3TVRFO09GKFVO4O83BTHGFHJPBWXLS,params,{u'creationDate': u'Wed Apr  5 18:48:11 2017'}
A3E3OELJKHW58C:3TVRFO09GKFVO4O83BTHGFHJPBWXLS,final_bonus,1.0250000000000001
A3FXTY1BHF76OI:38JBBYETQOAQKWQ62E4869U1OZAE4O,params,{u'creationDate': u'Wed Apr  5 18:48:11 2017'}
A3FXTY1BHF76OI:38JBBYETQOAQKWQ62E4869U1OZAE4O,final_bonus,2.04
A3GLMBZSG3VU4P:39ASUFLU6X7HIYEGMP6D3KRZHU8EXW,params,{u'creationDate': u'Wed Apr  5 18:48:11 2017'}
A3GLMBZSG3VU4P:39ASUFLU6X7HIYEGMP6D3KRZHU8EXW,final_bonus,1.6350000000000002
A3H0CLC0K4XE00:3NXNZ5RS1AX68NH8W1MTH7D0O4M97V,params,{u'creationDate': u'Wed Apr  5 18:48:11 2017'}
A3H0CLC0K4XE00:3NXNZ5RS1AX68NH8W1MTH7D0O4M97V,final_bonus,1.6350000000000002
A3HVFSD8K94SOR:3TS1AR6UQQEF9X8LZNMLR3ZBQMW7F3,params,{u'creationDate': u'Wed Apr  5 18:48:11 2017'}
A3HVFSD8K94SOR:3TS1AR6UQQEF9X8LZNMLR3ZBQMW7F3,final_bonus,1.02
A3I3JQX0P2F0K3:31Z0PCVWUKFPS2QMU7RA87ECHV47TB,params,{u'creationDate': u'Wed Apr  5 18:48:11 2017'}
A3I3JQX0P2F0K3:31Z0PCVWUKFPS2QMU7RA87ECHV47TB,final_bonus,1.92
A3I6BRC06LZA5Z:3W2LOLRXLBF072KE9CBOCXIG0AJKRQ,params,{u'creationDate': u'Wed Apr  5 18:48:11 2017'}
A3I6BRC06LZA5Z:3W2LOLRXLBF072KE9CBOCXIG0AJKRQ,final_bonus,0.34500000000000003
A3IC7ZQ257WUNV:3LUY3GC63Z0R0AXFDQIQ3XDFT837PN,params,{u'creationDate': u'Wed Apr  5 18:48:11 2017'}
A3IC7ZQ257WUNV:3LUY3GC63Z0R0AXFDQIQ3XDFT837PN,final_bonus,2.27
A3JRTXSXU2IJEJ:3FDJT1UU748B2FMGC5YL9WDK8SV5KY,params,{u'creationDate': u'Wed Apr  5 18:48:11 2017'}
A3JRTXSXU2IJEJ:3FDJT1UU748B2FMGC5YL9WDK8SV5KY,final_bonus,2.02
A3JTDNRJYVCGQD:3STRJBFXOWRDNHX6D1GJCCJYOVPKTC,params,{u'creationDate': u'Wed Apr  5 18:48:11 2017'}
A3JTDNRJYVCGQD:3STRJBFXOWRDNHX6D1GJCCJYOVPKTC,final_bonus,1.62
A3JTMXHPNCUFNX:3ERMJ6L4DYSLF702LAQYMTJKNN87MA,params,{u'creationDate': u'Wed Apr  5 18:48:11 2017'}
A3JTMXHPNCUFNX:3ERMJ6L4DYSLF702LAQYMTJKNN87MA,final_bonus,0.265
A3MD34XEB4H6JF:39LOEL67OS5OTZXBPXDP4U69ZWG38T,params,{u'creationDate': u'Wed Apr  5 18:48:11 2017'}
A3MD34XEB4H6JF:39LOEL67OS5OTZXBPXDP4U69ZWG38T,final_bonus,0
A3MHYBS6PHJ5QG:3NGI5ARFTT5DPOIDOA1H2NM2QMW1PD,params,{u'creationDate': u'Wed Apr  5 18:48:11 2017'}
A3MHYBS6PHJ5QG:3NGI5ARFTT5DPOIDOA1H2NM2QMW1PD,final_bonus,2.2350000000000003
A3OFERTUFFQ6TB:36ZN444YTRY64U2AHH985MYYXJJIOD,params,{u'creationDate': u'Wed Apr  5 18:48:11 2017'}
A3OFERTUFFQ6TB:36ZN444YTRY64U2AHH985MYYXJJIOD,final_bonus,1.6500000000000001
A3PDHDQZZKCTT5:3EG49X351UCD5JL1G7NFRWZMZG7X6K,params,{u'creationDate': u'Wed Apr  5 18:48:11 2017'}
A3PDHDQZZKCTT5:3EG49X351UCD5JL1G7NFRWZMZG7X6K,final_bonus,0.7200000000000001
A3PVOYZ9WNWAFS:34S6N1K2ZVJY2EOTY7BVDTTP21QLHX,params,{u'creationDate': u'Wed Apr  5 18:48:11 2017'}
A3QS96739O5M6F:3UN61F00HWPXPJZB2P7IA8ZY3KT5RV,params,{u'creationDate': u'Wed Apr  5 18:48:11 2017'}
A3QS96739O5M6F:3UN61F00HWPXPJZB2P7IA8ZY3KT5RV,final_bonus,0.2
A3R1O5UC9QJGKY:3Z4XG4ZF48R09X4P9MKDBAVD5BXX86,params,{u'creationDate': u'Wed Apr  5 18:48:11 2017'}
A3R1O5UC9QJGKY:3Z4XG4ZF48R09X4P9MKDBAVD5BXX86,final_bonus,1.645
A3RMV9ZGFJ0HHF:3T3IWE1XG6NZYKV1Q60G8YV7N1BQT4,params,{u'creationDate': u'Wed Apr  5 18:48:11 2017'}
A3RMV9ZGFJ0HHF:3T3IWE1XG6NZYKV1Q60G8YV7N1BQT4,final_bonus,2.2399999999999998
A3RS7UCO7CQ74R:3H0W84IWBK2XL2S4DQ0LE25BGDNER0,params,{u'creationDate': u'Wed Apr  5 18:48:11 2017'}
A3RS7UCO7CQ74R:3H0W84IWBK2XL2S4DQ0LE25BGDNER0,final_bonus,1.77
A3RUUTINBKU8YE:3J2UYBXQQLC58TFQDVY8IICBP9N06T,params,{u'creationDate': u'Wed Apr  5 18:48:11 2017'}
A3RUUTINBKU8YE:3J2UYBXQQLC58TFQDVY8IICBP9N06T,final_bonus,2.22
A3SDFAOJW87FGP:38F5OAUN5NCZNTZRUDALUOBO6197H1,params,{u'creationDate': u'Wed Apr  5 18:48:11 2017'}
A3SDFAOJW87FGP:38F5OAUN5NCZNTZRUDALUOBO6197H1,final_bonus,0.2
A3SJXQIIQLBI6C:304SM51WA34BFEGXIOY0344MZITSB2,params,{u'creationDate': u'Wed Apr  5 18:48:11 2017'}
A3SJXQIIQLBI6C:304SM51WA34BFEGXIOY0344MZITSB2,final_bonus,2.2399999999999998
A3T1FM3126RW25:37TRT2X24QRIGBX7VUPMB3DZ3ZGJBD,params,{u'creationDate': u'Wed Apr  5 18:48:11 2017'}
A3T1FM3126RW25:37TRT2X24QRIGBX7VUPMB3DZ3ZGJBD,final_bonus,1.9500000000000002
A3T9LVCYQIS4UT:3NL0RFNU0FNT6WIGY0FB44768W8K4G,params,{u'creationDate': u'Wed Apr  5 18:48:11 2017'}
A3T9LVCYQIS4UT:3NL0RFNU0FNT6WIGY0FB44768W8K4G,final_bonus,2.22
A3TK7HVFEKB00R:323Q6SJS8IGC2MEXCW8XIGO5556HFQ,params,{u'creationDate': u'Wed Apr  5 18:48:11 2017'}
A3TK7HVFEKB00R:323Q6SJS8IGC2MEXCW8XIGO5556HFQ,final_bonus,2.25
A3U17GQINE1A3Q:3WAKVUDHUWG4SF5BUCHKD30E1PTU74,params,{u'creationDate': u'Wed Apr  5 18:48:11 2017'}
A3U17GQINE1A3Q:3WAKVUDHUWG4SF5BUCHKD30E1PTU74,final_bonus,1.9500000000000002
A3U2UNSYDPS933:3IO1LGZLK9XNQIKT8ZBNBXIT9NC68W,params,{u'creationDate': u'Wed Apr  5 18:48:11 2017'}
A3U2UNSYDPS933:3IO1LGZLK9XNQIKT8ZBNBXIT9NC68W,final_bonus,1.6300000000000001
A3U3PJ0F4ZQU4D:3E4GGUZ1T8RJ3I3TUMWNBPA8OI8K2G,params,{u'creationDate': u'Wed Apr  5 18:48:11 2017'}
A3U3PJ0F4ZQU4D:3E4GGUZ1T8RJ3I3TUMWNBPA8OI8K2G,final_bonus,1.545
A3U5CRG5S8I800:3VZLGYJEYLAFTT5CICKQOUSH4K4ZXD,params,{u'creationDate': u'Wed Apr  5 18:48:11 2017'}
A3U5CRG5S8I800:3VZLGYJEYLAFTT5CICKQOUSH4K4ZXD,final_bonus,1.645
A3U761PEG7MFKT:3K2755HG5S3VQ69VQ0P7RV97DDBDFB,params,{u'creationDate': u'Wed Apr  5 18:48:11 2017'}
A3U761PEG7MFKT:3K2755HG5S3VQ69VQ0P7RV97DDBDFB,final_bonus,0.2
A49HPQ9P5AHU4:32Z9ZLUT1LK68ZRQBZRN5AXJX62HOH,params,{u'creationDate': u'Wed Apr  5 18:48:11 2017'}
A49HPQ9P5AHU4:32Z9ZLUT1LK68ZRQBZRN5AXJX62HOH,final_bonus,1.64
A4IEHQI7RBRDX:3XIQGXAUMC8W9JZ6ZHS7XAZIURS7XU,params,{u'creationDate': u'Wed Apr  5 18:48:11 2017'}
A4IEHQI7RBRDX:3XIQGXAUMC8W9JZ6ZHS7XAZIURS7XU,final_bonus,1.11
A5T9IFDZ3W4T6:37QW5D2ZRGMSDGIQFCEQC2ELRC9S84,params,{u'creationDate': u'Wed Apr  5 18:48:11 2017'}
A5T9IFDZ3W4T6:37QW5D2ZRGMSDGIQFCEQC2ELRC9S84,final_bonus,1.3550000000000002
A6JOC24PSUEEC:3HWRJOOET529MHSHSF0Q4CA71ZTSES,params,{u'creationDate': u'Wed Apr  5 18:48:11 2017'}
A6JOC24PSUEEC:3HWRJOOET529MHSHSF0Q4CA71ZTSES,final_bonus,1.9600000000000002
A74LOI8LCZG0U:3OLQQLKKNSPGNE9R5LRCCBJK6WTEJ8,params,{u'creationDate': u'Wed Apr  5 18:48:11 2017'}
A74LOI8LCZG0U:3OLQQLKKNSPGNE9R5LRCCBJK6WTEJ8,final_bonus,2.25
A7VOGCVAR7H00:3GS6S824SQX6N4M35JDARO71MK6WND,params,{u'creationDate': u'Wed Apr  5 18:48:11 2017'}
A81J8KZ80P13V:3LYA37P8IQNDRV3PDFPYCIDCIOQKBN,params,{u'creationDate': u'Wed Apr  5 18:48:11 2017'}
A81J8KZ80P13V:3LYA37P8IQNDRV3PDFPYCIDCIOQKBN,final_bonus,1.94
A899L8WYC76AD:3WI0P0II61SSTWE4HVP18KNQG1MDR6,params,{u'creationDate': u'Wed Apr  5 18:48:11 2017'}
A899L8WYC76AD:3WI0P0II61SSTWE4HVP18KNQG1MDR6,final_bonus,2.045
A9BRH899F1PW7:3DY46V3X3PI8KW1D5IUF77U2AMN553,params,{u'creationDate': u'Wed Apr  5 18:48:11 2017'}
A9BRH899F1PW7:3DY46V3X3PI8KW1D5IUF77U2AMN553,final_bonus,1.9850000000000003
AAWX7QFQUNM6D:3PS7W85Z8Z2T6LEF94PUM35ID1JT9X,params,{u'creationDate': u'Wed Apr  5 18:48:11 2017'}
AAWX7QFQUNM6D:3PS7W85Z8Z2T6LEF94PUM35ID1JT9X,final_bonus,1.795
ABLOHOJH95YT9:3UNH76FOCS54URW38JGYZ63HS22MY8,params,{u'creationDate': u'Wed Apr  5 18:48:11 2017'}
ABLOHOJH95YT9:3UNH76FOCS54URW38JGYZ63HS22MY8,final_bonus,1.645
ACSS93E03ZUGX:3V0Z7YWSIY0XJTX5TQAUDYLP4GAV28,params,{u'creationDate': u'Wed Apr  5 18:48:11 2017'}
ACSS93E03ZUGX:3V0Z7YWSIY0XJTX5TQAUDYLP4GAV28,final_bonus,0.49500000000000005
AD317NO9623GZ:3M81GAB8A0JZ2Y1KQK9V84PLHU8QBB,params,{u'creationDate': u'Wed Apr  5 18:48:11 2017'}
AD317NO9623GZ:3M81GAB8A0JZ2Y1KQK9V84PLHU8QBB,final_bonus,0.39
AEF74ZYJTTEIA:3X73LLYYQ1EOQEREAKRAQLXE6GEHNM,params,{u'creationDate': u'Wed Apr  5 18:48:11 2017'}
AEF74ZYJTTEIA:3X73LLYYQ1EOQEREAKRAQLXE6GEHNM,final_bonus,1.9350000000000003
AEZSDZ4PS9CAC:3RYC5T2D73T1ITHUM4GW8E4FUKQPRX,params,{u'creationDate': u'Wed Apr  5 18:48:11 2017'}
AEZSDZ4PS9CAC:3RYC5T2D73T1ITHUM4GW8E4FUKQPRX,final_bonus,1.64
AFSB8WBSUU2B4:3LUY3GC63Z0R0AXFDQIQ3XDFT817PL,params,{u'creationDate': u'Wed Apr  5 18:48:11 2017'}
AFSB8WBSUU2B4:3LUY3GC63Z0R0AXFDQIQ3XDFT817PL,final_bonus,1.06
AG231J0VXCNDC:3LO69W1SU3DK2ITIE1TDSTHON1DGLT,params,{u'creationDate': u'Wed Apr  5 18:48:11 2017'}
AG231J0VXCNDC:3LO69W1SU3DK2ITIE1TDSTHON1DGLT,final_bonus,2.02
AHMIE8JUIQZMI:3WJ1OXY92AGODKWWYCSZR2KF5628AO,params,{u'creationDate': u'Wed Apr  5 18:48:11 2017'}
AHMIE8JUIQZMI:3WJ1OXY92AGODKWWYCSZR2KF5628AO,final_bonus,1.9350000000000003
AIWEXPJAU66D9:3G5W44VEU7I9ICB0T1HCDT49Y1LKG7,params,{u'creationDate': u'Wed Apr  5 18:48:11 2017'}
AIWEXPJAU66D9:3G5W44VEU7I9ICB0T1HCDT49Y1LKG7,final_bonus,0.38
AJD3JOWNVDZD1:3TU5ZICBRD1G003DN8PLH2ZK9ONQ8C,params,{u'creationDate': u'Wed Apr  5 18:48:11 2017'}
AJD3JOWNVDZD1:3TU5ZICBRD1G003DN8PLH2ZK9ONQ8C,final_bonus,1.54
AJNQ2PBD07FKE:3BDCF01OGXUKO9EI87FJZTOSSX3YL9,params,{u'creationDate': u'Wed Apr  5 18:48:11 2017'}
AJNQ2PBD07FKE:3BDCF01OGXUKO9EI87FJZTOSSX3YL9,final_bonus,2.22
AKX2W7899TSSJ:32XVDSJFPZXET63WFY93Q22CDN72M7,params,{u'creationDate': u'Wed Apr  5 18:48:11 2017'}
AKX2W7899TSSJ:32XVDSJFPZXET63WFY93Q22CDN72M7,final_bonus,2.0500000000000003
AL7IO193NSD5H:337RC3OW0523KFJD3WSZSUKYAG1LVN,params,{u'creationDate': u'Wed Apr  5 18:48:11 2017'}
AL7IO193NSD5H:337RC3OW0523KFJD3WSZSUKYAG1LVN,final_bonus,1.64
ALDQRWYZ8KQ9A:3QL2OFSM96IX96GYOSD9FU0YTO9CN8,params,{u'creationDate': u'Wed Apr  5 18:48:11 2017'}
ALDQRWYZ8KQ9A:3QL2OFSM96IX96GYOSD9FU0YTO9CN8,final_bonus,1.645
ALF9AAZGQP4K5:37ZHEEHM6WMKTLSSFSLJQUAEOC4734,params,{u'creationDate': u'Wed Apr  5 18:48:11 2017'}
ALF9AAZGQP4K5:37ZHEEHM6WMKTLSSFSLJQUAEOC4734,final_bonus,1.625
ALJMDVY95Y5G4:3DH6GAKTYYP4TYVMN86S78ZQ76EYZV,params,{u'creationDate': u'Wed Apr  5 18:48:11 2017'}
ALJMDVY95Y5G4:3DH6GAKTYYP4TYVMN86S78ZQ76EYZV,final_bonus,0.25
AMA18W8F60Y2J:34S9DKFK73PAC9H3KKVYCLSHXS3YNB,params,{u'creationDate': u'Wed Apr  5 18:48:11 2017'}
AMA18W8F60Y2J:34S9DKFK73PAC9H3KKVYCLSHXS3YNB,final_bonus,1.27
AN1QPOIFVS9LC:3WI0P0II61SSTWE4HVP18KNQG1NDR7,params,{u'creationDate': u'Wed Apr  5 18:48:11 2017'}
AN1QPOIFVS9LC:3WI0P0II61SSTWE4HVP18KNQG1NDR7,final_bonus,1.62
AO1QGAUZ85T6L:3IXEICO792J6O2CHBXMI2TEGN0XT68,params,{u'creationDate': u'Wed Apr  5 18:48:11 2017'}
AO1QGAUZ85T6L:3IXEICO792J6O2CHBXMI2TEGN0XT68,final_bonus,1.035
AO33H4GL9KZX9:33LK57MYLT57XCJDO2E3PMBPQLGSZ9,params,{u'creationDate': u'Wed Apr  5 18:48:11 2017'}
AO33H4GL9KZX9:33LK57MYLT57XCJDO2E3PMBPQLGSZ9,final_bonus,1.92
AP6MF3NZVUW5C:3VHHR074H3H19PIHLYPJMG4VNII7L8,params,{u'creationDate': u'Wed Apr  5 18:48:11 2017'}
AP6MF3NZVUW5C:3VHHR074H3H19PIHLYPJMG4VNII7L8,final_bonus,1.9300000000000002
AQC0SZA1E9QO7:3CCZ6YKWR7JRLJ3P887WJNZ4WI659U,params,{u'creationDate': u'Wed Apr  5 18:48:11 2017'}
AQC0SZA1E9QO7:3CCZ6YKWR7JRLJ3P887WJNZ4WI659U,final_bonus,0.015
AS5P5QIEGUD5X:3IFS6Q0HJIJL2MU3OYQHPR8ZTS0SI1,params,{u'creationDate': u'Wed Apr  5 18:48:11 2017'}
AS5P5QIEGUD5X:3IFS6Q0HJIJL2MU3OYQHPR8ZTS0SI1,final_bonus,2.25
ASV53ZC7ILJ7B:33SA9F9TRXU2TY9QCKAR11DS7CQEWU,params,{u'creationDate': u'Wed Apr  5 18:48:11 2017'}
ASV53ZC7ILJ7B:33SA9F9TRXU2TY9QCKAR11DS7CQEWU,final_bonus,1.77
ATEL480BFZ1F6:3LJ7UR74RHDUE23JVD7RWWOA2R6N4H,params,{u'creationDate': u'Wed Apr  5 18:48:11 2017'}
ATIUQQLY0LCNA:3KB8R4ZV1E78P976NO4JEQLJB70BG2,params,{u'creationDate': u'Wed Apr  5 18:48:11 2017'}
ATIUQQLY0LCNA:3KB8R4ZV1E78P976NO4JEQLJB70BG2,final_bonus,2.0500000000000003
AU7F85D3Q0CG9:3FQ5JJ512LOFS4SMG5U73DD6ZD6KNE,params,{u'creationDate': u'Wed Apr  5 18:48:11 2017'}
AU7F85D3Q0CG9:3FQ5JJ512LOFS4SMG5U73DD6ZD6KNE,final_bonus,1.02
AURYD2FH3FUOQ:3WQQ9FUS6AUTWU1O4QSVMD4LNONB8M,params,{u'creationDate': u'Wed Apr  5 18:48:11 2017'}
AURYD2FH3FUOQ:3WQQ9FUS6AUTWU1O4QSVMD4LNONB8M,final_bonus,1.83
AVC62JNYAXA45:382M9COHEHFP1UKLHKVQJDSVMWFEUV,params,{u'creationDate': u'Wed Apr  5 18:48:11 2017'}
AVC62JNYAXA45:382M9COHEHFP1UKLHKVQJDSVMWFEUV,final_bonus,1.135
AVRB8ZUPIZJF4:3ZSY5X72NXBJXT5T743HJEZPKFTORE,params,{u'creationDate': u'Wed Apr  5 18:48:11 2017'}
AVRB8ZUPIZJF4:3ZSY5X72NXBJXT5T743HJEZPKFTORE,final_bonus,1.6800000000000002
AW20MQTG1Z8LF:3CPLWGV3MOZVB89VC83ID4ZQOJJ9NY,params,{u'creationDate': u'Wed Apr  5 18:48:11 2017'}
AW20MQTG1Z8LF:3CPLWGV3MOZVB89VC83ID4ZQOJJ9NY,final_bonus,1.62
AWD97KUKGN0LR:35L9RVQFCOI1L4BN7L3W4GP8FSJUH0,params,{u'creationDate': u'Wed Apr  5 18:48:11 2017'}
AWD97KUKGN0LR:35L9RVQFCOI1L4BN7L3W4GP8FSJUH0,final_bonus,0.82
AXR8QNGNBF1DU:3ZSY5X72NXBJXT5T743HJEZPKFYROM,params,{u'creationDate': u'Wed Apr  5 18:48:11 2017'}
AXR8QNGNBF1DU:3ZSY5X72NXBJXT5T743HJEZPKFYROM,final_bonus,1.77
AYHNP14AUA4TS:33FBRBDW6OZC6ZTUIQOQXXA359Q8CT,params,{u'creationDate': u'Wed Apr  5 18:48:11 2017'}
AYHNP14AUA4TS:33FBRBDW6OZC6ZTUIQOQXXA359Q8CT,final_bonus,1.62
