A18TCR555RWUZV:3TXD01ZLD4H79SNSSEJDARG374V4UF,initialized,0,,1487290590317
A18TCR555RWUZV:3TXD01ZLD4H79SNSSEJDARG374V4UF,window_resize,0,"[1024, 768]",1487290590317
A18TCR555RWUZV:3TXD01ZLD4H79SNSSEJDARG374V4UF,focus,72643,off,1487290662960
A18TCR555RWUZV:3TXD01ZLD4H79SNSSEJDARG374V4UF,focus,1,on,1487290662961
A18TCR555RWUZV:3TXD01ZLD4H79SNSSEJDARG374V4UF,focus,139311,off,1487290802272
A18TCR555RWUZV:3TXD01ZLD4H79SNSSEJDARG374V4UF,focus,1,on,1487290802273
A1945USNZHTROX:3OJSZ2ATDSWN70FWTB9C5R8XZQY75S,initialized,0,,1487370610307
A1945USNZHTROX:3OJSZ2ATDSWN70FWTB9C5R8XZQY75S,window_resize,0,"[1022, 767]",1487370610307
A1945USNZHTROX:3OJSZ2ATDSWN70FWTB9C5R8XZQY75S,focus,360,on,1487370610667
A1945USNZHTROX:3OJSZ2ATDSWN70FWTB9C5R8XZQY75S,window_resize,2917,"[1440, 875]",1487370613584
A1945USNZHTROX:3OJSZ2ATDSWN70FWTB9C5R8XZQY75S,focus,6480,off,1487370620064
A1945USNZHTROX:3OJSZ2ATDSWN70FWTB9C5R8XZQY75S,focus,7249,on,1487370627313
A1945USNZHTROX:3OJSZ2ATDSWN70FWTB9C5R8XZQY75S,focus,31385,off,1487370658698
A1945USNZHTROX:3OJSZ2ATDSWN70FWTB9C5R8XZQY75S,focus,3054,on,1487370661752
A1945USNZHTROX:3OJSZ2ATDSWN70FWTB9C5R8XZQY75S,focus,63386,off,1487370725138
A1945USNZHTROX:3OJSZ2ATDSWN70FWTB9C5R8XZQY75S,focus,3605,on,1487370728743
A1945USNZHTROX:3OJSZ2ATDSWN70FWTB9C5R8XZQY75S,focus,15407,off,1487370744150
A1945USNZHTROX:3OJSZ2ATDSWN70FWTB9C5R8XZQY75S,focus,36465,on,1487370780615
A1945USNZHTROX:3OJSZ2ATDSWN70FWTB9C5R8XZQY75S,focus,37012,off,1487370817627
A1945USNZHTROX:3OJSZ2ATDSWN70FWTB9C5R8XZQY75S,focus,9487,on,1487370827114
A1945USNZHTROX:3OJSZ2ATDSWN70FWTB9C5R8XZQY75S,focus,4958,off,1487370832072
A1945USNZHTROX:3OJSZ2ATDSWN70FWTB9C5R8XZQY75S,focus,7227,on,1487370839299
A1945USNZHTROX:3OJSZ2ATDSWN70FWTB9C5R8XZQY75S,focus,35247,off,1487370874546
A1945USNZHTROX:3OJSZ2ATDSWN70FWTB9C5R8XZQY75S,focus,2853,on,1487370877399
A1945USNZHTROX:3OJSZ2ATDSWN70FWTB9C5R8XZQY75S,focus,278506,off,1487371155905
A1945USNZHTROX:3OJSZ2ATDSWN70FWTB9C5R8XZQY75S,focus,61964,on,1487371217869
A1945USNZHTROX:3OJSZ2ATDSWN70FWTB9C5R8XZQY75S,focus,15621,off,1487371233490
A1945USNZHTROX:3OJSZ2ATDSWN70FWTB9C5R8XZQY75S,focus,50635,on,1487371284125
A1945USNZHTROX:3OJSZ2ATDSWN70FWTB9C5R8XZQY75S,focus,113639,off,1487371397764
A1945USNZHTROX:3OJSZ2ATDSWN70FWTB9C5R8XZQY75S,focus,33427,on,1487371431191
A1945USNZHTROX:3OJSZ2ATDSWN70FWTB9C5R8XZQY75S,focus,23340,off,1487371454531
A1945USNZHTROX:3OJSZ2ATDSWN70FWTB9C5R8XZQY75S,focus,40141,on,1487371494672
A1945USNZHTROX:3OJSZ2ATDSWN70FWTB9C5R8XZQY75S,focus,104918,off,1487371599590
A1945USNZHTROX:3OJSZ2ATDSWN70FWTB9C5R8XZQY75S,focus,2067,on,1487371601657
A1945USNZHTROX:3OJSZ2ATDSWN70FWTB9C5R8XZQY75S,focus,568,off,1487371602225
A1945USNZHTROX:3OJSZ2ATDSWN70FWTB9C5R8XZQY75S,focus,10858,on,1487371613083
A1945USNZHTROX:3OJSZ2ATDSWN70FWTB9C5R8XZQY75S,focus,164337,off,1487371777420
A1945USNZHTROX:3OJSZ2ATDSWN70FWTB9C5R8XZQY75S,focus,34157,on,1487371811577
A1945USNZHTROX:3OJSZ2ATDSWN70FWTB9C5R8XZQY75S,focus,207111,off,1487372018688
A1945USNZHTROX:3OJSZ2ATDSWN70FWTB9C5R8XZQY75S,focus,10706,on,1487372029394
A1945USNZHTROX:3OJSZ2ATDSWN70FWTB9C5R8XZQY75S,focus,157703,off,1487372187097
A1945USNZHTROX:3OJSZ2ATDSWN70FWTB9C5R8XZQY75S,focus,2729,on,1487372189826
A1945USNZHTROX:3OJSZ2ATDSWN70FWTB9C5R8XZQY75S,focus,124420,off,1487372314246
A1945USNZHTROX:3OJSZ2ATDSWN70FWTB9C5R8XZQY75S,focus,71629,on,1487372385875
A1945USNZHTROX:3OJSZ2ATDSWN70FWTB9C5R8XZQY75S,focus,16638,off,1487372402513
A1945USNZHTROX:3OJSZ2ATDSWN70FWTB9C5R8XZQY75S,focus,21364,on,1487372423877
A1945USNZHTROX:3OJSZ2ATDSWN70FWTB9C5R8XZQY75S,focus,35271,off,1487372459148
A1945USNZHTROX:3OJSZ2ATDSWN70FWTB9C5R8XZQY75S,focus,81344,on,1487372540492
A1CH3TODZNQCES:3IX2EGZR7BJ5WIEWRRBCBII2I3NJRP,initialized,0,,1487369380147
A1CH3TODZNQCES:3IX2EGZR7BJ5WIEWRRBCBII2I3NJRP,window_resize,0,"[1030, 778]",1487369380147
A1CH3TODZNQCES:3IX2EGZR7BJ5WIEWRRBCBII2I3NJRP,focus,127451,off,1487369507598
A1CH3TODZNQCES:3IX2EGZR7BJ5WIEWRRBCBII2I3NJRP,focus,1,on,1487369507599
A1CH3TODZNQCES:3IX2EGZR7BJ5WIEWRRBCBII2I3NJRP,window_resize,264858,"[1978, 1103]",1487369772457
A1CH3TODZNQCES:3IX2EGZR7BJ5WIEWRRBCBII2I3NJRP,focus,1917,off,1487369774374
A1CH3TODZNQCES:3IX2EGZR7BJ5WIEWRRBCBII2I3NJRP,focus,14170,on,1487369788544
A1CH3TODZNQCES:3IX2EGZR7BJ5WIEWRRBCBII2I3NJRP,focus,228403,off,1487370016947
A1CH3TODZNQCES:3IX2EGZR7BJ5WIEWRRBCBII2I3NJRP,focus,177553,on,1487370194500
A1CH3TODZNQCES:3IX2EGZR7BJ5WIEWRRBCBII2I3NJRP,focus,104468,off,1487370298968
A1CH3TODZNQCES:3IX2EGZR7BJ5WIEWRRBCBII2I3NJRP,focus,42249,on,1487370341217
A1CH3TODZNQCES:3IX2EGZR7BJ5WIEWRRBCBII2I3NJRP,focus,28487,off,1487370369704
A1CH3TODZNQCES:3IX2EGZR7BJ5WIEWRRBCBII2I3NJRP,focus,4271,on,1487370373975
A1CH3TODZNQCES:3IX2EGZR7BJ5WIEWRRBCBII2I3NJRP,focus,119099,off,1487370493074
A1CH3TODZNQCES:3IX2EGZR7BJ5WIEWRRBCBII2I3NJRP,focus,8512,on,1487370501586
A1CH3TODZNQCES:3IX2EGZR7BJ5WIEWRRBCBII2I3NJRP,focus,52190,off,1487370553776
A1CH3TODZNQCES:3IX2EGZR7BJ5WIEWRRBCBII2I3NJRP,focus,8660,on,1487370562436
A1CH3TODZNQCES:3IX2EGZR7BJ5WIEWRRBCBII2I3NJRP,focus,41556,off,1487370603992
A1CH3TODZNQCES:3IX2EGZR7BJ5WIEWRRBCBII2I3NJRP,focus,66807,on,1487370670799
A1CH3TODZNQCES:3IX2EGZR7BJ5WIEWRRBCBII2I3NJRP,focus,5609,off,1487370676408
A1CH3TODZNQCES:3IX2EGZR7BJ5WIEWRRBCBII2I3NJRP,focus,2643,on,1487370679051
A1CH3TODZNQCES:3IX2EGZR7BJ5WIEWRRBCBII2I3NJRP,focus,12312,off,1487370691363
A1CH3TODZNQCES:3IX2EGZR7BJ5WIEWRRBCBII2I3NJRP,focus,49108,on,1487370740471
A1CH3TODZNQCES:3IX2EGZR7BJ5WIEWRRBCBII2I3NJRP,focus,1068,off,1487370741539
A1CH3TODZNQCES:3IX2EGZR7BJ5WIEWRRBCBII2I3NJRP,focus,6775,on,1487370748314
A1CH3TODZNQCES:3IX2EGZR7BJ5WIEWRRBCBII2I3NJRP,focus,96555,off,1487370844869
A1CH3TODZNQCES:3IX2EGZR7BJ5WIEWRRBCBII2I3NJRP,focus,8115,on,1487370852984
A1CH3TODZNQCES:3IX2EGZR7BJ5WIEWRRBCBII2I3NJRP,focus,17768,off,1487370870752
A1CH3TODZNQCES:3IX2EGZR7BJ5WIEWRRBCBII2I3NJRP,focus,21350,on,1487370892102
A1CH3TODZNQCES:3IX2EGZR7BJ5WIEWRRBCBII2I3NJRP,focus,69472,off,1487370961574
A1CH3TODZNQCES:3IX2EGZR7BJ5WIEWRRBCBII2I3NJRP,focus,19095,on,1487370980669
A1CH3TODZNQCES:3IX2EGZR7BJ5WIEWRRBCBII2I3NJRP,focus,64934,off,1487371045603
A1CH3TODZNQCES:3IX2EGZR7BJ5WIEWRRBCBII2I3NJRP,focus,31381,on,1487371076984
A1CH3TODZNQCES:3IX2EGZR7BJ5WIEWRRBCBII2I3NJRP,focus,3909,off,1487371080893
A1CH3TODZNQCES:3IX2EGZR7BJ5WIEWRRBCBII2I3NJRP,focus,9168,on,1487371090061
A1CH3TODZNQCES:3IX2EGZR7BJ5WIEWRRBCBII2I3NJRP,focus,90852,off,1487371180913
A1CH3TODZNQCES:3IX2EGZR7BJ5WIEWRRBCBII2I3NJRP,focus,3615,on,1487371184528
A1HWB810RJBV2K:3SLE99ER0ND8GQ2BDGS8ZX1OJFXBZP,initialized,0,,1487369587818
A1HWB810RJBV2K:3SLE99ER0ND8GQ2BDGS8ZX1OJFXBZP,window_resize,0,"[1366, 677]",1487369587818
A1HWB810RJBV2K:3SLE99ER0ND8GQ2BDGS8ZX1OJFXBZP,focus,4111,off,1487369591929
A1HWB810RJBV2K:3SLE99ER0ND8GQ2BDGS8ZX1OJFXBZP,focus,1905,on,1487369593834
A1HWB810RJBV2K:3SLE99ER0ND8GQ2BDGS8ZX1OJFXBZP,focus,77056,off,1487369670890
A1HWB810RJBV2K:3SLE99ER0ND8GQ2BDGS8ZX1OJFXBZP,focus,0,on,1487369670890
A1HWB810RJBV2K:3SLE99ER0ND8GQ2BDGS8ZX1OJFXBZP,focus,100168,off,1487369771058
A1HWB810RJBV2K:3SLE99ER0ND8GQ2BDGS8ZX1OJFXBZP,focus,1,on,1487369771059
A1HWB810RJBV2K:3SLE99ER0ND8GQ2BDGS8ZX1OJFXBZP,focus,49431,off,1487369820490
A1HWB810RJBV2K:3SLE99ER0ND8GQ2BDGS8ZX1OJFXBZP,focus,0,on,1487369820490
A1HWB810RJBV2K:3SLE99ER0ND8GQ2BDGS8ZX1OJFXBZP,focus,47921,off,1487369868411
A1HWB810RJBV2K:3SLE99ER0ND8GQ2BDGS8ZX1OJFXBZP,focus,0,on,1487369868411
A1HWB810RJBV2K:3SLE99ER0ND8GQ2BDGS8ZX1OJFXBZP,focus,122131,off,1487369990542
A1HWB810RJBV2K:3SLE99ER0ND8GQ2BDGS8ZX1OJFXBZP,focus,4006,on,1487369994548
A1HWB810RJBV2K:3SLE99ER0ND8GQ2BDGS8ZX1OJFXBZP,focus,125939,off,1487370120487
A1HWB810RJBV2K:3SLE99ER0ND8GQ2BDGS8ZX1OJFXBZP,focus,0,on,1487370120487
A1HWB810RJBV2K:3SLE99ER0ND8GQ2BDGS8ZX1OJFXBZP,focus,114845,off,1487370235332
A1HWB810RJBV2K:3SLE99ER0ND8GQ2BDGS8ZX1OJFXBZP,focus,0,on,1487370235332
A1HWB810RJBV2K:3SLE99ER0ND8GQ2BDGS8ZX1OJFXBZP,focus,84602,off,1487370319934
A1HWB810RJBV2K:3SLE99ER0ND8GQ2BDGS8ZX1OJFXBZP,focus,1,on,1487370319935
A1HWB810RJBV2K:3SLE99ER0ND8GQ2BDGS8ZX1OJFXBZP,focus,74329,off,1487370394264
A1HWB810RJBV2K:3SLE99ER0ND8GQ2BDGS8ZX1OJFXBZP,focus,0,on,1487370394264
A1HWB810RJBV2K:3SLE99ER0ND8GQ2BDGS8ZX1OJFXBZP,focus,149415,off,1487370543679
A1HWB810RJBV2K:3SLE99ER0ND8GQ2BDGS8ZX1OJFXBZP,focus,0,on,1487370543679
A1HWB810RJBV2K:3SLE99ER0ND8GQ2BDGS8ZX1OJFXBZP,focus,7230,off,1487370550909
A1HWB810RJBV2K:3SLE99ER0ND8GQ2BDGS8ZX1OJFXBZP,focus,2219,on,1487370553128
A1HWB810RJBV2K:3SLE99ER0ND8GQ2BDGS8ZX1OJFXBZP,focus,20394,off,1487370573522
A1HWB810RJBV2K:3SLE99ER0ND8GQ2BDGS8ZX1OJFXBZP,focus,1,on,1487370573523
A1HWB810RJBV2K:3SLE99ER0ND8GQ2BDGS8ZX1OJFXBZP,focus,18157,off,1487370591680
A1HWB810RJBV2K:3SLE99ER0ND8GQ2BDGS8ZX1OJFXBZP,focus,1,on,1487370591681
A1HWB810RJBV2K:3SLE99ER0ND8GQ2BDGS8ZX1OJFXBZP,focus,101905,off,1487370693586
A1HWB810RJBV2K:3SLE99ER0ND8GQ2BDGS8ZX1OJFXBZP,focus,0,on,1487370693586
A1HWB810RJBV2K:3SLE99ER0ND8GQ2BDGS8ZX1OJFXBZP,focus,129358,off,1487370822944
A1HWB810RJBV2K:3SLE99ER0ND8GQ2BDGS8ZX1OJFXBZP,focus,11859,on,1487370834803
A1HWB810RJBV2K:3SLE99ER0ND8GQ2BDGS8ZX1OJFXBZP,focus,122881,off,1487370957684
A1HWB810RJBV2K:3SLE99ER0ND8GQ2BDGS8ZX1OJFXBZP,focus,665,on,1487370958349
A1HWB810RJBV2K:3SLE99ER0ND8GQ2BDGS8ZX1OJFXBZP,focus,317033,off,1487371275382
A1HWB810RJBV2K:3SLE99ER0ND8GQ2BDGS8ZX1OJFXBZP,focus,13945,on,1487371289327
A1HWB810RJBV2K:3SLE99ER0ND8GQ2BDGS8ZX1OJFXBZP,focus,19812,off,1487371309139
A1HWB810RJBV2K:3SLE99ER0ND8GQ2BDGS8ZX1OJFXBZP,focus,5320,on,1487371314459
A1HWB810RJBV2K:3SLE99ER0ND8GQ2BDGS8ZX1OJFXBZP,focus,465555,off,1487371780014
A1HWB810RJBV2K:3SLE99ER0ND8GQ2BDGS8ZX1OJFXBZP,focus,6506,on,1487371786520
A1PTH9KTRO06EG:3NOKK93PR188CYNZRKGLFV6RY61EEM,initialized,0,,1487369191395
A1PTH9KTRO06EG:3NOKK93PR188CYNZRKGLFV6RY61EEM,window_resize,0,"[1366, 677]",1487369191395
A1PTH9KTRO06EG:3NOKK93PR188CYNZRKGLFV6RY61EEM,window_resize,622,"[1366, 677]",1487369192017
A1YVMDRR9W1LZ1:3XUHV3NRVKYK0PL86KVOW4XRDTUH54,initialized,0,,1487369158985
A1YVMDRR9W1LZ1:3XUHV3NRVKYK0PL86KVOW4XRDTUH54,window_resize,0,"[1024, 768]",1487369158985
A1YVMDRR9W1LZ1:3XUHV3NRVKYK0PL86KVOW4XRDTUH54,focus,9382,off,1487369168367
A1YVMDRR9W1LZ1:3XUHV3NRVKYK0PL86KVOW4XRDTUH54,focus,70472,on,1487369238839
A1YVMDRR9W1LZ1:3XUHV3NRVKYK0PL86KVOW4XRDTUH54,focus,33004,off,1487369271843
A1YVMDRR9W1LZ1:3XUHV3NRVKYK0PL86KVOW4XRDTUH54,focus,310736,on,1487369582579
A1YVMDRR9W1LZ1:3XUHV3NRVKYK0PL86KVOW4XRDTUH54,focus,73401,off,1487369655980
A1YVMDRR9W1LZ1:3XUHV3NRVKYK0PL86KVOW4XRDTUH54,focus,1,on,1487369655981
A1YVMDRR9W1LZ1:3XUHV3NRVKYK0PL86KVOW4XRDTUH54,focus,126139,off,1487369782120
A1YVMDRR9W1LZ1:3XUHV3NRVKYK0PL86KVOW4XRDTUH54,focus,4,on,1487369782124
A1YVMDRR9W1LZ1:3XUHV3NRVKYK0PL86KVOW4XRDTUH54,focus,249480,off,1487370031604
A1YVMDRR9W1LZ1:3XUHV3NRVKYK0PL86KVOW4XRDTUH54,focus,4637,on,1487370036241
A1YVMDRR9W1LZ1:3XUHV3NRVKYK0PL86KVOW4XRDTUH54,focus,283311,off,1487370319552
A1YVMDRR9W1LZ1:3XUHV3NRVKYK0PL86KVOW4XRDTUH54,focus,13361,on,1487370332913
A1YVMDRR9W1LZ1:3XUHV3NRVKYK0PL86KVOW4XRDTUH54,focus,2255,off,1487370335168
A1YVMDRR9W1LZ1:3XUHV3NRVKYK0PL86KVOW4XRDTUH54,focus,4285,on,1487370339453
A1YVMDRR9W1LZ1:3XUHV3NRVKYK0PL86KVOW4XRDTUH54,focus,160616,off,1487370500069
A1YVMDRR9W1LZ1:3XUHV3NRVKYK0PL86KVOW4XRDTUH54,focus,7704,on,1487370507773
A1YVMDRR9W1LZ1:3XUHV3NRVKYK0PL86KVOW4XRDTUH54,focus,22455,off,1487370530228
A1YVMDRR9W1LZ1:3XUHV3NRVKYK0PL86KVOW4XRDTUH54,focus,4553,on,1487370534781
A1YVMDRR9W1LZ1:3XUHV3NRVKYK0PL86KVOW4XRDTUH54,focus,54667,off,1487370589448
A1YVMDRR9W1LZ1:3XUHV3NRVKYK0PL86KVOW4XRDTUH54,focus,3549,on,1487370592997
A1YVMDRR9W1LZ1:3XUHV3NRVKYK0PL86KVOW4XRDTUH54,focus,844,off,1487370593841
A1YVMDRR9W1LZ1:3XUHV3NRVKYK0PL86KVOW4XRDTUH54,focus,3389,on,1487370597230
A1YVMDRR9W1LZ1:3XUHV3NRVKYK0PL86KVOW4XRDTUH54,focus,45376,off,1487370642606
A1YVMDRR9W1LZ1:3XUHV3NRVKYK0PL86KVOW4XRDTUH54,focus,4141,on,1487370646747
A1YVMDRR9W1LZ1:3XUHV3NRVKYK0PL86KVOW4XRDTUH54,focus,18743,off,1487370665490
A1YVMDRR9W1LZ1:3XUHV3NRVKYK0PL86KVOW4XRDTUH54,focus,5891,on,1487370671381
A1YVMDRR9W1LZ1:3XUHV3NRVKYK0PL86KVOW4XRDTUH54,focus,83535,off,1487370754916
A1YVMDRR9W1LZ1:3XUHV3NRVKYK0PL86KVOW4XRDTUH54,focus,5334,on,1487370760250
A1YVMDRR9W1LZ1:3XUHV3NRVKYK0PL86KVOW4XRDTUH54,focus,223159,off,1487370983409
A1YVMDRR9W1LZ1:3XUHV3NRVKYK0PL86KVOW4XRDTUH54,focus,28446,on,1487371011855
A1YVMDRR9W1LZ1:3XUHV3NRVKYK0PL86KVOW4XRDTUH54,focus,6801,off,1487371018656
A1YVMDRR9W1LZ1:3XUHV3NRVKYK0PL86KVOW4XRDTUH54,focus,33651,on,1487371052307
A1YVMDRR9W1LZ1:3XUHV3NRVKYK0PL86KVOW4XRDTUH54,focus,4145,off,1487371056452
A1YVMDRR9W1LZ1:3XUHV3NRVKYK0PL86KVOW4XRDTUH54,focus,10575,on,1487371067027
A25YG9M911WA3T:3VP0C6EFSGW2B7MX20L6GFJNQA4M6Y,initialized,0,,1487369213656
A25YG9M911WA3T:3VP0C6EFSGW2B7MX20L6GFJNQA4M6Y,window_resize,0,"[1024, 768]",1487369213656
A25YG9M911WA3T:3VP0C6EFSGW2B7MX20L6GFJNQA4M6Y,window_resize,2637,"[1920, 989]",1487369216293
A25YG9M911WA3T:3VP0C6EFSGW2B7MX20L6GFJNQA4M6Y,focus,217636,off,1487369433929
A25YG9M911WA3T:3VP0C6EFSGW2B7MX20L6GFJNQA4M6Y,focus,0,on,1487369433929
A25YG9M911WA3T:3VP0C6EFSGW2B7MX20L6GFJNQA4M6Y,focus,68982,off,1487369502911
A25YG9M911WA3T:3VP0C6EFSGW2B7MX20L6GFJNQA4M6Y,focus,0,on,1487369502911
A25YG9M911WA3T:3VP0C6EFSGW2B7MX20L6GFJNQA4M6Y,focus,82751,off,1487369585662
A25YG9M911WA3T:3VP0C6EFSGW2B7MX20L6GFJNQA4M6Y,focus,1,on,1487369585663
A25YG9M911WA3T:3VP0C6EFSGW2B7MX20L6GFJNQA4M6Y,focus,76672,off,1487369662335
A25YG9M911WA3T:3VP0C6EFSGW2B7MX20L6GFJNQA4M6Y,focus,1,on,1487369662336
A25YG9M911WA3T:3VP0C6EFSGW2B7MX20L6GFJNQA4M6Y,focus,53399,off,1487369715735
A25YG9M911WA3T:3VP0C6EFSGW2B7MX20L6GFJNQA4M6Y,focus,0,on,1487369715735
A25YG9M911WA3T:3VP0C6EFSGW2B7MX20L6GFJNQA4M6Y,focus,145878,off,1487369861613
A25YG9M911WA3T:3VP0C6EFSGW2B7MX20L6GFJNQA4M6Y,focus,0,on,1487369861613
A25YG9M911WA3T:3VP0C6EFSGW2B7MX20L6GFJNQA4M6Y,focus,20720,off,1487369882333
A25YG9M911WA3T:3VP0C6EFSGW2B7MX20L6GFJNQA4M6Y,focus,0,on,1487369882333
A28FMRMS9TMEOZ:3483FV8BEEJC43I4SI2M165PK4H26F,initialized,0,,1487289381758
A28FMRMS9TMEOZ:3483FV8BEEJC43I4SI2M165PK4H26F,window_resize,0,"[1024, 677]",1487289381758
A28FMRMS9TMEOZ:3483FV8BEEJC43I4SI2M165PK4H26F,focus,2673,off,1487289384431
A28FMRMS9TMEOZ:3483FV8BEEJC43I4SI2M165PK4H26F,focus,3423,on,1487289387854
A28FMRMS9TMEOZ:3483FV8BEEJC43I4SI2M165PK4H26F,focus,119855,off,1487289507709
A28FMRMS9TMEOZ:3483FV8BEEJC43I4SI2M165PK4H26F,focus,48569,on,1487289556278
A28FMRMS9TMEOZ:3483FV8BEEJC43I4SI2M165PK4H26F,focus,2482,off,1487289558760
A28FMRMS9TMEOZ:3483FV8BEEJC43I4SI2M165PK4H26F,focus,19192,on,1487289577952
A28FMRMS9TMEOZ:3483FV8BEEJC43I4SI2M165PK4H26F,focus,1528,off,1487289579480
A28FMRMS9TMEOZ:3483FV8BEEJC43I4SI2M165PK4H26F,focus,4301,on,1487289583781
A28FMRMS9TMEOZ:3483FV8BEEJC43I4SI2M165PK4H26F,focus,957,off,1487289584738
A28FMRMS9TMEOZ:3483FV8BEEJC43I4SI2M165PK4H26F,focus,2388,on,1487289587126
A28FMRMS9TMEOZ:3483FV8BEEJC43I4SI2M165PK4H26F,focus,3321,off,1487289590447
A28FMRMS9TMEOZ:3483FV8BEEJC43I4SI2M165PK4H26F,focus,1496,on,1487289591943
A28FMRMS9TMEOZ:3483FV8BEEJC43I4SI2M165PK4H26F,focus,1870,off,1487289593813
A28FMRMS9TMEOZ:3483FV8BEEJC43I4SI2M165PK4H26F,focus,27812,on,1487289621625
A28FMRMS9TMEOZ:3483FV8BEEJC43I4SI2M165PK4H26F,focus,7532,off,1487289629157
A28FMRMS9TMEOZ:3483FV8BEEJC43I4SI2M165PK4H26F,focus,2852,on,1487289632009
A28FMRMS9TMEOZ:3483FV8BEEJC43I4SI2M165PK4H26F,focus,4180,off,1487289636189
A28FMRMS9TMEOZ:3483FV8BEEJC43I4SI2M165PK4H26F,focus,29886,on,1487289666075
A28FMRMS9TMEOZ:3483FV8BEEJC43I4SI2M165PK4H26F,focus,33826,off,1487289699901
A28FMRMS9TMEOZ:3483FV8BEEJC43I4SI2M165PK4H26F,focus,24082,on,1487289723983
A28FMRMS9TMEOZ:3483FV8BEEJC43I4SI2M165PK4H26F,focus,13145,off,1487289737128
A28FMRMS9TMEOZ:3483FV8BEEJC43I4SI2M165PK4H26F,focus,0,on,1487289737128
A28FMRMS9TMEOZ:3483FV8BEEJC43I4SI2M165PK4H26F,focus,22579,off,1487289759707
A28FMRMS9TMEOZ:3483FV8BEEJC43I4SI2M165PK4H26F,focus,4065,on,1487289763772
A28FMRMS9TMEOZ:3483FV8BEEJC43I4SI2M165PK4H26F,focus,3835,off,1487289767607
A28FMRMS9TMEOZ:3483FV8BEEJC43I4SI2M165PK4H26F,focus,26534,on,1487289794141
A28FMRMS9TMEOZ:3483FV8BEEJC43I4SI2M165PK4H26F,focus,3996,off,1487289798137
A28FMRMS9TMEOZ:3483FV8BEEJC43I4SI2M165PK4H26F,focus,8562,on,1487289806699
A28FMRMS9TMEOZ:3483FV8BEEJC43I4SI2M165PK4H26F,focus,973,off,1487289807672
A28FMRMS9TMEOZ:3483FV8BEEJC43I4SI2M165PK4H26F,focus,18952,on,1487289826624
A28FMRMS9TMEOZ:3483FV8BEEJC43I4SI2M165PK4H26F,focus,3134,off,1487289829758
A28FMRMS9TMEOZ:3483FV8BEEJC43I4SI2M165PK4H26F,focus,16540,on,1487289846298
A28FMRMS9TMEOZ:3483FV8BEEJC43I4SI2M165PK4H26F,focus,5522,off,1487289851820
A28FMRMS9TMEOZ:3483FV8BEEJC43I4SI2M165PK4H26F,focus,0,on,1487289851820
A28FMRMS9TMEOZ:3483FV8BEEJC43I4SI2M165PK4H26F,focus,21933,off,1487289873753
A28FMRMS9TMEOZ:3483FV8BEEJC43I4SI2M165PK4H26F,focus,64665,on,1487289938418
A28FMRMS9TMEOZ:3483FV8BEEJC43I4SI2M165PK4H26F,focus,4296,off,1487289942714
A28FMRMS9TMEOZ:3483FV8BEEJC43I4SI2M165PK4H26F,focus,46154,on,1487289988868
A28FMRMS9TMEOZ:3483FV8BEEJC43I4SI2M165PK4H26F,focus,10753,off,1487289999621
A28FMRMS9TMEOZ:3483FV8BEEJC43I4SI2M165PK4H26F,focus,27909,on,1487290027530
A28FMRMS9TMEOZ:3483FV8BEEJC43I4SI2M165PK4H26F,focus,1663,off,1487290029193
A28FMRMS9TMEOZ:3483FV8BEEJC43I4SI2M165PK4H26F,focus,5512,on,1487290034705
A28FMRMS9TMEOZ:3483FV8BEEJC43I4SI2M165PK4H26F,focus,6253,off,1487290040958
A28FMRMS9TMEOZ:3483FV8BEEJC43I4SI2M165PK4H26F,focus,30566,on,1487290071524
A28FMRMS9TMEOZ:3483FV8BEEJC43I4SI2M165PK4H26F,focus,7596,off,1487290079120
A28FMRMS9TMEOZ:3483FV8BEEJC43I4SI2M165PK4H26F,focus,3377,on,1487290082497
A28FMRMS9TMEOZ:3483FV8BEEJC43I4SI2M165PK4H26F,focus,20623,off,1487290103120
A28FMRMS9TMEOZ:3483FV8BEEJC43I4SI2M165PK4H26F,focus,12321,on,1487290115441
A28FMRMS9TMEOZ:3483FV8BEEJC43I4SI2M165PK4H26F,focus,32236,off,1487290147677
A28FMRMS9TMEOZ:3483FV8BEEJC43I4SI2M165PK4H26F,focus,34329,on,1487290182006
A28FMRMS9TMEOZ:3483FV8BEEJC43I4SI2M165PK4H26F,focus,14804,off,1487290196810
A28FMRMS9TMEOZ:3483FV8BEEJC43I4SI2M165PK4H26F,focus,51536,on,1487290248346
A28FMRMS9TMEOZ:3483FV8BEEJC43I4SI2M165PK4H26F,focus,16959,off,1487290265305
A28FMRMS9TMEOZ:3483FV8BEEJC43I4SI2M165PK4H26F,focus,6930,on,1487290272235
A28FMRMS9TMEOZ:3483FV8BEEJC43I4SI2M165PK4H26F,window_resize,56829,"[1024, 672]",1487290329064
A28FMRMS9TMEOZ:3483FV8BEEJC43I4SI2M165PK4H26F,focus,972,off,1487290330036
A28FMRMS9TMEOZ:3483FV8BEEJC43I4SI2M165PK4H26F,focus,77533,on,1487290407569
A28FMRMS9TMEOZ:3483FV8BEEJC43I4SI2M165PK4H26F,focus,17966,off,1487290425535
A28FMRMS9TMEOZ:3483FV8BEEJC43I4SI2M165PK4H26F,focus,6413,on,1487290431948
A28FMRMS9TMEOZ:3483FV8BEEJC43I4SI2M165PK4H26F,focus,38793,off,1487290470741
A28FMRMS9TMEOZ:3483FV8BEEJC43I4SI2M165PK4H26F,focus,51539,on,1487290522280
A28FMRMS9TMEOZ:3483FV8BEEJC43I4SI2M165PK4H26F,window_resize,236,"[1024, 725]",1487290522516
A28FMRMS9TMEOZ:3483FV8BEEJC43I4SI2M165PK4H26F,window_resize,3171,"[1024, 672]",1487290525687
A28FMRMS9TMEOZ:3483FV8BEEJC43I4SI2M165PK4H26F,focus,14324,off,1487290540011
A28FMRMS9TMEOZ:3483FV8BEEJC43I4SI2M165PK4H26F,focus,60856,on,1487290600867
A28FMRMS9TMEOZ:3483FV8BEEJC43I4SI2M165PK4H26F,focus,5657,off,1487290606524
A28FMRMS9TMEOZ:3483FV8BEEJC43I4SI2M165PK4H26F,focus,1755,on,1487290608279
A28FMRMS9TMEOZ:3483FV8BEEJC43I4SI2M165PK4H26F,focus,8262,off,1487290616541
A28FMRMS9TMEOZ:3483FV8BEEJC43I4SI2M165PK4H26F,focus,15772,on,1487290632313
A28FMRMS9TMEOZ:3483FV8BEEJC43I4SI2M165PK4H26F,focus,2999,off,1487290635312
A28FMRMS9TMEOZ:3483FV8BEEJC43I4SI2M165PK4H26F,focus,1833,on,1487290637145
A28FMRMS9TMEOZ:3483FV8BEEJC43I4SI2M165PK4H26F,focus,961,off,1487290638106
A28FMRMS9TMEOZ:3483FV8BEEJC43I4SI2M165PK4H26F,focus,2019,on,1487290640125
A28FMRMS9TMEOZ:3483FV8BEEJC43I4SI2M165PK4H26F,focus,80145,off,1487290720270
A28FMRMS9TMEOZ:3483FV8BEEJC43I4SI2M165PK4H26F,focus,1774,on,1487290722044
A28FMRMS9TMEOZ:3483FV8BEEJC43I4SI2M165PK4H26F,focus,303346,off,1487291025390
A28FMRMS9TMEOZ:3483FV8BEEJC43I4SI2M165PK4H26F,focus,16160,on,1487291041550
A28FMRMS9TMEOZ:3483FV8BEEJC43I4SI2M165PK4H26F,focus,1684,off,1487291043234
A28FMRMS9TMEOZ:3483FV8BEEJC43I4SI2M165PK4H26F,focus,15258,on,1487291058492
A28FMRMS9TMEOZ:3483FV8BEEJC43I4SI2M165PK4H26F,focus,17896,off,1487291076388
A28FMRMS9TMEOZ:3483FV8BEEJC43I4SI2M165PK4H26F,focus,37968,on,1487291114356
A28FMRMS9TMEOZ:3483FV8BEEJC43I4SI2M165PK4H26F,focus,12948,off,1487291127304
A28FMRMS9TMEOZ:3483FV8BEEJC43I4SI2M165PK4H26F,focus,23924,on,1487291151228
A28FMRMS9TMEOZ:3483FV8BEEJC43I4SI2M165PK4H26F,focus,1828,off,1487291153056
A28FMRMS9TMEOZ:3483FV8BEEJC43I4SI2M165PK4H26F,focus,37208,on,1487291190264
A28FMRMS9TMEOZ:3483FV8BEEJC43I4SI2M165PK4H26F,focus,15917,off,1487291206181
A28FMRMS9TMEOZ:3483FV8BEEJC43I4SI2M165PK4H26F,focus,59090,on,1487291265271
A2E9NUZZ4S2VJ9:3YJ6NA41JBGKK5YHEZ7N6NINHLZJPX,initialized,0,,1487370141654
A2E9NUZZ4S2VJ9:3YJ6NA41JBGKK5YHEZ7N6NINHLZJPX,window_resize,0,"[1137, 853]",1487370141654
A2E9NUZZ4S2VJ9:3YJ6NA41JBGKK5YHEZ7N6NINHLZJPX,focus,5632,off,1487370147286
A2E9NUZZ4S2VJ9:3YJ6NA41JBGKK5YHEZ7N6NINHLZJPX,focus,636,on,1487370147922
A2E9NUZZ4S2VJ9:3YJ6NA41JBGKK5YHEZ7N6NINHLZJPX,focus,3388,off,1487370151310
A2E9NUZZ4S2VJ9:3YJ6NA41JBGKK5YHEZ7N6NINHLZJPX,focus,20904,on,1487370172214
A2E9NUZZ4S2VJ9:3YJ6NA41JBGKK5YHEZ7N6NINHLZJPX,focus,29890,off,1487370202104
A2E9NUZZ4S2VJ9:3YJ6NA41JBGKK5YHEZ7N6NINHLZJPX,focus,30080,on,1487370232184
A2E9NUZZ4S2VJ9:3YJ6NA41JBGKK5YHEZ7N6NINHLZJPX,focus,1424,off,1487370233608
A2E9NUZZ4S2VJ9:3YJ6NA41JBGKK5YHEZ7N6NINHLZJPX,focus,3512,on,1487370237120
A2E9NUZZ4S2VJ9:3YJ6NA41JBGKK5YHEZ7N6NINHLZJPX,focus,5805,off,1487370242925
A2E9NUZZ4S2VJ9:3YJ6NA41JBGKK5YHEZ7N6NINHLZJPX,focus,3827,on,1487370246752
A2E9NUZZ4S2VJ9:3YJ6NA41JBGKK5YHEZ7N6NINHLZJPX,focus,13958,off,1487370260710
A2E9NUZZ4S2VJ9:3YJ6NA41JBGKK5YHEZ7N6NINHLZJPX,focus,12238,on,1487370272948
A2E9NUZZ4S2VJ9:3YJ6NA41JBGKK5YHEZ7N6NINHLZJPX,focus,3327,off,1487370276275
A2E9NUZZ4S2VJ9:3YJ6NA41JBGKK5YHEZ7N6NINHLZJPX,focus,23542,on,1487370299817
A2E9NUZZ4S2VJ9:3YJ6NA41JBGKK5YHEZ7N6NINHLZJPX,focus,18837,off,1487370318654
A2E9NUZZ4S2VJ9:3YJ6NA41JBGKK5YHEZ7N6NINHLZJPX,focus,32585,on,1487370351239
A2E9NUZZ4S2VJ9:3YJ6NA41JBGKK5YHEZ7N6NINHLZJPX,focus,17619,off,1487370368858
A2E9NUZZ4S2VJ9:3YJ6NA41JBGKK5YHEZ7N6NINHLZJPX,focus,67031,on,1487370435889
A2E9NUZZ4S2VJ9:3YJ6NA41JBGKK5YHEZ7N6NINHLZJPX,focus,15817,off,1487370451706
A2E9NUZZ4S2VJ9:3YJ6NA41JBGKK5YHEZ7N6NINHLZJPX,focus,5553,on,1487370457259
A2E9NUZZ4S2VJ9:3YJ6NA41JBGKK5YHEZ7N6NINHLZJPX,focus,908,off,1487370458167
A2E9NUZZ4S2VJ9:3YJ6NA41JBGKK5YHEZ7N6NINHLZJPX,focus,72705,on,1487370530872
A2E9NUZZ4S2VJ9:3YJ6NA41JBGKK5YHEZ7N6NINHLZJPX,focus,2369,off,1487370533241
A2E9NUZZ4S2VJ9:3YJ6NA41JBGKK5YHEZ7N6NINHLZJPX,focus,2283,on,1487370535524
A2E9NUZZ4S2VJ9:3YJ6NA41JBGKK5YHEZ7N6NINHLZJPX,focus,10312,off,1487370545836
A2E9NUZZ4S2VJ9:3YJ6NA41JBGKK5YHEZ7N6NINHLZJPX,focus,35770,on,1487370581606
A2E9NUZZ4S2VJ9:3YJ6NA41JBGKK5YHEZ7N6NINHLZJPX,focus,23577,off,1487370605183
A2E9NUZZ4S2VJ9:3YJ6NA41JBGKK5YHEZ7N6NINHLZJPX,focus,23062,on,1487370628245
A2E9NUZZ4S2VJ9:3YJ6NA41JBGKK5YHEZ7N6NINHLZJPX,focus,15913,off,1487370644158
A2E9NUZZ4S2VJ9:3YJ6NA41JBGKK5YHEZ7N6NINHLZJPX,focus,63577,on,1487370707735
A2E9NUZZ4S2VJ9:3YJ6NA41JBGKK5YHEZ7N6NINHLZJPX,focus,3328,off,1487370711063
A2E9NUZZ4S2VJ9:3YJ6NA41JBGKK5YHEZ7N6NINHLZJPX,focus,917,on,1487370711980
A2E9NUZZ4S2VJ9:3YJ6NA41JBGKK5YHEZ7N6NINHLZJPX,focus,9585,off,1487370721565
A2E9NUZZ4S2VJ9:3YJ6NA41JBGKK5YHEZ7N6NINHLZJPX,focus,27964,on,1487370749529
A2E9NUZZ4S2VJ9:3YJ6NA41JBGKK5YHEZ7N6NINHLZJPX,focus,2806,off,1487370752335
A2E9NUZZ4S2VJ9:3YJ6NA41JBGKK5YHEZ7N6NINHLZJPX,focus,22758,on,1487370775093
A2E9NUZZ4S2VJ9:3YJ6NA41JBGKK5YHEZ7N6NINHLZJPX,focus,90025,off,1487370865118
A2E9NUZZ4S2VJ9:3YJ6NA41JBGKK5YHEZ7N6NINHLZJPX,focus,3962,on,1487370869080
A2E9NUZZ4S2VJ9:3YJ6NA41JBGKK5YHEZ7N6NINHLZJPX,focus,20241,off,1487370889321
A2E9NUZZ4S2VJ9:3YJ6NA41JBGKK5YHEZ7N6NINHLZJPX,focus,49211,on,1487370938532
A2E9NUZZ4S2VJ9:3YJ6NA41JBGKK5YHEZ7N6NINHLZJPX,focus,3377,off,1487370941909
A2E9NUZZ4S2VJ9:3YJ6NA41JBGKK5YHEZ7N6NINHLZJPX,focus,867,on,1487370942776
A2E9NUZZ4S2VJ9:3YJ6NA41JBGKK5YHEZ7N6NINHLZJPX,focus,10951,off,1487370953727
A2E9NUZZ4S2VJ9:3YJ6NA41JBGKK5YHEZ7N6NINHLZJPX,focus,9803,on,1487370963530
A2E9NUZZ4S2VJ9:3YJ6NA41JBGKK5YHEZ7N6NINHLZJPX,focus,930,off,1487370964460
A2E9NUZZ4S2VJ9:3YJ6NA41JBGKK5YHEZ7N6NINHLZJPX,focus,24605,on,1487370989065
A2E9NUZZ4S2VJ9:3YJ6NA41JBGKK5YHEZ7N6NINHLZJPX,focus,10688,off,1487370999753
A2E9NUZZ4S2VJ9:3YJ6NA41JBGKK5YHEZ7N6NINHLZJPX,focus,40457,on,1487371040210
A2E9NUZZ4S2VJ9:3YJ6NA41JBGKK5YHEZ7N6NINHLZJPX,focus,1886,off,1487371042096
A2E9NUZZ4S2VJ9:3YJ6NA41JBGKK5YHEZ7N6NINHLZJPX,focus,2410,on,1487371044506
A2E9NUZZ4S2VJ9:3YJ6NA41JBGKK5YHEZ7N6NINHLZJPX,focus,13334,off,1487371057840
A2E9NUZZ4S2VJ9:3YJ6NA41JBGKK5YHEZ7N6NINHLZJPX,focus,12962,on,1487371070802
A2E9NUZZ4S2VJ9:3YJ6NA41JBGKK5YHEZ7N6NINHLZJPX,focus,4616,off,1487371075418
A2E9NUZZ4S2VJ9:3YJ6NA41JBGKK5YHEZ7N6NINHLZJPX,focus,14650,on,1487371090068
A2E9NUZZ4S2VJ9:3YJ6NA41JBGKK5YHEZ7N6NINHLZJPX,focus,28429,off,1487371118497
A2E9NUZZ4S2VJ9:3YJ6NA41JBGKK5YHEZ7N6NINHLZJPX,focus,20483,on,1487371138980
A2E9NUZZ4S2VJ9:3YJ6NA41JBGKK5YHEZ7N6NINHLZJPX,focus,12739,off,1487371151719
A2E9NUZZ4S2VJ9:3YJ6NA41JBGKK5YHEZ7N6NINHLZJPX,focus,14772,on,1487371166491
A2E9NUZZ4S2VJ9:3YJ6NA41JBGKK5YHEZ7N6NINHLZJPX,focus,10634,off,1487371177125
A2E9NUZZ4S2VJ9:3YJ6NA41JBGKK5YHEZ7N6NINHLZJPX,focus,24251,on,1487371201376
A2E9NUZZ4S2VJ9:3YJ6NA41JBGKK5YHEZ7N6NINHLZJPX,focus,2444,off,1487371203820
A2E9NUZZ4S2VJ9:3YJ6NA41JBGKK5YHEZ7N6NINHLZJPX,focus,21213,on,1487371225033
A2E9NUZZ4S2VJ9:3YJ6NA41JBGKK5YHEZ7N6NINHLZJPX,focus,10015,off,1487371235048
A2E9NUZZ4S2VJ9:3YJ6NA41JBGKK5YHEZ7N6NINHLZJPX,focus,3883,on,1487371238931
A2E9NUZZ4S2VJ9:3YJ6NA41JBGKK5YHEZ7N6NINHLZJPX,focus,4569,off,1487371243500
A2E9NUZZ4S2VJ9:3YJ6NA41JBGKK5YHEZ7N6NINHLZJPX,focus,9128,on,1487371252628
A2E9NUZZ4S2VJ9:3YJ6NA41JBGKK5YHEZ7N6NINHLZJPX,focus,11965,off,1487371264593
A2E9NUZZ4S2VJ9:3YJ6NA41JBGKK5YHEZ7N6NINHLZJPX,focus,30085,on,1487371294678
A2E9NUZZ4S2VJ9:3YJ6NA41JBGKK5YHEZ7N6NINHLZJPX,focus,5705,off,1487371300383
A2E9NUZZ4S2VJ9:3YJ6NA41JBGKK5YHEZ7N6NINHLZJPX,focus,153323,on,1487371453706
A2E9NUZZ4S2VJ9:3YJ6NA41JBGKK5YHEZ7N6NINHLZJPX,focus,2886,off,1487371456592
A2E9NUZZ4S2VJ9:3YJ6NA41JBGKK5YHEZ7N6NINHLZJPX,focus,5894,on,1487371462486
A2E9NUZZ4S2VJ9:3YJ6NA41JBGKK5YHEZ7N6NINHLZJPX,focus,3016,off,1487371465502
A2E9NUZZ4S2VJ9:3YJ6NA41JBGKK5YHEZ7N6NINHLZJPX,focus,2913,on,1487371468415
A2E9NUZZ4S2VJ9:3YJ6NA41JBGKK5YHEZ7N6NINHLZJPX,focus,2150,off,1487371470565
A2E9NUZZ4S2VJ9:3YJ6NA41JBGKK5YHEZ7N6NINHLZJPX,focus,14294,on,1487371484859
A2E9NUZZ4S2VJ9:3YJ6NA41JBGKK5YHEZ7N6NINHLZJPX,focus,36124,off,1487371520983
A2E9NUZZ4S2VJ9:3YJ6NA41JBGKK5YHEZ7N6NINHLZJPX,focus,166,on,1487371521149
A2E9NUZZ4S2VJ9:3YJ6NA41JBGKK5YHEZ7N6NINHLZJPX,focus,1696,off,1487371522845
A2E9NUZZ4S2VJ9:3YJ6NA41JBGKK5YHEZ7N6NINHLZJPX,focus,20398,on,1487371543243
A2E9NUZZ4S2VJ9:3YJ6NA41JBGKK5YHEZ7N6NINHLZJPX,focus,17717,off,1487371560960
A2E9NUZZ4S2VJ9:3YJ6NA41JBGKK5YHEZ7N6NINHLZJPX,focus,4205,on,1487371565165
A2E9NUZZ4S2VJ9:3YJ6NA41JBGKK5YHEZ7N6NINHLZJPX,focus,1718,off,1487371566883
A2E9NUZZ4S2VJ9:3YJ6NA41JBGKK5YHEZ7N6NINHLZJPX,focus,17587,on,1487371584470
A2MCG5W6LHSRG9:3JC6VJ2SABJ5Q2DU0ELWFIAN0Y45AH,initialized,0,,1487369209559
A2MCG5W6LHSRG9:3JC6VJ2SABJ5Q2DU0ELWFIAN0Y45AH,window_resize,0,"[1126, 845]",1487369209559
A2MCG5W6LHSRG9:3JC6VJ2SABJ5Q2DU0ELWFIAN0Y45AH,focus,263,on,1487369209822
A2MCG5W6LHSRG9:3JC6VJ2SABJ5Q2DU0ELWFIAN0Y45AH,focus,15020,off,1487369224842
A2MCG5W6LHSRG9:3JC6VJ2SABJ5Q2DU0ELWFIAN0Y45AH,focus,11224,on,1487369236066
A2MCG5W6LHSRG9:3JC6VJ2SABJ5Q2DU0ELWFIAN0Y45AH,window_resize,471,"[1920, 978]",1487369236537
A2MCG5W6LHSRG9:3JC6VJ2SABJ5Q2DU0ELWFIAN0Y45AH,window_resize,137318,"[1126, 845]",1487369373855
A2MCG5W6LHSRG9:3JC6VJ2SABJ5Q2DU0ELWFIAN0Y45AH,window_resize,1857,"[1920, 978]",1487369375712
A2MCG5W6LHSRG9:3JC6VJ2SABJ5Q2DU0ELWFIAN0Y45AH,focus,41412,off,1487369417124
A2MCG5W6LHSRG9:3JC6VJ2SABJ5Q2DU0ELWFIAN0Y45AH,focus,2751,on,1487369419875
A2MCG5W6LHSRG9:3JC6VJ2SABJ5Q2DU0ELWFIAN0Y45AH,focus,403575,off,1487369823450
A2MCG5W6LHSRG9:3JC6VJ2SABJ5Q2DU0ELWFIAN0Y45AH,focus,10937,on,1487369834387
A2MCG5W6LHSRG9:3JC6VJ2SABJ5Q2DU0ELWFIAN0Y45AH,focus,235590,off,1487370069977
A2MCG5W6LHSRG9:3JC6VJ2SABJ5Q2DU0ELWFIAN0Y45AH,focus,2941,on,1487370072918
A2MCG5W6LHSRG9:3JC6VJ2SABJ5Q2DU0ELWFIAN0Y45AH,focus,256850,off,1487370329768
A2MCG5W6LHSRG9:3JC6VJ2SABJ5Q2DU0ELWFIAN0Y45AH,focus,21660,on,1487370351428
A2MCG5W6LHSRG9:3JC6VJ2SABJ5Q2DU0ELWFIAN0Y45AH,focus,28492,off,1487370379920
A2MCG5W6LHSRG9:3JC6VJ2SABJ5Q2DU0ELWFIAN0Y45AH,focus,19505,on,1487370399425
A2MCG5W6LHSRG9:3JC6VJ2SABJ5Q2DU0ELWFIAN0Y45AH,focus,44728,off,1487370444153
A2MCG5W6LHSRG9:3JC6VJ2SABJ5Q2DU0ELWFIAN0Y45AH,focus,3792,on,1487370447945
A2NA2OJT15COZY:3Q5ZZ9ZEVOFR7EKF3G1IJR4SAA458D,initialized,0,,1487370534665
A2NA2OJT15COZY:3Q5ZZ9ZEVOFR7EKF3G1IJR4SAA458D,window_resize,0,"[1137, 801]",1487370534665
A2NA2OJT15COZY:3Q5ZZ9ZEVOFR7EKF3G1IJR4SAA458D,focus,2241,off,1487370536906
A2NA2OJT15COZY:3Q5ZZ9ZEVOFR7EKF3G1IJR4SAA458D,focus,1171,on,1487370538077
A2NA2OJT15COZY:3Q5ZZ9ZEVOFR7EKF3G1IJR4SAA458D,focus,87,off,1487370538164
A2NA2OJT15COZY:3Q5ZZ9ZEVOFR7EKF3G1IJR4SAA458D,focus,4152,on,1487370542316
A2NA2OJT15COZY:3Q5ZZ9ZEVOFR7EKF3G1IJR4SAA458D,focus,2181,off,1487370544497
A2NA2OJT15COZY:3Q5ZZ9ZEVOFR7EKF3G1IJR4SAA458D,focus,93,on,1487370544590
A2NA2OJT15COZY:3Q5ZZ9ZEVOFR7EKF3G1IJR4SAA458D,window_resize,232,"[1517, 735]",1487370544822
A2NA2OJT15COZY:3Q5ZZ9ZEVOFR7EKF3G1IJR4SAA458D,focus,2344,off,1487370547166
A2NA2OJT15COZY:3Q5ZZ9ZEVOFR7EKF3G1IJR4SAA458D,focus,236,on,1487370547402
A2NA2OJT15COZY:3Q5ZZ9ZEVOFR7EKF3G1IJR4SAA458D,window_resize,357,"[1517, 735]",1487370547759
A2NA2OJT15COZY:3Q5ZZ9ZEVOFR7EKF3G1IJR4SAA458D,focus,58249,off,1487370606008
A2NA2OJT15COZY:3Q5ZZ9ZEVOFR7EKF3G1IJR4SAA458D,focus,10110,on,1487370616118
A2NA2OJT15COZY:3Q5ZZ9ZEVOFR7EKF3G1IJR4SAA458D,focus,9628,off,1487370625746
A2NA2OJT15COZY:3Q5ZZ9ZEVOFR7EKF3G1IJR4SAA458D,focus,22294,on,1487370648040
A2NA2OJT15COZY:3Q5ZZ9ZEVOFR7EKF3G1IJR4SAA458D,focus,20899,off,1487370668939
A2NA2OJT15COZY:3Q5ZZ9ZEVOFR7EKF3G1IJR4SAA458D,focus,9438,on,1487370678377
A2NA2OJT15COZY:3Q5ZZ9ZEVOFR7EKF3G1IJR4SAA458D,focus,24972,off,1487370703349
A2NA2OJT15COZY:3Q5ZZ9ZEVOFR7EKF3G1IJR4SAA458D,window_resize,693,"[1517, 393]",1487370704042
A2NA2OJT15COZY:3Q5ZZ9ZEVOFR7EKF3G1IJR4SAA458D,focus,7005,on,1487370711047
A2NA2OJT15COZY:3Q5ZZ9ZEVOFR7EKF3G1IJR4SAA458D,focus,5659,off,1487370716706
A2NA2OJT15COZY:3Q5ZZ9ZEVOFR7EKF3G1IJR4SAA458D,focus,16932,on,1487370733638
A2NA2OJT15COZY:3Q5ZZ9ZEVOFR7EKF3G1IJR4SAA458D,focus,31745,off,1487370765383
A2NA2OJT15COZY:3Q5ZZ9ZEVOFR7EKF3G1IJR4SAA458D,focus,26308,on,1487370791691
A2NA2OJT15COZY:3Q5ZZ9ZEVOFR7EKF3G1IJR4SAA458D,focus,18689,off,1487370810380
A2NA2OJT15COZY:3Q5ZZ9ZEVOFR7EKF3G1IJR4SAA458D,focus,39890,on,1487370850270
A2NA2OJT15COZY:3Q5ZZ9ZEVOFR7EKF3G1IJR4SAA458D,focus,15506,off,1487370865776
A2NA2OJT15COZY:3Q5ZZ9ZEVOFR7EKF3G1IJR4SAA458D,focus,15276,on,1487370881052
A2NA2OJT15COZY:3Q5ZZ9ZEVOFR7EKF3G1IJR4SAA458D,focus,1377,off,1487370882429
A2NA2OJT15COZY:3Q5ZZ9ZEVOFR7EKF3G1IJR4SAA458D,focus,16727,on,1487370899156
A2NA2OJT15COZY:3Q5ZZ9ZEVOFR7EKF3G1IJR4SAA458D,focus,15350,off,1487370914506
A2NA2OJT15COZY:3Q5ZZ9ZEVOFR7EKF3G1IJR4SAA458D,focus,32576,on,1487370947082
A2NA2OJT15COZY:3Q5ZZ9ZEVOFR7EKF3G1IJR4SAA458D,focus,8732,off,1487370955814
A2NA2OJT15COZY:3Q5ZZ9ZEVOFR7EKF3G1IJR4SAA458D,focus,11953,on,1487370967767
A2NA2OJT15COZY:3Q5ZZ9ZEVOFR7EKF3G1IJR4SAA458D,focus,14540,off,1487370982307
A2NA2OJT15COZY:3Q5ZZ9ZEVOFR7EKF3G1IJR4SAA458D,focus,12248,on,1487370994555
A2NA2OJT15COZY:3Q5ZZ9ZEVOFR7EKF3G1IJR4SAA458D,focus,7525,off,1487371002080
A2NA2OJT15COZY:3Q5ZZ9ZEVOFR7EKF3G1IJR4SAA458D,focus,36808,on,1487371038888
A2NA2OJT15COZY:3Q5ZZ9ZEVOFR7EKF3G1IJR4SAA458D,focus,9712,off,1487371048600
A2NA2OJT15COZY:3Q5ZZ9ZEVOFR7EKF3G1IJR4SAA458D,focus,19317,on,1487371067917
A2NA2OJT15COZY:3Q5ZZ9ZEVOFR7EKF3G1IJR4SAA458D,focus,65437,off,1487371133354
A2NA2OJT15COZY:3Q5ZZ9ZEVOFR7EKF3G1IJR4SAA458D,focus,24505,on,1487371157859
A2NA2OJT15COZY:3Q5ZZ9ZEVOFR7EKF3G1IJR4SAA458D,window_resize,2410,"[1517, 735]",1487371160269
A2NA2OJT15COZY:3Q5ZZ9ZEVOFR7EKF3G1IJR4SAA458D,focus,14618,off,1487371174887
A2NA2OJT15COZY:3Q5ZZ9ZEVOFR7EKF3G1IJR4SAA458D,focus,16395,on,1487371191282
A2NA2OJT15COZY:3Q5ZZ9ZEVOFR7EKF3G1IJR4SAA458D,focus,3894,off,1487371195176
A2NA2OJT15COZY:3Q5ZZ9ZEVOFR7EKF3G1IJR4SAA458D,focus,20714,on,1487371215890
A2NA2OJT15COZY:3Q5ZZ9ZEVOFR7EKF3G1IJR4SAA458D,focus,12137,off,1487371228027
A2NA2OJT15COZY:3Q5ZZ9ZEVOFR7EKF3G1IJR4SAA458D,focus,37493,on,1487371265520
A2NA2OJT15COZY:3Q5ZZ9ZEVOFR7EKF3G1IJR4SAA458D,focus,64681,off,1487371330201
A2NA2OJT15COZY:3Q5ZZ9ZEVOFR7EKF3G1IJR4SAA458D,focus,5465,on,1487371335666
A2NA2OJT15COZY:3Q5ZZ9ZEVOFR7EKF3G1IJR4SAA458D,focus,901,off,1487371336567
A2NA2OJT15COZY:3Q5ZZ9ZEVOFR7EKF3G1IJR4SAA458D,focus,10242,on,1487371346809
A2NA2OJT15COZY:3Q5ZZ9ZEVOFR7EKF3G1IJR4SAA458D,focus,71955,off,1487371418764
A2NA2OJT15COZY:3Q5ZZ9ZEVOFR7EKF3G1IJR4SAA458D,focus,22807,on,1487371441571
A2NA2OJT15COZY:3Q5ZZ9ZEVOFR7EKF3G1IJR4SAA458D,focus,25569,off,1487371467140
A2NA2OJT15COZY:3Q5ZZ9ZEVOFR7EKF3G1IJR4SAA458D,focus,27281,on,1487371494421
A2NA2OJT15COZY:3Q5ZZ9ZEVOFR7EKF3G1IJR4SAA458D,focus,18718,off,1487371513139
A2NA2OJT15COZY:3Q5ZZ9ZEVOFR7EKF3G1IJR4SAA458D,focus,40269,on,1487371553408
A2NA2OJT15COZY:3Q5ZZ9ZEVOFR7EKF3G1IJR4SAA458D,focus,13973,off,1487371567381
A2NA2OJT15COZY:3Q5ZZ9ZEVOFR7EKF3G1IJR4SAA458D,focus,25447,on,1487371592828
A2NA2OJT15COZY:3Q5ZZ9ZEVOFR7EKF3G1IJR4SAA458D,focus,17732,off,1487371610560
A2NA2OJT15COZY:3Q5ZZ9ZEVOFR7EKF3G1IJR4SAA458D,focus,36385,on,1487371646945
A2NA2OJT15COZY:3Q5ZZ9ZEVOFR7EKF3G1IJR4SAA458D,focus,10282,off,1487371657227
A2NA2OJT15COZY:3Q5ZZ9ZEVOFR7EKF3G1IJR4SAA458D,focus,37152,on,1487371694379
A2VRDE2FHCBMF8:38F5OAUN5NCZNTZRUDALUOBN4ZPH7J,initialized,0,,1487369560656
A2VRDE2FHCBMF8:38F5OAUN5NCZNTZRUDALUOBN4ZPH7J,window_resize,0,"[1366, 677]",1487369560656
A2VRDE2FHCBMF8:38F5OAUN5NCZNTZRUDALUOBN4ZPH7J,focus,224609,off,1487369785265
A2VRDE2FHCBMF8:38F5OAUN5NCZNTZRUDALUOBN4ZPH7J,focus,13,on,1487369785278
A2VRDE2FHCBMF8:38F5OAUN5NCZNTZRUDALUOBN4ZPH7J,focus,616429,off,1487370401707
A2VRDE2FHCBMF8:38F5OAUN5NCZNTZRUDALUOBN4ZPH7J,focus,15847,on,1487370417554
A2VRDE2FHCBMF8:38F5OAUN5NCZNTZRUDALUOBN4ZPH7J,focus,57253,off,1487370474807
A2VRDE2FHCBMF8:38F5OAUN5NCZNTZRUDALUOBN4ZPH7J,focus,6706,on,1487370481513
A2VRDE2FHCBMF8:38F5OAUN5NCZNTZRUDALUOBN4ZPH7J,focus,91590,off,1487370573103
A2VRDE2FHCBMF8:38F5OAUN5NCZNTZRUDALUOBN4ZPH7J,focus,18906,on,1487370592009
A2VRDE2FHCBMF8:38F5OAUN5NCZNTZRUDALUOBN4ZPH7J,focus,195278,off,1487370787287
A2VRDE2FHCBMF8:38F5OAUN5NCZNTZRUDALUOBN4ZPH7J,focus,13107,on,1487370800394
A2VRDE2FHCBMF8:38F5OAUN5NCZNTZRUDALUOBN4ZPH7J,focus,48246,off,1487370848640
A2VRDE2FHCBMF8:38F5OAUN5NCZNTZRUDALUOBN4ZPH7J,focus,1685,on,1487370850325
A2XNO2KWLLGW6Z:39KFRKBFINVSUUHFLZVBRASLKKCOYF,initialized,0,,1487370008262
A2XNO2KWLLGW6Z:39KFRKBFINVSUUHFLZVBRASLKKCOYF,window_resize,0,"[1024, 768]",1487370008262
A2XNO2KWLLGW6Z:39KFRKBFINVSUUHFLZVBRASLKKCOYF,focus,241,on,1487370008503
A2XNO2KWLLGW6Z:39KFRKBFINVSUUHFLZVBRASLKKCOYF,window_resize,2712,"[1120, 810]",1487370011215
A2XNO2KWLLGW6Z:39KFRKBFINVSUUHFLZVBRASLKKCOYF,window_resize,791,"[1237, 810]",1487370012006
A2XNO2KWLLGW6Z:39KFRKBFINVSUUHFLZVBRASLKKCOYF,focus,586981,off,1487370598987
A2XNO2KWLLGW6Z:39KFRKBFINVSUUHFLZVBRASLKKCOYF,focus,1610,on,1487370600597
A2XNO2KWLLGW6Z:39KFRKBFINVSUUHFLZVBRASLKKCOYF,focus,86294,off,1487370686891
A2XNO2KWLLGW6Z:39KFRKBFINVSUUHFLZVBRASLKKCOYF,focus,1657,on,1487370688548
A2XNO2KWLLGW6Z:39KFRKBFINVSUUHFLZVBRASLKKCOYF,focus,28379,off,1487370716927
A2XNO2KWLLGW6Z:39KFRKBFINVSUUHFLZVBRASLKKCOYF,focus,3906,on,1487370720833
A2XNO2KWLLGW6Z:39KFRKBFINVSUUHFLZVBRASLKKCOYF,focus,70259,off,1487370791092
A2XNO2KWLLGW6Z:39KFRKBFINVSUUHFLZVBRASLKKCOYF,focus,1186,on,1487370792278
A2XNO2KWLLGW6Z:39KFRKBFINVSUUHFLZVBRASLKKCOYF,focus,16783,off,1487370809061
A2XNO2KWLLGW6Z:39KFRKBFINVSUUHFLZVBRASLKKCOYF,focus,2110,on,1487370811171
A2XNO2KWLLGW6Z:39KFRKBFINVSUUHFLZVBRASLKKCOYF,focus,21626,off,1487370832797
A2XNO2KWLLGW6Z:39KFRKBFINVSUUHFLZVBRASLKKCOYF,focus,1324,on,1487370834121
A2XNO2KWLLGW6Z:39KFRKBFINVSUUHFLZVBRASLKKCOYF,focus,20308,off,1487370854429
A2XNO2KWLLGW6Z:39KFRKBFINVSUUHFLZVBRASLKKCOYF,focus,1824,on,1487370856253
A2XNO2KWLLGW6Z:39KFRKBFINVSUUHFLZVBRASLKKCOYF,focus,30146,off,1487370886399
A2XNO2KWLLGW6Z:39KFRKBFINVSUUHFLZVBRASLKKCOYF,focus,1112,on,1487370887511
A2XNO2KWLLGW6Z:39KFRKBFINVSUUHFLZVBRASLKKCOYF,focus,19681,off,1487370907192
A2XNO2KWLLGW6Z:39KFRKBFINVSUUHFLZVBRASLKKCOYF,focus,1417,on,1487370908609
A2XNO2KWLLGW6Z:39KFRKBFINVSUUHFLZVBRASLKKCOYF,focus,74342,off,1487370982951
A2XNO2KWLLGW6Z:39KFRKBFINVSUUHFLZVBRASLKKCOYF,focus,1396,on,1487370984347
A2XNO2KWLLGW6Z:39KFRKBFINVSUUHFLZVBRASLKKCOYF,focus,14544,off,1487370998891
A2XNO2KWLLGW6Z:39KFRKBFINVSUUHFLZVBRASLKKCOYF,focus,797,on,1487370999688
A2XNO2KWLLGW6Z:39KFRKBFINVSUUHFLZVBRASLKKCOYF,focus,30855,off,1487371030543
A2XNO2KWLLGW6Z:39KFRKBFINVSUUHFLZVBRASLKKCOYF,focus,10917,on,1487371041460
A2XNO2KWLLGW6Z:39KFRKBFINVSUUHFLZVBRASLKKCOYF,focus,80424,off,1487371121884
A2XNO2KWLLGW6Z:39KFRKBFINVSUUHFLZVBRASLKKCOYF,window_resize,348,"[1237, 781]",1487371122232
A2XNO2KWLLGW6Z:39KFRKBFINVSUUHFLZVBRASLKKCOYF,focus,4654,on,1487371126886
A2XNO2KWLLGW6Z:39KFRKBFINVSUUHFLZVBRASLKKCOYF,window_resize,379,"[1237, 810]",1487371127265
A2XNO2KWLLGW6Z:39KFRKBFINVSUUHFLZVBRASLKKCOYF,focus,409280,off,1487371536545
A2XNO2KWLLGW6Z:39KFRKBFINVSUUHFLZVBRASLKKCOYF,focus,10247,on,1487371546792
A2XNO2KWLLGW6Z:39KFRKBFINVSUUHFLZVBRASLKKCOYF,focus,5491,off,1487371552283
A2XNO2KWLLGW6Z:39KFRKBFINVSUUHFLZVBRASLKKCOYF,focus,6269,on,1487371558552
A2XNO2KWLLGW6Z:39KFRKBFINVSUUHFLZVBRASLKKCOYF,focus,31922,off,1487371590474
A2XNO2KWLLGW6Z:39KFRKBFINVSUUHFLZVBRASLKKCOYF,focus,8492,on,1487371598966
A2XNO2KWLLGW6Z:39KFRKBFINVSUUHFLZVBRASLKKCOYF,focus,2204,off,1487371601170
A2XNO2KWLLGW6Z:39KFRKBFINVSUUHFLZVBRASLKKCOYF,focus,2178,on,1487371603348
A2XNO2KWLLGW6Z:39KFRKBFINVSUUHFLZVBRASLKKCOYF,focus,2578,off,1487371605926
A2XNO2KWLLGW6Z:39KFRKBFINVSUUHFLZVBRASLKKCOYF,focus,2046,on,1487371607972
A2XNO2KWLLGW6Z:39KFRKBFINVSUUHFLZVBRASLKKCOYF,focus,19552,off,1487371627524
A2XNO2KWLLGW6Z:39KFRKBFINVSUUHFLZVBRASLKKCOYF,focus,2457,on,1487371629981
A2XNO2KWLLGW6Z:39KFRKBFINVSUUHFLZVBRASLKKCOYF,focus,56832,off,1487371686813
A2XNO2KWLLGW6Z:39KFRKBFINVSUUHFLZVBRASLKKCOYF,focus,5914,on,1487371692727
A2XNO2KWLLGW6Z:39KFRKBFINVSUUHFLZVBRASLKKCOYF,focus,63759,off,1487371756486
A2XNO2KWLLGW6Z:39KFRKBFINVSUUHFLZVBRASLKKCOYF,focus,3672,on,1487371760158
A2XNO2KWLLGW6Z:39KFRKBFINVSUUHFLZVBRASLKKCOYF,focus,17481,off,1487371777639
A2XNO2KWLLGW6Z:39KFRKBFINVSUUHFLZVBRASLKKCOYF,focus,7082,on,1487371784721
A2XNO2KWLLGW6Z:39KFRKBFINVSUUHFLZVBRASLKKCOYF,focus,9852,off,1487371794573
A2XNO2KWLLGW6Z:39KFRKBFINVSUUHFLZVBRASLKKCOYF,focus,6726,on,1487371801299
A2XNO2KWLLGW6Z:39KFRKBFINVSUUHFLZVBRASLKKCOYF,focus,775,off,1487371802074
A2XNO2KWLLGW6Z:39KFRKBFINVSUUHFLZVBRASLKKCOYF,focus,2482,on,1487371804556
A2XNO2KWLLGW6Z:39KFRKBFINVSUUHFLZVBRASLKKCOYF,focus,100875,off,1487371905431
A2XNO2KWLLGW6Z:39KFRKBFINVSUUHFLZVBRASLKKCOYF,focus,3813,on,1487371909244
A2XNO2KWLLGW6Z:39KFRKBFINVSUUHFLZVBRASLKKCOYF,focus,24498,off,1487371933742
A2XNO2KWLLGW6Z:39KFRKBFINVSUUHFLZVBRASLKKCOYF,focus,2591,on,1487371936333
A2XNO2KWLLGW6Z:39KFRKBFINVSUUHFLZVBRASLKKCOYF,focus,13816,off,1487371950149
A2XNO2KWLLGW6Z:39KFRKBFINVSUUHFLZVBRASLKKCOYF,focus,12833,on,1487371962982
A2XNO2KWLLGW6Z:39KFRKBFINVSUUHFLZVBRASLKKCOYF,focus,33655,off,1487371996637
A2XNO2KWLLGW6Z:39KFRKBFINVSUUHFLZVBRASLKKCOYF,focus,1206,on,1487371997843
A2XNO2KWLLGW6Z:39KFRKBFINVSUUHFLZVBRASLKKCOYF,focus,2652,off,1487372000495
A2XNO2KWLLGW6Z:39KFRKBFINVSUUHFLZVBRASLKKCOYF,focus,4385,on,1487372004880
A32QJF67JMJFKX:326O153BMIY3KS9ZVP519DO6YU0EDT,initialized,0,,1487369362172
A32QJF67JMJFKX:326O153BMIY3KS9ZVP519DO6YU0EDT,window_resize,0,"[1024, 749]",1487369362172
A32QJF67JMJFKX:326O153BMIY3KS9ZVP519DO6YU0EDT,focus,145590,off,1487369507762
A32QJF67JMJFKX:326O153BMIY3KS9ZVP519DO6YU0EDT,focus,2,on,1487369507764
A32QJF67JMJFKX:326O153BMIY3KS9ZVP519DO6YU0EDT,focus,111949,off,1487369619713
A32QJF67JMJFKX:326O153BMIY3KS9ZVP519DO6YU0EDT,focus,1,on,1487369619714
A32QJF67JMJFKX:326O153BMIY3KS9ZVP519DO6YU0EDT,focus,19442,off,1487369639156
A32QJF67JMJFKX:326O153BMIY3KS9ZVP519DO6YU0EDT,focus,9846,on,1487369649002
A3AO2N7BNFDGF3:3NGI5ARFTT5DPOIDOA1H2NM1N4ZP1Z,initialized,0,,1487369756116
A3AO2N7BNFDGF3:3NGI5ARFTT5DPOIDOA1H2NM1N4ZP1Z,window_resize,0,"[934, 668]",1487369756116
A3AO2N7BNFDGF3:3NGI5ARFTT5DPOIDOA1H2NM1N4ZP1Z,focus,808,off,1487369756924
A3AO2N7BNFDGF3:3NGI5ARFTT5DPOIDOA1H2NM1N4ZP1Z,focus,78080,on,1487369835004
A3AO2N7BNFDGF3:3NGI5ARFTT5DPOIDOA1H2NM1N4ZP1Z,window_resize,2547,"[1366, 677]",1487369837551
A3AO2N7BNFDGF3:3NGI5ARFTT5DPOIDOA1H2NM1N4ZP1Z,focus,119711,off,1487369957262
A3AO2N7BNFDGF3:3NGI5ARFTT5DPOIDOA1H2NM1N4ZP1Z,focus,139,on,1487369957401
A3AO2N7BNFDGF3:3NGI5ARFTT5DPOIDOA1H2NM1N4ZP1Z,focus,53019,off,1487370010420
A3AO2N7BNFDGF3:3NGI5ARFTT5DPOIDOA1H2NM1N4ZP1Z,focus,4,on,1487370010424
A3AO2N7BNFDGF3:3NGI5ARFTT5DPOIDOA1H2NM1N4ZP1Z,focus,82403,off,1487370092827
A3AO2N7BNFDGF3:3NGI5ARFTT5DPOIDOA1H2NM1N4ZP1Z,focus,3,on,1487370092830
A3AO2N7BNFDGF3:3NGI5ARFTT5DPOIDOA1H2NM1N4ZP1Z,focus,16314,off,1487370109144
A3AO2N7BNFDGF3:3NGI5ARFTT5DPOIDOA1H2NM1N4ZP1Z,focus,1,on,1487370109145
A3AO2N7BNFDGF3:3NGI5ARFTT5DPOIDOA1H2NM1N4ZP1Z,focus,47188,off,1487370156333
A3AO2N7BNFDGF3:3NGI5ARFTT5DPOIDOA1H2NM1N4ZP1Z,focus,12,on,1487370156345
A3AO2N7BNFDGF3:3NGI5ARFTT5DPOIDOA1H2NM1N4ZP1Z,focus,57602,off,1487370213947
A3AO2N7BNFDGF3:3NGI5ARFTT5DPOIDOA1H2NM1N4ZP1Z,focus,216,on,1487370214163
A3AO2N7BNFDGF3:3NGI5ARFTT5DPOIDOA1H2NM1N4ZP1Z,window_resize,123152,"[1024, 713]",1487370337315
A3AO2N7BNFDGF3:3NGI5ARFTT5DPOIDOA1H2NM1N4ZP1Z,window_resize,434,"[934, 668]",1487370337749
A3AO2N7BNFDGF3:3NGI5ARFTT5DPOIDOA1H2NM1N4ZP1Z,focus,3233,off,1487370340982
A3AO2N7BNFDGF3:3NGI5ARFTT5DPOIDOA1H2NM1N4ZP1Z,window_resize,17169,"[1037, 742]",1487370358151
A3AO2N7BNFDGF3:3NGI5ARFTT5DPOIDOA1H2NM1N4ZP1Z,focus,1903,on,1487370360054
A3AO2N7BNFDGF3:3NGI5ARFTT5DPOIDOA1H2NM1N4ZP1Z,focus,34380,off,1487370394434
A3AO2N7BNFDGF3:3NGI5ARFTT5DPOIDOA1H2NM1N4ZP1Z,focus,33917,on,1487370428351
A3AO2N7BNFDGF3:3NGI5ARFTT5DPOIDOA1H2NM1N4ZP1Z,focus,32270,off,1487370460621
A3AO2N7BNFDGF3:3NGI5ARFTT5DPOIDOA1H2NM1N4ZP1Z,focus,32068,on,1487370492689
A3AO2N7BNFDGF3:3NGI5ARFTT5DPOIDOA1H2NM1N4ZP1Z,focus,7969,off,1487370500658
A3AO2N7BNFDGF3:3NGI5ARFTT5DPOIDOA1H2NM1N4ZP1Z,focus,1657,on,1487370502315
A3AO2N7BNFDGF3:3NGI5ARFTT5DPOIDOA1H2NM1N4ZP1Z,focus,51374,off,1487370553689
A3AO2N7BNFDGF3:3NGI5ARFTT5DPOIDOA1H2NM1N4ZP1Z,focus,45802,on,1487370599491
A3AO2N7BNFDGF3:3NGI5ARFTT5DPOIDOA1H2NM1N4ZP1Z,window_resize,41922,"[1137, 792]",1487370641413
A3AO2N7BNFDGF3:3NGI5ARFTT5DPOIDOA1H2NM1N4ZP1Z,window_resize,2407,"[1517, 752]",1487370643820
A3AO2N7BNFDGF3:3NGI5ARFTT5DPOIDOA1H2NM1N4ZP1Z,focus,200653,off,1487370844473
A3AO2N7BNFDGF3:3NGI5ARFTT5DPOIDOA1H2NM1N4ZP1Z,focus,9683,on,1487370854156
A3G00Q5JV2BE5G:3CCZ6YKWR7JRLJ3P887WJNZ3UGM592,initialized,0,,1487370566539
A3G00Q5JV2BE5G:3CCZ6YKWR7JRLJ3P887WJNZ3UGM592,window_resize,0,"[1024, 768]",1487370566539
A3G00Q5JV2BE5G:3CCZ6YKWR7JRLJ3P887WJNZ3UGM592,focus,11005,off,1487370577544
A3G00Q5JV2BE5G:3CCZ6YKWR7JRLJ3P887WJNZ3UGM592,focus,56875,on,1487370634419
A3G00Q5JV2BE5G:3CCZ6YKWR7JRLJ3P887WJNZ3UGM592,focus,33826,off,1487370668245
A3G00Q5JV2BE5G:3CCZ6YKWR7JRLJ3P887WJNZ3UGM592,focus,1,on,1487370668246
A3G00Q5JV2BE5G:3CCZ6YKWR7JRLJ3P887WJNZ3UGM592,focus,29315,off,1487370697561
A3G00Q5JV2BE5G:3CCZ6YKWR7JRLJ3P887WJNZ3UGM592,focus,0,on,1487370697561
A3G00Q5JV2BE5G:3CCZ6YKWR7JRLJ3P887WJNZ3UGM592,focus,115266,off,1487370812827
A3G00Q5JV2BE5G:3CCZ6YKWR7JRLJ3P887WJNZ3UGM592,focus,10636,on,1487370823463
A3G00Q5JV2BE5G:3CCZ6YKWR7JRLJ3P887WJNZ3UGM592,focus,29347,off,1487370852810
A3G00Q5JV2BE5G:3CCZ6YKWR7JRLJ3P887WJNZ3UGM592,focus,23394,on,1487370876204
A3G00Q5JV2BE5G:3CCZ6YKWR7JRLJ3P887WJNZ3UGM592,focus,24179,off,1487370900383
A3G00Q5JV2BE5G:3CCZ6YKWR7JRLJ3P887WJNZ3UGM592,focus,35620,on,1487370936003
A3G00Q5JV2BE5G:3CCZ6YKWR7JRLJ3P887WJNZ3UGM592,focus,26540,off,1487370962543
A3G00Q5JV2BE5G:3CCZ6YKWR7JRLJ3P887WJNZ3UGM592,focus,22029,on,1487370984572
A3G00Q5JV2BE5G:3CCZ6YKWR7JRLJ3P887WJNZ3UGM592,focus,20275,off,1487371004847
A3G00Q5JV2BE5G:3CCZ6YKWR7JRLJ3P887WJNZ3UGM592,focus,34593,on,1487371039440
A3G00Q5JV2BE5G:3CCZ6YKWR7JRLJ3P887WJNZ3UGM592,focus,44759,off,1487371084199
A3G00Q5JV2BE5G:3CCZ6YKWR7JRLJ3P887WJNZ3UGM592,focus,4664,on,1487371088863
A3G00Q5JV2BE5G:3CCZ6YKWR7JRLJ3P887WJNZ3UGM592,focus,14742,off,1487371103605
A3G00Q5JV2BE5G:3CCZ6YKWR7JRLJ3P887WJNZ3UGM592,focus,9429,on,1487371113034
A3G00Q5JV2BE5G:3CCZ6YKWR7JRLJ3P887WJNZ3UGM592,focus,52894,off,1487371165928
A3G00Q5JV2BE5G:3CCZ6YKWR7JRLJ3P887WJNZ3UGM592,focus,3305,on,1487371169233
A3G00Q5JV2BE5G:3CCZ6YKWR7JRLJ3P887WJNZ3UGM592,focus,32281,off,1487371201514
A3G00Q5JV2BE5G:3CCZ6YKWR7JRLJ3P887WJNZ3UGM592,focus,19953,on,1487371221467
A3G00Q5JV2BE5G:3CCZ6YKWR7JRLJ3P887WJNZ3UGM592,focus,13881,off,1487371235348
A3G00Q5JV2BE5G:3CCZ6YKWR7JRLJ3P887WJNZ3UGM592,focus,12579,on,1487371247927
A3G00Q5JV2BE5G:3CCZ6YKWR7JRLJ3P887WJNZ3UGM592,focus,78860,off,1487371326787
A3G00Q5JV2BE5G:3CCZ6YKWR7JRLJ3P887WJNZ3UGM592,focus,5823,on,1487371332610
A3G00Q5JV2BE5G:3CCZ6YKWR7JRLJ3P887WJNZ3UGM592,focus,42291,off,1487371374901
A3G00Q5JV2BE5G:3CCZ6YKWR7JRLJ3P887WJNZ3UGM592,focus,11895,on,1487371386796
A3G00Q5JV2BE5G:3CCZ6YKWR7JRLJ3P887WJNZ3UGM592,focus,42676,off,1487371429472
A3G00Q5JV2BE5G:3CCZ6YKWR7JRLJ3P887WJNZ3UGM592,focus,5504,on,1487371434976
A3G00Q5JV2BE5G:3CCZ6YKWR7JRLJ3P887WJNZ3UGM592,focus,37886,off,1487371472862
A3G00Q5JV2BE5G:3CCZ6YKWR7JRLJ3P887WJNZ3UGM592,focus,12270,on,1487371485132
A3G00Q5JV2BE5G:3CCZ6YKWR7JRLJ3P887WJNZ3UGM592,focus,31469,off,1487371516601
A3G00Q5JV2BE5G:3CCZ6YKWR7JRLJ3P887WJNZ3UGM592,focus,28378,on,1487371544979
A3G00Q5JV2BE5G:3CCZ6YKWR7JRLJ3P887WJNZ3UGM592,focus,43943,off,1487371588922
A3G00Q5JV2BE5G:3CCZ6YKWR7JRLJ3P887WJNZ3UGM592,focus,5370,on,1487371594292
A3G00Q5JV2BE5G:3CCZ6YKWR7JRLJ3P887WJNZ3UGM592,focus,44670,off,1487371638962
A3G00Q5JV2BE5G:3CCZ6YKWR7JRLJ3P887WJNZ3UGM592,focus,3306,on,1487371642268
A3G00Q5JV2BE5G:3CCZ6YKWR7JRLJ3P887WJNZ3UGM592,focus,77322,off,1487371719590
A3G00Q5JV2BE5G:3CCZ6YKWR7JRLJ3P887WJNZ3UGM592,focus,36568,on,1487371756158
A3G00Q5JV2BE5G:3CCZ6YKWR7JRLJ3P887WJNZ3UGM592,focus,45479,off,1487371801637
A3G00Q5JV2BE5G:3CCZ6YKWR7JRLJ3P887WJNZ3UGM592,focus,2580,on,1487371804217
A3G00Q5JV2BE5G:3CCZ6YKWR7JRLJ3P887WJNZ3UGM592,focus,13583,off,1487371817800
A3G00Q5JV2BE5G:3CCZ6YKWR7JRLJ3P887WJNZ3UGM592,focus,1626,on,1487371819426
A3G00Q5JV2BE5G:3CCZ6YKWR7JRLJ3P887WJNZ3UGM592,focus,34189,off,1487371853615
A3G00Q5JV2BE5G:3CCZ6YKWR7JRLJ3P887WJNZ3UGM592,focus,9631,on,1487371863246
A3G00Q5JV2BE5G:3CCZ6YKWR7JRLJ3P887WJNZ3UGM592,focus,7195,off,1487371870441
A3G00Q5JV2BE5G:3CCZ6YKWR7JRLJ3P887WJNZ3UGM592,focus,5406,on,1487371875847
A3GPTSDDHJ2DBV:3HUTX6F6VUN2T9O8SEOGI6RG55H2OC,initialized,0,,1487369264153
A3GPTSDDHJ2DBV:3HUTX6F6VUN2T9O8SEOGI6RG55H2OC,window_resize,1,"[1280, 728]",1487369264154
A3GPTSDDHJ2DBV:3HUTX6F6VUN2T9O8SEOGI6RG55H2OC,focus,59731,off,1487369323885
A3GPTSDDHJ2DBV:3HUTX6F6VUN2T9O8SEOGI6RG55H2OC,focus,47406,on,1487369371291
A3GPTSDDHJ2DBV:3HUTX6F6VUN2T9O8SEOGI6RG55H2OC,focus,4290,off,1487369375581
A3GPTSDDHJ2DBV:3HUTX6F6VUN2T9O8SEOGI6RG55H2OC,focus,13167,on,1487369388748
A3GPTSDDHJ2DBV:3HUTX6F6VUN2T9O8SEOGI6RG55H2OC,focus,21795,on,1487369410543
A3GPTSDDHJ2DBV:3HUTX6F6VUN2T9O8SEOGI6RG55H2OC,focus,45171,on,1487369455714
A3GPTSDDHJ2DBV:3HUTX6F6VUN2T9O8SEOGI6RG55H2OC,focus,68292,on,1487369524006
A3GPTSDDHJ2DBV:3HUTX6F6VUN2T9O8SEOGI6RG55H2OC,focus,141479,off,1487369665485
A3GPTSDDHJ2DBV:3HUTX6F6VUN2T9O8SEOGI6RG55H2OC,focus,10172,on,1487369675657
A3GPTSDDHJ2DBV:3HUTX6F6VUN2T9O8SEOGI6RG55H2OC,focus,1981,off,1487369677638
A3GPTSDDHJ2DBV:3HUTX6F6VUN2T9O8SEOGI6RG55H2OC,focus,7563,on,1487369685201
A3GPTSDDHJ2DBV:3HUTX6F6VUN2T9O8SEOGI6RG55H2OC,focus,152338,off,1487369837539
A3GPTSDDHJ2DBV:3HUTX6F6VUN2T9O8SEOGI6RG55H2OC,focus,69678,on,1487369907217
A3GPTSDDHJ2DBV:3HUTX6F6VUN2T9O8SEOGI6RG55H2OC,focus,36808,off,1487369944025
A3GPTSDDHJ2DBV:3HUTX6F6VUN2T9O8SEOGI6RG55H2OC,focus,69961,on,1487370013986
A3GPTSDDHJ2DBV:3HUTX6F6VUN2T9O8SEOGI6RG55H2OC,focus,3878,off,1487370017864
A3GPTSDDHJ2DBV:3HUTX6F6VUN2T9O8SEOGI6RG55H2OC,focus,31062,on,1487370048926
A3GPTSDDHJ2DBV:3HUTX6F6VUN2T9O8SEOGI6RG55H2OC,focus,62648,off,1487370111574
A3GPTSDDHJ2DBV:3HUTX6F6VUN2T9O8SEOGI6RG55H2OC,focus,36855,on,1487370148429
A3GPTSDDHJ2DBV:3HUTX6F6VUN2T9O8SEOGI6RG55H2OC,focus,84281,off,1487370232710
A3GPTSDDHJ2DBV:3HUTX6F6VUN2T9O8SEOGI6RG55H2OC,focus,49095,on,1487370281805
A3GPTSDDHJ2DBV:3HUTX6F6VUN2T9O8SEOGI6RG55H2OC,focus,30325,off,1487370312130
A3GPTSDDHJ2DBV:3HUTX6F6VUN2T9O8SEOGI6RG55H2OC,focus,175,on,1487370312305
A3GPTSDDHJ2DBV:3HUTX6F6VUN2T9O8SEOGI6RG55H2OC,focus,1300,off,1487370313605
A3GPTSDDHJ2DBV:3HUTX6F6VUN2T9O8SEOGI6RG55H2OC,focus,2937,on,1487370316542
A3GPTSDDHJ2DBV:3HUTX6F6VUN2T9O8SEOGI6RG55H2OC,focus,162772,off,1487370479314
A3GPTSDDHJ2DBV:3HUTX6F6VUN2T9O8SEOGI6RG55H2OC,focus,57416,on,1487370536730
A3GPTSDDHJ2DBV:3HUTX6F6VUN2T9O8SEOGI6RG55H2OC,focus,34083,off,1487370570813
A3GPTSDDHJ2DBV:3HUTX6F6VUN2T9O8SEOGI6RG55H2OC,focus,63190,on,1487370634003
A3GPTSDDHJ2DBV:3HUTX6F6VUN2T9O8SEOGI6RG55H2OC,focus,215490,off,1487370849493
A3GPTSDDHJ2DBV:3HUTX6F6VUN2T9O8SEOGI6RG55H2OC,focus,1323,on,1487370850816
A3KX8PBHVFQZ3U:3QAPZX2QN4DHQSWPQTM5S5VY71V02C,initialized,0,,1487293304631
A3KX8PBHVFQZ3U:3QAPZX2QN4DHQSWPQTM5S5VY71V02C,window_resize,1,"[2048, 1071]",1487293304632
A3KX8PBHVFQZ3U:3QAPZX2QN4DHQSWPQTM5S5VY71V02C,window_resize,1122,"[1024, 768]",1487293305754
A3KX8PBHVFQZ3U:3QAPZX2QN4DHQSWPQTM5S5VY71V02C,window_resize,1114,"[2048, 1071]",1487293306868
A3KX8PBHVFQZ3U:3QAPZX2QN4DHQSWPQTM5S5VY71V02C,window_resize,326563,"[1024, 768]",1487293633431
A3KX8PBHVFQZ3U:3QAPZX2QN4DHQSWPQTM5S5VY71V02C,window_resize,1263,"[2048, 1071]",1487293634694
A3KX8PBHVFQZ3U:3QAPZX2QN4DHQSWPQTM5S5VY71V02C,focus,191685,off,1487293826379
A3KX8PBHVFQZ3U:3QAPZX2QN4DHQSWPQTM5S5VY71V02C,focus,8350,on,1487293834729
A3KX8PBHVFQZ3U:3QAPZX2QN4DHQSWPQTM5S5VY71V02C,focus,130434,off,1487293965163
A3KX8PBHVFQZ3U:3QAPZX2QN4DHQSWPQTM5S5VY71V02C,focus,9723,on,1487293974886
A4J4GGMKJ68L0:34HJIJKLP5W7M7CSX4TI6DIMLB44V4,initialized,0,,1487289134179
A4J4GGMKJ68L0:34HJIJKLP5W7M7CSX4TI6DIMLB44V4,window_resize,0,"[919, 1023]",1487289134179
A4J4GGMKJ68L0:34HJIJKLP5W7M7CSX4TI6DIMLB44V4,focus,4527,off,1487289138706
A4J4GGMKJ68L0:34HJIJKLP5W7M7CSX4TI6DIMLB44V4,focus,3445,on,1487289142151
A4J4GGMKJ68L0:34HJIJKLP5W7M7CSX4TI6DIMLB44V4,focus,363,off,1487289142514
A4J4GGMKJ68L0:34HJIJKLP5W7M7CSX4TI6DIMLB44V4,focus,4609,on,1487289147123
A4J4GGMKJ68L0:34HJIJKLP5W7M7CSX4TI6DIMLB44V4,focus,5782,off,1487289152905
A4J4GGMKJ68L0:34HJIJKLP5W7M7CSX4TI6DIMLB44V4,focus,3425,on,1487289156330
A4J4GGMKJ68L0:34HJIJKLP5W7M7CSX4TI6DIMLB44V4,focus,12807,off,1487289169137
A4J4GGMKJ68L0:34HJIJKLP5W7M7CSX4TI6DIMLB44V4,focus,4233,on,1487289173370
A4J4GGMKJ68L0:34HJIJKLP5W7M7CSX4TI6DIMLB44V4,focus,6743,off,1487289180113
A4J4GGMKJ68L0:34HJIJKLP5W7M7CSX4TI6DIMLB44V4,focus,24040,on,1487289204153
A4J4GGMKJ68L0:34HJIJKLP5W7M7CSX4TI6DIMLB44V4,focus,2791,off,1487289206944
A4J4GGMKJ68L0:34HJIJKLP5W7M7CSX4TI6DIMLB44V4,focus,6289,on,1487289213233
A4J4GGMKJ68L0:34HJIJKLP5W7M7CSX4TI6DIMLB44V4,focus,9967,off,1487289223200
A4J4GGMKJ68L0:34HJIJKLP5W7M7CSX4TI6DIMLB44V4,focus,13272,on,1487289236472
A4J4GGMKJ68L0:34HJIJKLP5W7M7CSX4TI6DIMLB44V4,focus,2328,off,1487289238800
A4J4GGMKJ68L0:34HJIJKLP5W7M7CSX4TI6DIMLB44V4,focus,4753,on,1487289243553
A4J4GGMKJ68L0:34HJIJKLP5W7M7CSX4TI6DIMLB44V4,focus,38128,off,1487289281681
A4J4GGMKJ68L0:34HJIJKLP5W7M7CSX4TI6DIMLB44V4,focus,1473,on,1487289283154
A4J4GGMKJ68L0:34HJIJKLP5W7M7CSX4TI6DIMLB44V4,focus,2495,off,1487289285649
A4J4GGMKJ68L0:34HJIJKLP5W7M7CSX4TI6DIMLB44V4,focus,7056,on,1487289292705
A4J4GGMKJ68L0:34HJIJKLP5W7M7CSX4TI6DIMLB44V4,focus,1783,off,1487289294488
A4J4GGMKJ68L0:34HJIJKLP5W7M7CSX4TI6DIMLB44V4,focus,21224,on,1487289315712
A4J4GGMKJ68L0:34HJIJKLP5W7M7CSX4TI6DIMLB44V4,focus,13248,off,1487289328960
A4J4GGMKJ68L0:34HJIJKLP5W7M7CSX4TI6DIMLB44V4,focus,1,on,1487289328961
A4J4GGMKJ68L0:34HJIJKLP5W7M7CSX4TI6DIMLB44V4,focus,6605,off,1487289335566
A4J4GGMKJ68L0:34HJIJKLP5W7M7CSX4TI6DIMLB44V4,focus,10089,on,1487289345655
A4J4GGMKJ68L0:34HJIJKLP5W7M7CSX4TI6DIMLB44V4,focus,11850,off,1487289357505
A4J4GGMKJ68L0:34HJIJKLP5W7M7CSX4TI6DIMLB44V4,focus,0,on,1487289357505
A4J4GGMKJ68L0:34HJIJKLP5W7M7CSX4TI6DIMLB44V4,focus,4167,off,1487289361672
A4J4GGMKJ68L0:34HJIJKLP5W7M7CSX4TI6DIMLB44V4,focus,38832,on,1487289400504
A4J4GGMKJ68L0:34HJIJKLP5W7M7CSX4TI6DIMLB44V4,focus,5776,off,1487289406280
A4J4GGMKJ68L0:34HJIJKLP5W7M7CSX4TI6DIMLB44V4,focus,4152,on,1487289410432
A4J4GGMKJ68L0:34HJIJKLP5W7M7CSX4TI6DIMLB44V4,focus,26312,off,1487289436744
A4J4GGMKJ68L0:34HJIJKLP5W7M7CSX4TI6DIMLB44V4,focus,0,on,1487289436744
A4J4GGMKJ68L0:34HJIJKLP5W7M7CSX4TI6DIMLB44V4,focus,19504,off,1487289456248
A4J4GGMKJ68L0:34HJIJKLP5W7M7CSX4TI6DIMLB44V4,focus,0,on,1487289456248
A4J4GGMKJ68L0:34HJIJKLP5W7M7CSX4TI6DIMLB44V4,focus,4790,off,1487289461038
A4J4GGMKJ68L0:34HJIJKLP5W7M7CSX4TI6DIMLB44V4,focus,47730,on,1487289508768
A4J4GGMKJ68L0:34HJIJKLP5W7M7CSX4TI6DIMLB44V4,focus,27896,off,1487289536664
A4J4GGMKJ68L0:34HJIJKLP5W7M7CSX4TI6DIMLB44V4,focus,0,on,1487289536664
A4J4GGMKJ68L0:34HJIJKLP5W7M7CSX4TI6DIMLB44V4,focus,12423,off,1487289549087
A4J4GGMKJ68L0:34HJIJKLP5W7M7CSX4TI6DIMLB44V4,focus,2376,on,1487289551463
A4J4GGMKJ68L0:34HJIJKLP5W7M7CSX4TI6DIMLB44V4,focus,19313,off,1487289570776
A4J4GGMKJ68L0:34HJIJKLP5W7M7CSX4TI6DIMLB44V4,focus,0,on,1487289570776
A4J4GGMKJ68L0:34HJIJKLP5W7M7CSX4TI6DIMLB44V4,window_resize,7894,"[1024, 768]",1487289578670
A4J4GGMKJ68L0:34HJIJKLP5W7M7CSX4TI6DIMLB44V4,focus,338,off,1487289579008
A4J4GGMKJ68L0:34HJIJKLP5W7M7CSX4TI6DIMLB44V4,focus,19552,on,1487289598560
A4J4GGMKJ68L0:34HJIJKLP5W7M7CSX4TI6DIMLB44V4,window_resize,2620,"[1365, 1024]",1487289601180
A4J4GGMKJ68L0:34HJIJKLP5W7M7CSX4TI6DIMLB44V4,window_resize,975,"[1280, 960]",1487289602155
A4J4GGMKJ68L0:34HJIJKLP5W7M7CSX4TI6DIMLB44V4,focus,1947,off,1487289604102
A4J4GGMKJ68L0:34HJIJKLP5W7M7CSX4TI6DIMLB44V4,focus,135825,on,1487289739927
A4J4GGMKJ68L0:34HJIJKLP5W7M7CSX4TI6DIMLB44V4,focus,4574,off,1487289744501
A4J4GGMKJ68L0:34HJIJKLP5W7M7CSX4TI6DIMLB44V4,focus,2985,on,1487289747486
A4J4GGMKJ68L0:34HJIJKLP5W7M7CSX4TI6DIMLB44V4,focus,1823,off,1487289749309
A4J4GGMKJ68L0:34HJIJKLP5W7M7CSX4TI6DIMLB44V4,focus,16794,on,1487289766103
A4J4GGMKJ68L0:34HJIJKLP5W7M7CSX4TI6DIMLB44V4,focus,1286,off,1487289767389
A4J4GGMKJ68L0:34HJIJKLP5W7M7CSX4TI6DIMLB44V4,focus,105864,on,1487289873253
A4J4GGMKJ68L0:34HJIJKLP5W7M7CSX4TI6DIMLB44V4,focus,3663,off,1487289876916
A4J4GGMKJ68L0:34HJIJKLP5W7M7CSX4TI6DIMLB44V4,focus,39010,on,1487289915926
A4J4GGMKJ68L0:34HJIJKLP5W7M7CSX4TI6DIMLB44V4,focus,4558,off,1487289920484
A4J4GGMKJ68L0:34HJIJKLP5W7M7CSX4TI6DIMLB44V4,focus,12409,on,1487289932893
A4J4GGMKJ68L0:34HJIJKLP5W7M7CSX4TI6DIMLB44V4,focus,1279,off,1487289934172
A4J4GGMKJ68L0:34HJIJKLP5W7M7CSX4TI6DIMLB44V4,focus,16233,on,1487289950405
A4J4GGMKJ68L0:34HJIJKLP5W7M7CSX4TI6DIMLB44V4,focus,59206,off,1487290009611
A4J4GGMKJ68L0:34HJIJKLP5W7M7CSX4TI6DIMLB44V4,focus,59410,on,1487290069021
A4J4GGMKJ68L0:34HJIJKLP5W7M7CSX4TI6DIMLB44V4,focus,14135,off,1487290083156
A4J4GGMKJ68L0:34HJIJKLP5W7M7CSX4TI6DIMLB44V4,focus,13398,on,1487290096554
A4J4GGMKJ68L0:34HJIJKLP5W7M7CSX4TI6DIMLB44V4,focus,13620,off,1487290110174
A4J4GGMKJ68L0:34HJIJKLP5W7M7CSX4TI6DIMLB44V4,focus,12437,on,1487290122611
A4J4GGMKJ68L0:34HJIJKLP5W7M7CSX4TI6DIMLB44V4,focus,27855,off,1487290150466
A4J4GGMKJ68L0:34HJIJKLP5W7M7CSX4TI6DIMLB44V4,focus,51161,on,1487290201627
A4J4GGMKJ68L0:34HJIJKLP5W7M7CSX4TI6DIMLB44V4,focus,25214,off,1487290226841
A4J4GGMKJ68L0:34HJIJKLP5W7M7CSX4TI6DIMLB44V4,focus,24304,on,1487290251145
A4J4GGMKJ68L0:34HJIJKLP5W7M7CSX4TI6DIMLB44V4,focus,20280,off,1487290271425
A4J4GGMKJ68L0:34HJIJKLP5W7M7CSX4TI6DIMLB44V4,focus,30578,on,1487290302003
A4J4GGMKJ68L0:34HJIJKLP5W7M7CSX4TI6DIMLB44V4,focus,15886,off,1487290317889
A4J4GGMKJ68L0:34HJIJKLP5W7M7CSX4TI6DIMLB44V4,focus,37183,on,1487290355072
A4J4GGMKJ68L0:34HJIJKLP5W7M7CSX4TI6DIMLB44V4,focus,13120,off,1487290368192
A4J4GGMKJ68L0:34HJIJKLP5W7M7CSX4TI6DIMLB44V4,focus,24105,on,1487290392297
A4J4GGMKJ68L0:34HJIJKLP5W7M7CSX4TI6DIMLB44V4,focus,30599,off,1487290422896
A4J4GGMKJ68L0:34HJIJKLP5W7M7CSX4TI6DIMLB44V4,focus,141744,on,1487290564640
A4J4GGMKJ68L0:34HJIJKLP5W7M7CSX4TI6DIMLB44V4,focus,16622,off,1487290581262
A4J4GGMKJ68L0:34HJIJKLP5W7M7CSX4TI6DIMLB44V4,focus,23962,on,1487290605224
A4J4GGMKJ68L0:34HJIJKLP5W7M7CSX4TI6DIMLB44V4,focus,21790,off,1487290627014
A4J4GGMKJ68L0:34HJIJKLP5W7M7CSX4TI6DIMLB44V4,focus,49033,on,1487290676047
A4J4GGMKJ68L0:34HJIJKLP5W7M7CSX4TI6DIMLB44V4,focus,22335,off,1487290698382
A4J4GGMKJ68L0:34HJIJKLP5W7M7CSX4TI6DIMLB44V4,focus,57871,on,1487290756253
A4J4GGMKJ68L0:34HJIJKLP5W7M7CSX4TI6DIMLB44V4,focus,18057,off,1487290774310
A4J4GGMKJ68L0:34HJIJKLP5W7M7CSX4TI6DIMLB44V4,focus,28977,on,1487290803287
A4J4GGMKJ68L0:34HJIJKLP5W7M7CSX4TI6DIMLB44V4,focus,5953,off,1487290809240
A4J4GGMKJ68L0:34HJIJKLP5W7M7CSX4TI6DIMLB44V4,focus,10525,on,1487290819765
A4J4GGMKJ68L0:34HJIJKLP5W7M7CSX4TI6DIMLB44V4,focus,5983,off,1487290825748
A4J4GGMKJ68L0:34HJIJKLP5W7M7CSX4TI6DIMLB44V4,focus,2081,on,1487290827829
A4J4GGMKJ68L0:34HJIJKLP5W7M7CSX4TI6DIMLB44V4,focus,32047,off,1487290859876
A4J4GGMKJ68L0:34HJIJKLP5W7M7CSX4TI6DIMLB44V4,focus,4929,on,1487290864805
A4J4GGMKJ68L0:34HJIJKLP5W7M7CSX4TI6DIMLB44V4,focus,42584,off,1487290907389
A4J4GGMKJ68L0:34HJIJKLP5W7M7CSX4TI6DIMLB44V4,focus,35312,on,1487290942701
A4J4GGMKJ68L0:34HJIJKLP5W7M7CSX4TI6DIMLB44V4,focus,10334,off,1487290953035
A4J4GGMKJ68L0:34HJIJKLP5W7M7CSX4TI6DIMLB44V4,focus,38496,on,1487290991531
A4J4GGMKJ68L0:34HJIJKLP5W7M7CSX4TI6DIMLB44V4,focus,12657,off,1487291004188
A4J4GGMKJ68L0:34HJIJKLP5W7M7CSX4TI6DIMLB44V4,focus,29665,on,1487291033853
A4J4GGMKJ68L0:34HJIJKLP5W7M7CSX4TI6DIMLB44V4,focus,18896,off,1487291052749
A4J4GGMKJ68L0:34HJIJKLP5W7M7CSX4TI6DIMLB44V4,focus,28832,on,1487291081581
A4J4GGMKJ68L0:34HJIJKLP5W7M7CSX4TI6DIMLB44V4,focus,78630,off,1487291160211
A4J4GGMKJ68L0:34HJIJKLP5W7M7CSX4TI6DIMLB44V4,focus,22392,on,1487291182603
A4J4GGMKJ68L0:34HJIJKLP5W7M7CSX4TI6DIMLB44V4,focus,27336,off,1487291209939
A4J4GGMKJ68L0:34HJIJKLP5W7M7CSX4TI6DIMLB44V4,focus,18848,on,1487291228787
A4J4GGMKJ68L0:34HJIJKLP5W7M7CSX4TI6DIMLB44V4,focus,29696,off,1487291258483
A4J4GGMKJ68L0:34HJIJKLP5W7M7CSX4TI6DIMLB44V4,focus,9575,on,1487291268058
ACNPJ7WXOGX5M:3W8CV64QJ2Z31CNK9A858K2TZPD9HN,initialized,0,,1487369428196
ACNPJ7WXOGX5M:3W8CV64QJ2Z31CNK9A858K2TZPD9HN,window_resize,0,"[1024, 768]",1487369428196
ACNPJ7WXOGX5M:3W8CV64QJ2Z31CNK9A858K2TZPD9HN,focus,7473,off,1487369435669
ACNPJ7WXOGX5M:3W8CV64QJ2Z31CNK9A858K2TZPD9HN,focus,1423,on,1487369437092
ACNPJ7WXOGX5M:3W8CV64QJ2Z31CNK9A858K2TZPD9HN,focus,1231,off,1487369438323
ACNPJ7WXOGX5M:3W8CV64QJ2Z31CNK9A858K2TZPD9HN,focus,124644,on,1487369562967
ACNPJ7WXOGX5M:3W8CV64QJ2Z31CNK9A858K2TZPD9HN,window_resize,4016,"[1093, 827]",1487369566983
ACNPJ7WXOGX5M:3W8CV64QJ2Z31CNK9A858K2TZPD9HN,focus,67659,off,1487369634642
ACNPJ7WXOGX5M:3W8CV64QJ2Z31CNK9A858K2TZPD9HN,focus,1362,on,1487369636004
ACNPJ7WXOGX5M:3W8CV64QJ2Z31CNK9A858K2TZPD9HN,focus,55890,off,1487369691894
ACNPJ7WXOGX5M:3W8CV64QJ2Z31CNK9A858K2TZPD9HN,focus,3015,on,1487369694909
ACNPJ7WXOGX5M:3W8CV64QJ2Z31CNK9A858K2TZPD9HN,focus,2570,off,1487369697479
ACNPJ7WXOGX5M:3W8CV64QJ2Z31CNK9A858K2TZPD9HN,focus,20749,on,1487369718228
ACNPJ7WXOGX5M:3W8CV64QJ2Z31CNK9A858K2TZPD9HN,focus,27046,off,1487369745274
ACNPJ7WXOGX5M:3W8CV64QJ2Z31CNK9A858K2TZPD9HN,focus,7165,on,1487369752439
ACNPJ7WXOGX5M:3W8CV64QJ2Z31CNK9A858K2TZPD9HN,focus,27713,off,1487369780152
ACNPJ7WXOGX5M:3W8CV64QJ2Z31CNK9A858K2TZPD9HN,focus,1906,on,1487369782058
ACNPJ7WXOGX5M:3W8CV64QJ2Z31CNK9A858K2TZPD9HN,focus,742,off,1487369782800
ACNPJ7WXOGX5M:3W8CV64QJ2Z31CNK9A858K2TZPD9HN,focus,16732,on,1487369799532
ACNPJ7WXOGX5M:3W8CV64QJ2Z31CNK9A858K2TZPD9HN,focus,8969,off,1487369808501
ACNPJ7WXOGX5M:3W8CV64QJ2Z31CNK9A858K2TZPD9HN,focus,4317,on,1487369812818
ACNPJ7WXOGX5M:3W8CV64QJ2Z31CNK9A858K2TZPD9HN,focus,28098,off,1487369840916
ACNPJ7WXOGX5M:3W8CV64QJ2Z31CNK9A858K2TZPD9HN,focus,2453,on,1487369843369
ACNPJ7WXOGX5M:3W8CV64QJ2Z31CNK9A858K2TZPD9HN,focus,3637,off,1487369847006
ACNPJ7WXOGX5M:3W8CV64QJ2Z31CNK9A858K2TZPD9HN,focus,36417,on,1487369883423
ACNPJ7WXOGX5M:3W8CV64QJ2Z31CNK9A858K2TZPD9HN,focus,20221,off,1487369903644
ACNPJ7WXOGX5M:3W8CV64QJ2Z31CNK9A858K2TZPD9HN,focus,3763,on,1487369907407
ACNPJ7WXOGX5M:3W8CV64QJ2Z31CNK9A858K2TZPD9HN,focus,1774,off,1487369909181
ACNPJ7WXOGX5M:3W8CV64QJ2Z31CNK9A858K2TZPD9HN,focus,22208,on,1487369931389
ACNPJ7WXOGX5M:3W8CV64QJ2Z31CNK9A858K2TZPD9HN,window_resize,5775,"[1093, 826]",1487369937164
ACNPJ7WXOGX5M:3W8CV64QJ2Z31CNK9A858K2TZPD9HN,focus,14184,off,1487369951348
ACNPJ7WXOGX5M:3W8CV64QJ2Z31CNK9A858K2TZPD9HN,focus,34899,on,1487369986247
ACNPJ7WXOGX5M:3W8CV64QJ2Z31CNK9A858K2TZPD9HN,focus,23715,off,1487370009962
ACNPJ7WXOGX5M:3W8CV64QJ2Z31CNK9A858K2TZPD9HN,focus,26864,on,1487370036826
ACNPJ7WXOGX5M:3W8CV64QJ2Z31CNK9A858K2TZPD9HN,focus,2151,off,1487370038977
ACNPJ7WXOGX5M:3W8CV64QJ2Z31CNK9A858K2TZPD9HN,focus,959,on,1487370039936
ACNPJ7WXOGX5M:3W8CV64QJ2Z31CNK9A858K2TZPD9HN,focus,25954,off,1487370065890
ACNPJ7WXOGX5M:3W8CV64QJ2Z31CNK9A858K2TZPD9HN,focus,21011,on,1487370086901
ACNPJ7WXOGX5M:3W8CV64QJ2Z31CNK9A858K2TZPD9HN,focus,10708,off,1487370097609
ACNPJ7WXOGX5M:3W8CV64QJ2Z31CNK9A858K2TZPD9HN,focus,4311,on,1487370101920
ACNPJ7WXOGX5M:3W8CV64QJ2Z31CNK9A858K2TZPD9HN,focus,1861,off,1487370103781
ACNPJ7WXOGX5M:3W8CV64QJ2Z31CNK9A858K2TZPD9HN,focus,17268,on,1487370121049
ACNPJ7WXOGX5M:3W8CV64QJ2Z31CNK9A858K2TZPD9HN,focus,7673,off,1487370128722
ACNPJ7WXOGX5M:3W8CV64QJ2Z31CNK9A858K2TZPD9HN,focus,3700,on,1487370132422
ACNPJ7WXOGX5M:3W8CV64QJ2Z31CNK9A858K2TZPD9HN,focus,18808,off,1487370151230
ACNPJ7WXOGX5M:3W8CV64QJ2Z31CNK9A858K2TZPD9HN,focus,37226,on,1487370188456
ACNPJ7WXOGX5M:3W8CV64QJ2Z31CNK9A858K2TZPD9HN,focus,17197,off,1487370205653
ACNPJ7WXOGX5M:3W8CV64QJ2Z31CNK9A858K2TZPD9HN,focus,31431,on,1487370237084
ACNPJ7WXOGX5M:3W8CV64QJ2Z31CNK9A858K2TZPD9HN,focus,15148,off,1487370252232
ACNPJ7WXOGX5M:3W8CV64QJ2Z31CNK9A858K2TZPD9HN,focus,33543,on,1487370285775
ACNPJ7WXOGX5M:3W8CV64QJ2Z31CNK9A858K2TZPD9HN,focus,1479,off,1487370287254
ACNPJ7WXOGX5M:3W8CV64QJ2Z31CNK9A858K2TZPD9HN,focus,1029,on,1487370288283
ACNPJ7WXOGX5M:3W8CV64QJ2Z31CNK9A858K2TZPD9HN,focus,17338,off,1487370305621
ACNPJ7WXOGX5M:3W8CV64QJ2Z31CNK9A858K2TZPD9HN,focus,6843,on,1487370312464
ACNPJ7WXOGX5M:3W8CV64QJ2Z31CNK9A858K2TZPD9HN,focus,1837,off,1487370314301
ACNPJ7WXOGX5M:3W8CV64QJ2Z31CNK9A858K2TZPD9HN,focus,24816,on,1487370339117
ACNPJ7WXOGX5M:3W8CV64QJ2Z31CNK9A858K2TZPD9HN,focus,15914,off,1487370355031
ACNPJ7WXOGX5M:3W8CV64QJ2Z31CNK9A858K2TZPD9HN,focus,8401,on,1487370363432
ACNPJ7WXOGX5M:3W8CV64QJ2Z31CNK9A858K2TZPD9HN,focus,4010,off,1487370367442
ACNPJ7WXOGX5M:3W8CV64QJ2Z31CNK9A858K2TZPD9HN,focus,10116,on,1487370377558
ACNPJ7WXOGX5M:3W8CV64QJ2Z31CNK9A858K2TZPD9HN,focus,2937,off,1487370380495
ACNPJ7WXOGX5M:3W8CV64QJ2Z31CNK9A858K2TZPD9HN,focus,3215,on,1487370383710
ACNPJ7WXOGX5M:3W8CV64QJ2Z31CNK9A858K2TZPD9HN,focus,7292,off,1487370391002
ACNPJ7WXOGX5M:3W8CV64QJ2Z31CNK9A858K2TZPD9HN,focus,1022,on,1487370392024
ACNPJ7WXOGX5M:3W8CV64QJ2Z31CNK9A858K2TZPD9HN,focus,24835,off,1487370416859
ACNPJ7WXOGX5M:3W8CV64QJ2Z31CNK9A858K2TZPD9HN,focus,15896,on,1487370432755
ACNPJ7WXOGX5M:3W8CV64QJ2Z31CNK9A858K2TZPD9HN,focus,1272,off,1487370434027
ACNPJ7WXOGX5M:3W8CV64QJ2Z31CNK9A858K2TZPD9HN,focus,1084,on,1487370435111
ACNPJ7WXOGX5M:3W8CV64QJ2Z31CNK9A858K2TZPD9HN,focus,11461,off,1487370446572
ACNPJ7WXOGX5M:3W8CV64QJ2Z31CNK9A858K2TZPD9HN,focus,36830,on,1487370483402
ACNPJ7WXOGX5M:3W8CV64QJ2Z31CNK9A858K2TZPD9HN,focus,14113,off,1487370497515
ACNPJ7WXOGX5M:3W8CV64QJ2Z31CNK9A858K2TZPD9HN,focus,34647,on,1487370532162
ACNPJ7WXOGX5M:3W8CV64QJ2Z31CNK9A858K2TZPD9HN,focus,1270,off,1487370533432
ACNPJ7WXOGX5M:3W8CV64QJ2Z31CNK9A858K2TZPD9HN,focus,1547,on,1487370534979
ACNPJ7WXOGX5M:3W8CV64QJ2Z31CNK9A858K2TZPD9HN,focus,16039,off,1487370551018
ACNPJ7WXOGX5M:3W8CV64QJ2Z31CNK9A858K2TZPD9HN,focus,48756,on,1487370599774
ACNPJ7WXOGX5M:3W8CV64QJ2Z31CNK9A858K2TZPD9HN,focus,14626,off,1487370614400
ACNPJ7WXOGX5M:3W8CV64QJ2Z31CNK9A858K2TZPD9HN,focus,36448,on,1487370650848
ACNPJ7WXOGX5M:3W8CV64QJ2Z31CNK9A858K2TZPD9HN,focus,30574,off,1487370681422
ACNPJ7WXOGX5M:3W8CV64QJ2Z31CNK9A858K2TZPD9HN,focus,18032,on,1487370699454
AD7CUW86FWEKT:3OJSZ2ATDSWN70FWTB9C5R8XZQY57Q,initialized,0,,1487369747097
AD7CUW86FWEKT:3OJSZ2ATDSWN70FWTB9C5R8XZQY57Q,window_resize,0,"[934, 708]",1487369747097
AD7CUW86FWEKT:3OJSZ2ATDSWN70FWTB9C5R8XZQY57Q,window_resize,2614,"[1396, 703]",1487369749711
AD7CUW86FWEKT:3OJSZ2ATDSWN70FWTB9C5R8XZQY57Q,focus,59056,off,1487369808767
AD7CUW86FWEKT:3OJSZ2ATDSWN70FWTB9C5R8XZQY57Q,focus,10773,on,1487369819540
AD7CUW86FWEKT:3OJSZ2ATDSWN70FWTB9C5R8XZQY57Q,focus,36986,off,1487369856526
AD7CUW86FWEKT:3OJSZ2ATDSWN70FWTB9C5R8XZQY57Q,focus,0,on,1487369856526
AD7CUW86FWEKT:3OJSZ2ATDSWN70FWTB9C5R8XZQY57Q,focus,66456,off,1487369922982
AD7CUW86FWEKT:3OJSZ2ATDSWN70FWTB9C5R8XZQY57Q,focus,0,on,1487369922982
AD7CUW86FWEKT:3OJSZ2ATDSWN70FWTB9C5R8XZQY57Q,focus,27220,off,1487369950202
AD7CUW86FWEKT:3OJSZ2ATDSWN70FWTB9C5R8XZQY57Q,focus,0,on,1487369950202
AD7CUW86FWEKT:3OJSZ2ATDSWN70FWTB9C5R8XZQY57Q,focus,800,off,1487369951002
AD7CUW86FWEKT:3OJSZ2ATDSWN70FWTB9C5R8XZQY57Q,focus,2903,on,1487369953905
AD7CUW86FWEKT:3OJSZ2ATDSWN70FWTB9C5R8XZQY57Q,focus,49911,off,1487370003816
AD7CUW86FWEKT:3OJSZ2ATDSWN70FWTB9C5R8XZQY57Q,focus,0,on,1487370003816
AUI3R928P63B0:3Z4GS9HPNVA2U4TFH4O93BMTQWT777,initialized,0,,1487369502231
AUI3R928P63B0:3Z4GS9HPNVA2U4TFH4O93BMTQWT777,window_resize,0,"[1105, 870]",1487369502231
AUI3R928P63B0:3Z4GS9HPNVA2U4TFH4O93BMTQWT777,window_resize,24101,"[1343, 934]",1487369526332
AUI3R928P63B0:3Z4GS9HPNVA2U4TFH4O93BMTQWT777,window_resize,289,"[1346, 935]",1487369526621
AUI3R928P63B0:3Z4GS9HPNVA2U4TFH4O93BMTQWT777,focus,1629,off,1487369528250
AUI3R928P63B0:3Z4GS9HPNVA2U4TFH4O93BMTQWT777,focus,3656,on,1487369531906
AUI3R928P63B0:3Z4GS9HPNVA2U4TFH4O93BMTQWT777,focus,78972,off,1487369610878
AUI3R928P63B0:3Z4GS9HPNVA2U4TFH4O93BMTQWT777,focus,11649,on,1487369622527
AUI3R928P63B0:3Z4GS9HPNVA2U4TFH4O93BMTQWT777,focus,71807,off,1487369694334
AUI3R928P63B0:3Z4GS9HPNVA2U4TFH4O93BMTQWT777,focus,5273,on,1487369699607
AUI3R928P63B0:3Z4GS9HPNVA2U4TFH4O93BMTQWT777,focus,148069,off,1487369847676
AUI3R928P63B0:3Z4GS9HPNVA2U4TFH4O93BMTQWT777,focus,4050,on,1487369851726
AUI3R928P63B0:3Z4GS9HPNVA2U4TFH4O93BMTQWT777,focus,47326,off,1487369899052
AUI3R928P63B0:3Z4GS9HPNVA2U4TFH4O93BMTQWT777,focus,51283,on,1487369950335
AUI3R928P63B0:3Z4GS9HPNVA2U4TFH4O93BMTQWT777,focus,2148,off,1487369952483
AUI3R928P63B0:3Z4GS9HPNVA2U4TFH4O93BMTQWT777,focus,108974,on,1487370061457
AUI3R928P63B0:3Z4GS9HPNVA2U4TFH4O93BMTQWT777,focus,2061,off,1487370063518
AUI3R928P63B0:3Z4GS9HPNVA2U4TFH4O93BMTQWT777,focus,7019,on,1487370070537
AUI3R928P63B0:3Z4GS9HPNVA2U4TFH4O93BMTQWT777,focus,1274,off,1487370071811
AUI3R928P63B0:3Z4GS9HPNVA2U4TFH4O93BMTQWT777,focus,5111,on,1487370076922
AUI3R928P63B0:3Z4GS9HPNVA2U4TFH4O93BMTQWT777,focus,9705,off,1487370086627
AUI3R928P63B0:3Z4GS9HPNVA2U4TFH4O93BMTQWT777,focus,83983,on,1487370170610
AUI3R928P63B0:3Z4GS9HPNVA2U4TFH4O93BMTQWT777,focus,1434,off,1487370172044
AUI3R928P63B0:3Z4GS9HPNVA2U4TFH4O93BMTQWT777,focus,10041,on,1487370182085
AUI3R928P63B0:3Z4GS9HPNVA2U4TFH4O93BMTQWT777,focus,48258,off,1487370230343
AUI3R928P63B0:3Z4GS9HPNVA2U4TFH4O93BMTQWT777,focus,52219,on,1487370282562
AUI3R928P63B0:3Z4GS9HPNVA2U4TFH4O93BMTQWT777,focus,7953,off,1487370290515
AUI3R928P63B0:3Z4GS9HPNVA2U4TFH4O93BMTQWT777,focus,14115,on,1487370304630
AUI3R928P63B0:3Z4GS9HPNVA2U4TFH4O93BMTQWT777,focus,18075,off,1487370322705
AUI3R928P63B0:3Z4GS9HPNVA2U4TFH4O93BMTQWT777,focus,64,on,1487370322769
AUI3R928P63B0:3Z4GS9HPNVA2U4TFH4O93BMTQWT777,focus,5562,off,1487370328331
AUI3R928P63B0:3Z4GS9HPNVA2U4TFH4O93BMTQWT777,focus,2219,on,1487370330550
AUI3R928P63B0:3Z4GS9HPNVA2U4TFH4O93BMTQWT777,focus,4797,off,1487370335347
AUI3R928P63B0:3Z4GS9HPNVA2U4TFH4O93BMTQWT777,focus,1032,on,1487370336379
AUI3R928P63B0:3Z4GS9HPNVA2U4TFH4O93BMTQWT777,focus,2096,off,1487370338475
AUI3R928P63B0:3Z4GS9HPNVA2U4TFH4O93BMTQWT777,focus,79,on,1487370338554
AUI3R928P63B0:3Z4GS9HPNVA2U4TFH4O93BMTQWT777,focus,4685,off,1487370343239
AUI3R928P63B0:3Z4GS9HPNVA2U4TFH4O93BMTQWT777,focus,2165,on,1487370345404
AUI3R928P63B0:3Z4GS9HPNVA2U4TFH4O93BMTQWT777,focus,58953,off,1487370404357
AUI3R928P63B0:3Z4GS9HPNVA2U4TFH4O93BMTQWT777,focus,8239,on,1487370412596
AUI3R928P63B0:3Z4GS9HPNVA2U4TFH4O93BMTQWT777,focus,68349,off,1487370480945
AUI3R928P63B0:3Z4GS9HPNVA2U4TFH4O93BMTQWT777,focus,2831,on,1487370483776
AUI3R928P63B0:3Z4GS9HPNVA2U4TFH4O93BMTQWT777,focus,9584,off,1487370493360
AUI3R928P63B0:3Z4GS9HPNVA2U4TFH4O93BMTQWT777,focus,946,on,1487370494306
AUI3R928P63B0:3Z4GS9HPNVA2U4TFH4O93BMTQWT777,focus,827,off,1487370495133
AUI3R928P63B0:3Z4GS9HPNVA2U4TFH4O93BMTQWT777,focus,2964,on,1487370498097
AUI3R928P63B0:3Z4GS9HPNVA2U4TFH4O93BMTQWT777,focus,17877,off,1487370515974
AUI3R928P63B0:3Z4GS9HPNVA2U4TFH4O93BMTQWT777,focus,87491,on,1487370603465
AUI3R928P63B0:3Z4GS9HPNVA2U4TFH4O93BMTQWT777,focus,23558,off,1487370627023
AUI3R928P63B0:3Z4GS9HPNVA2U4TFH4O93BMTQWT777,focus,7617,on,1487370634640
AUI3R928P63B0:3Z4GS9HPNVA2U4TFH4O93BMTQWT777,focus,6540,off,1487370641180
AUI3R928P63B0:3Z4GS9HPNVA2U4TFH4O93BMTQWT777,focus,40141,on,1487370681321
AUI3R928P63B0:3Z4GS9HPNVA2U4TFH4O93BMTQWT777,focus,3756,off,1487370685077
AUI3R928P63B0:3Z4GS9HPNVA2U4TFH4O93BMTQWT777,focus,37750,on,1487370722827
AUI3R928P63B0:3Z4GS9HPNVA2U4TFH4O93BMTQWT777,focus,19552,off,1487370742379
AUI3R928P63B0:3Z4GS9HPNVA2U4TFH4O93BMTQWT777,focus,59925,on,1487370802304
AUI3R928P63B0:3Z4GS9HPNVA2U4TFH4O93BMTQWT777,focus,20551,off,1487370822855
AUI3R928P63B0:3Z4GS9HPNVA2U4TFH4O93BMTQWT777,focus,15644,on,1487370838499
AUI3R928P63B0:3Z4GS9HPNVA2U4TFH4O93BMTQWT777,focus,38047,off,1487370876546
AUI3R928P63B0:3Z4GS9HPNVA2U4TFH4O93BMTQWT777,focus,4,on,1487370876550
AUI3R928P63B0:3Z4GS9HPNVA2U4TFH4O93BMTQWT777,focus,7855,off,1487370884405
AUI3R928P63B0:3Z4GS9HPNVA2U4TFH4O93BMTQWT777,focus,2537,on,1487370886942
AUI3R928P63B0:3Z4GS9HPNVA2U4TFH4O93BMTQWT777,focus,1975,off,1487370888917
AUI3R928P63B0:3Z4GS9HPNVA2U4TFH4O93BMTQWT777,focus,276527,on,1487371165444
AUI3R928P63B0:3Z4GS9HPNVA2U4TFH4O93BMTQWT777,focus,51105,off,1487371216549
AUI3R928P63B0:3Z4GS9HPNVA2U4TFH4O93BMTQWT777,focus,3253,on,1487371219802
AUI3R928P63B0:3Z4GS9HPNVA2U4TFH4O93BMTQWT777,focus,92865,off,1487371312667
AUI3R928P63B0:3Z4GS9HPNVA2U4TFH4O93BMTQWT777,focus,37653,on,1487371350320
AUI3R928P63B0:3Z4GS9HPNVA2U4TFH4O93BMTQWT777,focus,46621,off,1487371396941
AUI3R928P63B0:3Z4GS9HPNVA2U4TFH4O93BMTQWT777,focus,52,on,1487371396993
AUI3R928P63B0:3Z4GS9HPNVA2U4TFH4O93BMTQWT777,focus,16908,off,1487371413901
AUI3R928P63B0:3Z4GS9HPNVA2U4TFH4O93BMTQWT777,focus,67422,on,1487371481323
AUI3R928P63B0:3Z4GS9HPNVA2U4TFH4O93BMTQWT777,focus,50272,off,1487371531595
AUI3R928P63B0:3Z4GS9HPNVA2U4TFH4O93BMTQWT777,focus,18310,on,1487371549905
