,rt,time_elapsed,trial_type,view_history,worker_id,assignment_id,pid
0,198535,198537,instructions,"[{""page_index"":0,""viewing_time"":106864},{""page_index"":1,""viewing_time"":47375},{""page_index"":2,""viewing_time"":16576},{""page_index"":3,""viewing_time"":27720}]",A110JBKYAC0WAW,37C0GNLMHF3Z7DGKP7M3XPWUJYWD6Z,0
2,84637,343215,instructions,"[{""page_index"":0,""viewing_time"":19006},{""page_index"":1,""viewing_time"":28752},{""page_index"":2,""viewing_time"":24024},{""page_index"":3,""viewing_time"":12855}]",A110JBKYAC0WAW,37C0GNLMHF3Z7DGKP7M3XPWUJYWD6Z,0
4,19454,409112,instructions,"[{""page_index"":0,""viewing_time"":2477},{""page_index"":1,""viewing_time"":1240},{""page_index"":2,""viewing_time"":12096},{""page_index"":3,""viewing_time"":3640}]",A110JBKYAC0WAW,37C0GNLMHF3Z7DGKP7M3XPWUJYWD6Z,0
6,27891,467695,instructions,"[{""page_index"":0,""viewing_time"":22955},{""page_index"":1,""viewing_time"":1888},{""page_index"":2,""viewing_time"":1288},{""page_index"":3,""viewing_time"":1760}]",A110JBKYAC0WAW,37C0GNLMHF3Z7DGKP7M3XPWUJYWD6Z,0
8,4646,494151,instructions,"[{""page_index"":0,""viewing_time"":1734},{""page_index"":1,""viewing_time"":984},{""page_index"":2,""viewing_time"":928},{""page_index"":3,""viewing_time"":1000}]",A110JBKYAC0WAW,37C0GNLMHF3Z7DGKP7M3XPWUJYWD6Z,0
10,8206,529167,instructions,"[{""page_index"":0,""viewing_time"":5462},{""page_index"":1,""viewing_time"":832},{""page_index"":2,""viewing_time"":848},{""page_index"":3,""viewing_time"":1064}]",A110JBKYAC0WAW,37C0GNLMHF3Z7DGKP7M3XPWUJYWD6Z,0
21,133570,133572,instructions,"[{""page_index"":0,""viewing_time"":87847},{""page_index"":1,""viewing_time"":18491},{""page_index"":2,""viewing_time"":16181},{""page_index"":3,""viewing_time"":11051}]",A12R2U6TBB3OOG,3KWTYT08703MML4YX5AMOWQZWCN5LR,1
23,4351,179234,instructions,"[{""page_index"":0,""viewing_time"":1800},{""page_index"":1,""viewing_time"":926},{""page_index"":2,""viewing_time"":926},{""page_index"":3,""viewing_time"":699}]",A12R2U6TBB3OOG,3KWTYT08703MML4YX5AMOWQZWCN5LR,1
25,3776,207408,instructions,"[{""page_index"":0,""viewing_time"":1153},{""page_index"":1,""viewing_time"":656},{""page_index"":2,""viewing_time"":874},{""page_index"":3,""viewing_time"":1092}]",A12R2U6TBB3OOG,3KWTYT08703MML4YX5AMOWQZWCN5LR,1
27,7431,226493,instructions,"[{""page_index"":0,""viewing_time"":4596},{""page_index"":1,""viewing_time"":946},{""page_index"":2,""viewing_time"":951},{""page_index"":3,""viewing_time"":938}]",A12R2U6TBB3OOG,3KWTYT08703MML4YX5AMOWQZWCN5LR,1
29,12942,256247,instructions,"[{""page_index"":0,""viewing_time"":10315},{""page_index"":1,""viewing_time"":520},{""page_index"":2,""viewing_time"":898},{""page_index"":3,""viewing_time"":1209}]",A12R2U6TBB3OOG,3KWTYT08703MML4YX5AMOWQZWCN5LR,1
40,255655,255655,instructions,"[{""page_index"":0,""viewing_time"":81169},{""page_index"":1,""viewing_time"":112189},{""page_index"":2,""viewing_time"":46044},{""page_index"":3,""viewing_time"":16252}]",A16ANYLVNPKCVG,3URFVVM165INCPBHD7934NTDA2NZUL,2
42,57018,379740,instructions,"[{""page_index"":0,""viewing_time"":13732},{""page_index"":1,""viewing_time"":22107},{""page_index"":2,""viewing_time"":9472},{""page_index"":3,""viewing_time"":11706}]",A16ANYLVNPKCVG,3URFVVM165INCPBHD7934NTDA2NZUL,2
53,155009,155011,instructions,"[{""page_index"":0,""viewing_time"":43208},{""page_index"":1,""viewing_time"":78342},{""page_index"":2,""viewing_time"":19123},{""page_index"":3,""viewing_time"":14335}]",A19134KP9PBNXT,3HL8HNGX451JNGWEEKK55ZQHLCKF9N,3
55,57212,350421,instructions,"[{""page_index"":0,""viewing_time"":15725},{""page_index"":1,""viewing_time"":24693},{""page_index"":2,""viewing_time"":7264},{""page_index"":3,""viewing_time"":9529}]",A19134KP9PBNXT,3HL8HNGX451JNGWEEKK55ZQHLCKF9N,3
57,61216,455459,instructions,"[{""page_index"":0,""viewing_time"":6318},{""page_index"":1,""viewing_time"":22528},{""page_index"":2,""viewing_time"":20819},{""page_index"":3,""viewing_time"":11550}]",A19134KP9PBNXT,3HL8HNGX451JNGWEEKK55ZQHLCKF9N,3
59,21533,527794,instructions,"[{""page_index"":0,""viewing_time"":14965},{""page_index"":1,""viewing_time"":4432},{""page_index"":2,""viewing_time"":1312},{""page_index"":3,""viewing_time"":823}]",A19134KP9PBNXT,3HL8HNGX451JNGWEEKK55ZQHLCKF9N,3
61,10095,558715,instructions,"[{""page_index"":0,""viewing_time"":2254},{""page_index"":1,""viewing_time"":3856},{""page_index"":2,""viewing_time"":2384},{""page_index"":3,""viewing_time"":1600}]",A19134KP9PBNXT,3HL8HNGX451JNGWEEKK55ZQHLCKF9N,3
63,56413,637900,instructions,"[{""page_index"":0,""viewing_time"":13708},{""page_index"":1,""viewing_time"":14175},{""page_index"":2,""viewing_time"":20721},{""page_index"":3,""viewing_time"":7808}]",A19134KP9PBNXT,3HL8HNGX451JNGWEEKK55ZQHLCKF9N,3
65,79022,768243,instructions,"[{""page_index"":0,""viewing_time"":34805},{""page_index"":1,""viewing_time"":25385},{""page_index"":2,""viewing_time"":8991},{""page_index"":3,""viewing_time"":9840}]",A19134KP9PBNXT,3HL8HNGX451JNGWEEKK55ZQHLCKF9N,3
67,4629,794659,instructions,"[{""page_index"":0,""viewing_time"":1564},{""page_index"":1,""viewing_time"":761},{""page_index"":2,""viewing_time"":1464},{""page_index"":3,""viewing_time"":839}]",A19134KP9PBNXT,3HL8HNGX451JNGWEEKK55ZQHLCKF9N,3
69,43806,861171,instructions,"[{""page_index"":0,""viewing_time"":23791},{""page_index"":1,""viewing_time"":16624},{""page_index"":2,""viewing_time"":1749},{""page_index"":3,""viewing_time"":1641}]",A19134KP9PBNXT,3HL8HNGX451JNGWEEKK55ZQHLCKF9N,3
71,75077,978924,instructions,"[{""page_index"":0,""viewing_time"":21251},{""page_index"":1,""viewing_time"":19636},{""page_index"":2,""viewing_time"":21188},{""page_index"":3,""viewing_time"":13001}]",A19134KP9PBNXT,3HL8HNGX451JNGWEEKK55ZQHLCKF9N,3
73,4571,1010971,instructions,"[{""page_index"":0,""viewing_time"":2005},{""page_index"":1,""viewing_time"":1022},{""page_index"":2,""viewing_time"":857},{""page_index"":3,""viewing_time"":687}]",A19134KP9PBNXT,3HL8HNGX451JNGWEEKK55ZQHLCKF9N,3
75,3422,1029475,instructions,"[{""page_index"":0,""viewing_time"":1206},{""page_index"":1,""viewing_time"":864},{""page_index"":2,""viewing_time"":688},{""page_index"":3,""viewing_time"":663}]",A19134KP9PBNXT,3HL8HNGX451JNGWEEKK55ZQHLCKF9N,3
77,4638,1047963,instructions,"[{""page_index"":0,""viewing_time"":1309},{""page_index"":1,""viewing_time"":1032},{""page_index"":2,""viewing_time"":1552},{""page_index"":3,""viewing_time"":744}]",A19134KP9PBNXT,3HL8HNGX451JNGWEEKK55ZQHLCKF9N,3
79,34346,1111813,instructions,"[{""page_index"":0,""viewing_time"":31825},{""page_index"":1,""viewing_time"":999},{""page_index"":2,""viewing_time"":735},{""page_index"":3,""viewing_time"":786}]",A19134KP9PBNXT,3HL8HNGX451JNGWEEKK55ZQHLCKF9N,3
90,76522,76524,instructions,"[{""page_index"":0,""viewing_time"":24593},{""page_index"":1,""viewing_time"":34792},{""page_index"":2,""viewing_time"":17137}]",A19IWME4DCIU1H,3PB5A5BD0V6LNX4GA7S39OZNR1W7G2,4
92,46575,171511,instructions,"[{""page_index"":0,""viewing_time"":21912},{""page_index"":1,""viewing_time"":19469},{""page_index"":2,""viewing_time"":5194}]",A19IWME4DCIU1H,3PB5A5BD0V6LNX4GA7S39OZNR1W7G2,4
94,55578,249781,instructions,"[{""page_index"":0,""viewing_time"":20745},{""page_index"":1,""viewing_time"":16375},{""page_index"":2,""viewing_time"":18457}]",A19IWME4DCIU1H,3PB5A5BD0V6LNX4GA7S39OZNR1W7G2,4
105,174464,174468,instructions,"[{""page_index"":0,""viewing_time"":46660},{""page_index"":1,""viewing_time"":2588},{""page_index"":0,""viewing_time"":3564},{""page_index"":1,""viewing_time"":49940},{""page_index"":2,""viewing_time"":34570},{""page_index"":3,""viewing_time"":37140}]",A1EK8YNHZHTW1J,3GFK2QRXX9H2XFGX1JHOX77FUQKW5I,5
107,254258,491177,instructions,"[{""page_index"":0,""viewing_time"":87451},{""page_index"":1,""viewing_time"":98062},{""page_index"":2,""viewing_time"":43943},{""page_index"":3,""viewing_time"":24801}]",A1EK8YNHZHTW1J,3GFK2QRXX9H2XFGX1JHOX77FUQKW5I,5
109,5004,576551,instructions,"[{""page_index"":0,""viewing_time"":1954},{""page_index"":1,""viewing_time"":930},{""page_index"":2,""viewing_time"":1014},{""page_index"":3,""viewing_time"":1105}]",A1EK8YNHZHTW1J,3GFK2QRXX9H2XFGX1JHOX77FUQKW5I,5
111,5222,595831,instructions,"[{""page_index"":0,""viewing_time"":1797},{""page_index"":1,""viewing_time"":784},{""page_index"":2,""viewing_time"":1232},{""page_index"":3,""viewing_time"":1408}]",A1EK8YNHZHTW1J,3GFK2QRXX9H2XFGX1JHOX77FUQKW5I,5
113,5350,616990,instructions,"[{""page_index"":0,""viewing_time"":2012},{""page_index"":1,""viewing_time"":1512},{""page_index"":2,""viewing_time"":1193},{""page_index"":3,""viewing_time"":632}]",A1EK8YNHZHTW1J,3GFK2QRXX9H2XFGX1JHOX77FUQKW5I,5
115,64374,692437,instructions,"[{""page_index"":0,""viewing_time"":61013},{""page_index"":1,""viewing_time"":1496},{""page_index"":2,""viewing_time"":976},{""page_index"":3,""viewing_time"":888}]",A1EK8YNHZHTW1J,3GFK2QRXX9H2XFGX1JHOX77FUQKW5I,5
117,3382,799277,instructions,"[{""page_index"":0,""viewing_time"":1277},{""page_index"":1,""viewing_time"":744},{""page_index"":2,""viewing_time"":801},{""page_index"":3,""viewing_time"":559}]",A1EK8YNHZHTW1J,3GFK2QRXX9H2XFGX1JHOX77FUQKW5I,5
119,5542,816636,instructions,"[{""page_index"":0,""viewing_time"":1605},{""page_index"":1,""viewing_time"":1320},{""page_index"":2,""viewing_time"":1792},{""page_index"":3,""viewing_time"":824}]",A1EK8YNHZHTW1J,3GFK2QRXX9H2XFGX1JHOX77FUQKW5I,5
121,3398,833974,instructions,"[{""page_index"":0,""viewing_time"":1395},{""page_index"":1,""viewing_time"":720},{""page_index"":2,""viewing_time"":672},{""page_index"":3,""viewing_time"":610}]",A1EK8YNHZHTW1J,3GFK2QRXX9H2XFGX1JHOX77FUQKW5I,5
123,4278,847732,instructions,"[{""page_index"":0,""viewing_time"":1653},{""page_index"":1,""viewing_time"":888},{""page_index"":2,""viewing_time"":856},{""page_index"":3,""viewing_time"":880}]",A1EK8YNHZHTW1J,3GFK2QRXX9H2XFGX1JHOX77FUQKW5I,5
125,3950,865189,instructions,"[{""page_index"":0,""viewing_time"":1645},{""page_index"":1,""viewing_time"":879},{""page_index"":2,""viewing_time"":809},{""page_index"":3,""viewing_time"":616}]",A1EK8YNHZHTW1J,3GFK2QRXX9H2XFGX1JHOX77FUQKW5I,5
127,4380,886646,instructions,"[{""page_index"":0,""viewing_time"":2089},{""page_index"":1,""viewing_time"":873},{""page_index"":2,""viewing_time"":832},{""page_index"":3,""viewing_time"":585}]",A1EK8YNHZHTW1J,3GFK2QRXX9H2XFGX1JHOX77FUQKW5I,5
129,5380,903580,instructions,"[{""page_index"":0,""viewing_time"":1211},{""page_index"":1,""viewing_time"":920},{""page_index"":2,""viewing_time"":2153},{""page_index"":3,""viewing_time"":1095}]",A1EK8YNHZHTW1J,3GFK2QRXX9H2XFGX1JHOX77FUQKW5I,5
131,4143,924101,instructions,"[{""page_index"":0,""viewing_time"":1870},{""page_index"":1,""viewing_time"":751},{""page_index"":2,""viewing_time"":896},{""page_index"":3,""viewing_time"":625}]",A1EK8YNHZHTW1J,3GFK2QRXX9H2XFGX1JHOX77FUQKW5I,5
133,8162,943404,instructions,"[{""page_index"":0,""viewing_time"":5233},{""page_index"":1,""viewing_time"":768},{""page_index"":2,""viewing_time"":1386},{""page_index"":3,""viewing_time"":774}]",A1EK8YNHZHTW1J,3GFK2QRXX9H2XFGX1JHOX77FUQKW5I,5
135,3709,984500,instructions,"[{""page_index"":0,""viewing_time"":1557},{""page_index"":1,""viewing_time"":710},{""page_index"":2,""viewing_time"":760},{""page_index"":3,""viewing_time"":680}]",A1EK8YNHZHTW1J,3GFK2QRXX9H2XFGX1JHOX77FUQKW5I,5
137,23526,1017789,instructions,"[{""page_index"":0,""viewing_time"":1652},{""page_index"":1,""viewing_time"":832},{""page_index"":2,""viewing_time"":984},{""page_index"":3,""viewing_time"":20057}]",A1EK8YNHZHTW1J,3GFK2QRXX9H2XFGX1JHOX77FUQKW5I,5
139,62525,1110243,instructions,"[{""page_index"":0,""viewing_time"":2157},{""page_index"":1,""viewing_time"":920},{""page_index"":2,""viewing_time"":15680},{""page_index"":1,""viewing_time"":42519},{""page_index"":2,""viewing_time"":672},{""page_index"":3,""viewing_time"":576}]",A1EK8YNHZHTW1J,3GFK2QRXX9H2XFGX1JHOX77FUQKW5I,5
141,87357,1220354,instructions,"[{""page_index"":0,""viewing_time"":14821},{""page_index"":1,""viewing_time"":65311},{""page_index"":0,""viewing_time"":2896},{""page_index"":1,""viewing_time"":648},{""page_index"":2,""viewing_time"":1568},{""page_index"":3,""viewing_time"":2112}]",A1EK8YNHZHTW1J,3GFK2QRXX9H2XFGX1JHOX77FUQKW5I,5
143,19589,1300378,instructions,"[{""page_index"":0,""viewing_time"":2547},{""page_index"":1,""viewing_time"":616},{""page_index"":2,""viewing_time"":1048},{""page_index"":3,""viewing_time"":15377}]",A1EK8YNHZHTW1J,3GFK2QRXX9H2XFGX1JHOX77FUQKW5I,5
145,3926,1334402,instructions,"[{""page_index"":0,""viewing_time"":1653},{""page_index"":1,""viewing_time"":727},{""page_index"":2,""viewing_time"":992},{""page_index"":3,""viewing_time"":553}]",A1EK8YNHZHTW1J,3GFK2QRXX9H2XFGX1JHOX77FUQKW5I,5
147,4082,1350665,instructions,"[{""page_index"":0,""viewing_time"":1593},{""page_index"":1,""viewing_time"":720},{""page_index"":2,""viewing_time"":856},{""page_index"":3,""viewing_time"":912}]",A1EK8YNHZHTW1J,3GFK2QRXX9H2XFGX1JHOX77FUQKW5I,5
149,4044,1406640,instructions,"[{""page_index"":0,""viewing_time"":1363},{""page_index"":1,""viewing_time"":776},{""page_index"":2,""viewing_time"":1328},{""page_index"":3,""viewing_time"":576}]",A1EK8YNHZHTW1J,3GFK2QRXX9H2XFGX1JHOX77FUQKW5I,5
160,45858,45860,instructions,"[{""page_index"":0,""viewing_time"":7958},{""page_index"":1,""viewing_time"":10046},{""page_index"":2,""viewing_time"":18161},{""page_index"":1,""viewing_time"":4133},{""page_index"":2,""viewing_time"":5558}]",A1F1OZ54G177D8,3FPRZHYEPY7M4BTOXQOZW8QH9EXV39,6
162,124475,211311,instructions,"[{""page_index"":0,""viewing_time"":34217},{""page_index"":1,""viewing_time"":54727},{""page_index"":2,""viewing_time"":8613},{""page_index"":1,""viewing_time"":771},{""page_index"":0,""viewing_time"":8635},{""page_index"":1,""viewing_time"":14850},{""page_index"":2,""viewing_time"":2661}]",A1F1OZ54G177D8,3FPRZHYEPY7M4BTOXQOZW8QH9EXV39,6
164,39776,303636,instructions,"[{""page_index"":0,""viewing_time"":14758},{""page_index"":1,""viewing_time"":20791},{""page_index"":2,""viewing_time"":4227}]",A1F1OZ54G177D8,3FPRZHYEPY7M4BTOXQOZW8QH9EXV39,6
175,98825,98826,instructions,"[{""page_index"":0,""viewing_time"":37224},{""page_index"":1,""viewing_time"":33909},{""page_index"":2,""viewing_time"":14136},{""page_index"":3,""viewing_time"":13556}]",A1F9KLZGHE9DTA,39JEC7537U1AHBP7QJZ0PBUBFRAVC7,7
177,120668,298778,instructions,"[{""page_index"":0,""viewing_time"":55591},{""page_index"":1,""viewing_time"":31639},{""page_index"":2,""viewing_time"":14051},{""page_index"":3,""viewing_time"":19387}]",A1F9KLZGHE9DTA,39JEC7537U1AHBP7QJZ0PBUBFRAVC7,7
179,90000,443286,instructions,"[{""page_index"":0,""viewing_time"":34489},{""page_index"":1,""viewing_time"":21036},{""page_index"":2,""viewing_time"":9039},{""page_index"":3,""viewing_time"":25436}]",A1F9KLZGHE9DTA,39JEC7537U1AHBP7QJZ0PBUBFRAVC7,7
190,207980,207981,instructions,"[{""page_index"":0,""viewing_time"":67854},{""page_index"":1,""viewing_time"":37732},{""page_index"":0,""viewing_time"":4495},{""page_index"":1,""viewing_time"":31747},{""page_index"":2,""viewing_time"":39872},{""page_index"":3,""viewing_time"":26280}]",A1FFMPJ0W6FHQ8,3MX2NQ3YC9UHMFLNBODAZQLM3LWX54,8
192,46416,342094,instructions,"[{""page_index"":0,""viewing_time"":5567},{""page_index"":1,""viewing_time"":8184},{""page_index"":2,""viewing_time"":20439},{""page_index"":3,""viewing_time"":12225}]",A1FFMPJ0W6FHQ8,3MX2NQ3YC9UHMFLNBODAZQLM3LWX54,8
194,36288,443918,instructions,"[{""page_index"":0,""viewing_time"":8838},{""page_index"":1,""viewing_time"":10737},{""page_index"":2,""viewing_time"":14599},{""page_index"":3,""viewing_time"":2114}]",A1FFMPJ0W6FHQ8,3MX2NQ3YC9UHMFLNBODAZQLM3LWX54,8
196,35472,506277,instructions,"[{""page_index"":0,""viewing_time"":2119},{""page_index"":1,""viewing_time"":1384},{""page_index"":2,""viewing_time"":22520},{""page_index"":3,""viewing_time"":9448}]",A1FFMPJ0W6FHQ8,3MX2NQ3YC9UHMFLNBODAZQLM3LWX54,8
198,48831,599261,instructions,"[{""page_index"":0,""viewing_time"":14056},{""page_index"":1,""viewing_time"":23438},{""page_index"":2,""viewing_time"":8985},{""page_index"":3,""viewing_time"":2351}]",A1FFMPJ0W6FHQ8,3MX2NQ3YC9UHMFLNBODAZQLM3LWX54,8
200,4504,624949,instructions,"[{""page_index"":0,""viewing_time"":1879},{""page_index"":1,""viewing_time"":840},{""page_index"":2,""viewing_time"":825},{""page_index"":3,""viewing_time"":960}]",A1FFMPJ0W6FHQ8,3MX2NQ3YC9UHMFLNBODAZQLM3LWX54,8
202,97936,742557,instructions,"[{""page_index"":0,""viewing_time"":19993},{""page_index"":1,""viewing_time"":24815},{""page_index"":2,""viewing_time"":39527},{""page_index"":3,""viewing_time"":13600}]",A1FFMPJ0W6FHQ8,3MX2NQ3YC9UHMFLNBODAZQLM3LWX54,8
204,3931,790205,instructions,"[{""page_index"":0,""viewing_time"":1114},{""page_index"":1,""viewing_time"":736},{""page_index"":2,""viewing_time"":1528},{""page_index"":3,""viewing_time"":553}]",A1FFMPJ0W6FHQ8,3MX2NQ3YC9UHMFLNBODAZQLM3LWX54,8
215,209888,209888,instructions,"[{""page_index"":0,""viewing_time"":68395},{""page_index"":1,""viewing_time"":57434},{""page_index"":2,""viewing_time"":84058}]",A1FQGVP8SX5WE2,3VELCLL3GKJ1YBTJA75CQT8YN0WF1E,9
226,117061,117063,instructions,"[{""page_index"":0,""viewing_time"":57326},{""page_index"":1,""viewing_time"":20981},{""page_index"":2,""viewing_time"":11273},{""page_index"":3,""viewing_time"":27477}]",A1GRPIBHW72HDU,3X65QVEQI0N7L6DDCFXU22W9OT9CL6,10
228,61246,257985,instructions,"[{""page_index"":0,""viewing_time"":6305},{""page_index"":1,""viewing_time"":9081},{""page_index"":0,""viewing_time"":16568},{""page_index"":1,""viewing_time"":3799},{""page_index"":2,""viewing_time"":16051},{""page_index"":3,""viewing_time"":9439}]",A1GRPIBHW72HDU,3X65QVEQI0N7L6DDCFXU22W9OT9CL6,10
230,10226,298621,instructions,"[{""page_index"":0,""viewing_time"":2160},{""page_index"":1,""viewing_time"":5302},{""page_index"":2,""viewing_time"":1306},{""page_index"":3,""viewing_time"":1456}]",A1GRPIBHW72HDU,3X65QVEQI0N7L6DDCFXU22W9OT9CL6,10
232,75872,392402,instructions,"[{""page_index"":0,""viewing_time"":19471},{""page_index"":1,""viewing_time"":25697},{""page_index"":2,""viewing_time"":12056},{""page_index"":1,""viewing_time"":952},{""page_index"":0,""viewing_time"":14159},{""page_index"":1,""viewing_time"":1053},{""page_index"":2,""viewing_time"":732},{""page_index"":3,""viewing_time"":1749}]",A1GRPIBHW72HDU,3X65QVEQI0N7L6DDCFXU22W9OT9CL6,10
234,49424,456698,instructions,"[{""page_index"":0,""viewing_time"":24648},{""page_index"":1,""viewing_time"":18762},{""page_index"":2,""viewing_time"":4121},{""page_index"":3,""viewing_time"":1891}]",A1GRPIBHW72HDU,3X65QVEQI0N7L6DDCFXU22W9OT9CL6,10
245,97314,97315,instructions,"[{""page_index"":0,""viewing_time"":21732},{""page_index"":1,""viewing_time"":37118},{""page_index"":2,""viewing_time"":21926},{""page_index"":3,""viewing_time"":16538}]",A1KGCOR8OXYR72,3AZHRG4CU4K6BAS8UT0ABF0RFIL03N,11
247,34354,173702,instructions,"[{""page_index"":0,""viewing_time"":30705},{""page_index"":1,""viewing_time"":1337},{""page_index"":2,""viewing_time"":996},{""page_index"":3,""viewing_time"":1316}]",A1KGCOR8OXYR72,3AZHRG4CU4K6BAS8UT0ABF0RFIL03N,11
249,10716,200506,instructions,"[{""page_index"":0,""viewing_time"":1293},{""page_index"":1,""viewing_time"":902},{""page_index"":2,""viewing_time"":7370},{""page_index"":3,""viewing_time"":1151}]",A1KGCOR8OXYR72,3AZHRG4CU4K6BAS8UT0ABF0RFIL03N,11
260,26089,26090,instructions,"[{""page_index"":0,""viewing_time"":5247},{""page_index"":1,""viewing_time"":11860},{""page_index"":2,""viewing_time"":8982}]",A1L8EDNM7HZZAX,3EICBYG644W1QGPD9ULHMNJHK44CJ4,12
262,607698,695239,instructions,"[{""page_index"":0,""viewing_time"":538638},{""page_index"":1,""viewing_time"":37282},{""page_index"":2,""viewing_time"":31777}]",A1L8EDNM7HZZAX,3EICBYG644W1QGPD9ULHMNJHK44CJ4,12
264,73533,799025,instructions,"[{""page_index"":0,""viewing_time"":11027},{""page_index"":1,""viewing_time"":2113},{""page_index"":0,""viewing_time"":21079},{""page_index"":1,""viewing_time"":25792},{""page_index"":2,""viewing_time"":13522}]",A1L8EDNM7HZZAX,3EICBYG644W1QGPD9ULHMNJHK44CJ4,12
266,2016,845194,instructions,"[{""page_index"":0,""viewing_time"":1022},{""page_index"":1,""viewing_time"":595},{""page_index"":2,""viewing_time"":399}]",A1L8EDNM7HZZAX,3EICBYG644W1QGPD9ULHMNJHK44CJ4,12
268,13770,878105,instructions,"[{""page_index"":0,""viewing_time"":10483},{""page_index"":1,""viewing_time"":2816},{""page_index"":2,""viewing_time"":470}]",A1L8EDNM7HZZAX,3EICBYG644W1QGPD9ULHMNJHK44CJ4,12
279,61375,61375,instructions,"[{""page_index"":0,""viewing_time"":18240},{""page_index"":1,""viewing_time"":31854},{""page_index"":2,""viewing_time"":11280}]",A1LMXY8R59ZUHU,3JC6VJ2SABJ5Q2DU0ELWFIAO20O5A9,13
281,54670,160476,instructions,"[{""page_index"":0,""viewing_time"":32391},{""page_index"":1,""viewing_time"":13465},{""page_index"":2,""viewing_time"":8813}]",A1LMXY8R59ZUHU,3JC6VJ2SABJ5Q2DU0ELWFIAO20O5A9,13
283,30720,224472,instructions,"[{""page_index"":0,""viewing_time"":20170},{""page_index"":1,""viewing_time"":8200},{""page_index"":2,""viewing_time"":2350}]",A1LMXY8R59ZUHU,3JC6VJ2SABJ5Q2DU0ELWFIAO20O5A9,13
285,38797,287662,instructions,"[{""page_index"":0,""viewing_time"":10149},{""page_index"":1,""viewing_time"":17277},{""page_index"":2,""viewing_time"":11370}]",A1LMXY8R59ZUHU,3JC6VJ2SABJ5Q2DU0ELWFIAO20O5A9,13
287,4173,317715,instructions,"[{""page_index"":0,""viewing_time"":1273},{""page_index"":1,""viewing_time"":1420},{""page_index"":2,""viewing_time"":1480}]",A1LMXY8R59ZUHU,3JC6VJ2SABJ5Q2DU0ELWFIAO20O5A9,13
289,3472,334086,instructions,"[{""page_index"":0,""viewing_time"":909},{""page_index"":1,""viewing_time"":1544},{""page_index"":2,""viewing_time"":1018}]",A1LMXY8R59ZUHU,3JC6VJ2SABJ5Q2DU0ELWFIAO20O5A9,13
300,140996,140997,instructions,"[{""page_index"":0,""viewing_time"":62468},{""page_index"":1,""viewing_time"":37265},{""page_index"":2,""viewing_time"":26798},{""page_index"":3,""viewing_time"":14464}]",A1LRDHZZUVF9AZ,3PW9OPU9PQKHXHH7MCQ56AE9EWR21H,14
302,86428,322831,instructions,"[{""page_index"":0,""viewing_time"":49728},{""page_index"":1,""viewing_time"":9022},{""page_index"":0,""viewing_time"":4356},{""page_index"":1,""viewing_time"":3999},{""page_index"":2,""viewing_time"":16128},{""page_index"":3,""viewing_time"":3194}]",A1LRDHZZUVF9AZ,3PW9OPU9PQKHXHH7MCQ56AE9EWR21H,14
313,60639,60641,instructions,"[{""page_index"":0,""viewing_time"":23247},{""page_index"":1,""viewing_time"":29892},{""page_index"":2,""viewing_time"":7500}]",A1OQ3KL56KMQSU,35DR22AR5DKE80YJX5PHKTN2PP5X3E,15
315,45374,135793,instructions,"[{""page_index"":0,""viewing_time"":22342},{""page_index"":1,""viewing_time"":15541},{""page_index"":2,""viewing_time"":7491}]",A1OQ3KL56KMQSU,35DR22AR5DKE80YJX5PHKTN2PP5X3E,15
317,16360,188037,instructions,"[{""page_index"":0,""viewing_time"":13397},{""page_index"":1,""viewing_time"":1877},{""page_index"":2,""viewing_time"":1086}]",A1OQ3KL56KMQSU,35DR22AR5DKE80YJX5PHKTN2PP5X3E,15
328,144606,144606,instructions,"[{""page_index"":0,""viewing_time"":35819},{""page_index"":1,""viewing_time"":46043},{""page_index"":2,""viewing_time"":43825},{""page_index"":3,""viewing_time"":18918}]",A1P6OXEJ86HQRM,3ON104KXQKWK1WCXNEYESF11UNW4WE,16
330,174037,382193,instructions,"[{""page_index"":0,""viewing_time"":13195},{""page_index"":1,""viewing_time"":15460},{""page_index"":2,""viewing_time"":140775},{""page_index"":3,""viewing_time"":4606}]",A1P6OXEJ86HQRM,3ON104KXQKWK1WCXNEYESF11UNW4WE,16
332,76067,488861,instructions,"[{""page_index"":0,""viewing_time"":20038},{""page_index"":1,""viewing_time"":38973},{""page_index"":2,""viewing_time"":15424},{""page_index"":3,""viewing_time"":1632}]",A1P6OXEJ86HQRM,3ON104KXQKWK1WCXNEYESF11UNW4WE,16
334,65893,585260,instructions,"[{""page_index"":0,""viewing_time"":2050},{""page_index"":1,""viewing_time"":1132},{""page_index"":2,""viewing_time"":1727},{""page_index"":3,""viewing_time"":1818},{""page_index"":2,""viewing_time"":5299},{""page_index"":1,""viewing_time"":24527},{""page_index"":2,""viewing_time"":20352},{""page_index"":3,""viewing_time"":8988}]",A1P6OXEJ86HQRM,3ON104KXQKWK1WCXNEYESF11UNW4WE,16
336,25130,654964,instructions,"[{""page_index"":0,""viewing_time"":6153},{""page_index"":1,""viewing_time"":1914},{""page_index"":0,""viewing_time"":13493},{""page_index"":1,""viewing_time"":375},{""page_index"":0,""viewing_time"":580},{""page_index"":1,""viewing_time"":620},{""page_index"":2,""viewing_time"":1452},{""page_index"":3,""viewing_time"":542}]",A1P6OXEJ86HQRM,3ON104KXQKWK1WCXNEYESF11UNW4WE,16
338,4318,704720,instructions,"[{""page_index"":0,""viewing_time"":1596},{""page_index"":1,""viewing_time"":714},{""page_index"":2,""viewing_time"":1262},{""page_index"":3,""viewing_time"":746}]",A1P6OXEJ86HQRM,3ON104KXQKWK1WCXNEYESF11UNW4WE,16
340,98763,814918,instructions,"[{""page_index"":0,""viewing_time"":26850},{""page_index"":1,""viewing_time"":18126},{""page_index"":2,""viewing_time"":42097},{""page_index"":3,""viewing_time"":11689}]",A1P6OXEJ86HQRM,3ON104KXQKWK1WCXNEYESF11UNW4WE,16
342,60838,910863,instructions,"[{""page_index"":0,""viewing_time"":8145},{""page_index"":1,""viewing_time"":6386},{""page_index"":2,""viewing_time"":14008},{""page_index"":1,""viewing_time"":8224},{""page_index"":0,""viewing_time"":9659},{""page_index"":1,""viewing_time"":6254},{""page_index"":0,""viewing_time"":4268},{""page_index"":1,""viewing_time"":354},{""page_index"":0,""viewing_time"":792},{""page_index"":1,""viewing_time"":620},{""page_index"":2,""viewing_time"":730},{""page_index"":3,""viewing_time"":1397}]",A1P6OXEJ86HQRM,3ON104KXQKWK1WCXNEYESF11UNW4WE,16
344,7047,947444,instructions,"[{""page_index"":0,""viewing_time"":3965},{""page_index"":1,""viewing_time"":1207},{""page_index"":2,""viewing_time"":1058},{""page_index"":3,""viewing_time"":816}]",A1P6OXEJ86HQRM,3ON104KXQKWK1WCXNEYESF11UNW4WE,16
346,3417,1022253,instructions,"[{""page_index"":0,""viewing_time"":1197},{""page_index"":1,""viewing_time"":548},{""page_index"":2,""viewing_time"":1216},{""page_index"":3,""viewing_time"":456}]",A1P6OXEJ86HQRM,3ON104KXQKWK1WCXNEYESF11UNW4WE,16
357,27063,27063,instructions,"[{""page_index"":0,""viewing_time"":21212},{""page_index"":1,""viewing_time"":1719},{""page_index"":2,""viewing_time"":1584},{""page_index"":3,""viewing_time"":2546}]",A1SLJKNSNHOJRN,3LOZAJ85YDDPNI20T5BC1JIAJB5X23,17
359,3274,49453,instructions,"[{""page_index"":0,""viewing_time"":1214},{""page_index"":1,""viewing_time"":579},{""page_index"":2,""viewing_time"":960},{""page_index"":3,""viewing_time"":520}]",A1SLJKNSNHOJRN,3LOZAJ85YDDPNI20T5BC1JIAJB5X23,17
361,3968,76535,instructions,"[{""page_index"":0,""viewing_time"":1783},{""page_index"":1,""viewing_time"":968},{""page_index"":2,""viewing_time"":601},{""page_index"":3,""viewing_time"":615}]",A1SLJKNSNHOJRN,3LOZAJ85YDDPNI20T5BC1JIAJB5X23,17
363,3899,112948,instructions,"[{""page_index"":0,""viewing_time"":1568},{""page_index"":1,""viewing_time"":691},{""page_index"":2,""viewing_time"":932},{""page_index"":3,""viewing_time"":708}]",A1SLJKNSNHOJRN,3LOZAJ85YDDPNI20T5BC1JIAJB5X23,17
374,67944,67945,instructions,"[{""page_index"":0,""viewing_time"":29866},{""page_index"":1,""viewing_time"":19810},{""page_index"":2,""viewing_time"":9895},{""page_index"":3,""viewing_time"":8372}]",A1TL6GOSY0W1YC,3DH6GAKTYYP4TYVMN86S78ZQ6QYZYJ,18
376,57066,191072,instructions,"[{""page_index"":0,""viewing_time"":20985},{""page_index"":1,""viewing_time"":26113},{""page_index"":2,""viewing_time"":5324},{""page_index"":3,""viewing_time"":4643}]",A1TL6GOSY0W1YC,3DH6GAKTYYP4TYVMN86S78ZQ6QYZYJ,18
378,19453,243915,instructions,"[{""page_index"":0,""viewing_time"":4959},{""page_index"":1,""viewing_time"":1084},{""page_index"":2,""viewing_time"":722},{""page_index"":3,""viewing_time"":12687}]",A1TL6GOSY0W1YC,3DH6GAKTYYP4TYVMN86S78ZQ6QYZYJ,18
380,3257,288670,instructions,"[{""page_index"":0,""viewing_time"":1430},{""page_index"":1,""viewing_time"":589},{""page_index"":2,""viewing_time"":695},{""page_index"":3,""viewing_time"":542}]",A1TL6GOSY0W1YC,3DH6GAKTYYP4TYVMN86S78ZQ6QYZYJ,18
382,142533,467640,instructions,"[{""page_index"":0,""viewing_time"":34267},{""page_index"":1,""viewing_time"":54792},{""page_index"":2,""viewing_time"":25034},{""page_index"":3,""viewing_time"":28440}]",A1TL6GOSY0W1YC,3DH6GAKTYYP4TYVMN86S78ZQ6QYZYJ,18
384,19521,531738,instructions,"[{""page_index"":0,""viewing_time"":16112},{""page_index"":1,""viewing_time"":1080},{""page_index"":2,""viewing_time"":1114},{""page_index"":3,""viewing_time"":1215}]",A1TL6GOSY0W1YC,3DH6GAKTYYP4TYVMN86S78ZQ6QYZYJ,18
395,128237,128239,instructions,"[{""page_index"":0,""viewing_time"":36977},{""page_index"":1,""viewing_time"":46137},{""page_index"":2,""viewing_time"":25449},{""page_index"":3,""viewing_time"":19673}]",A1U8RH67FLZW87,30BUDKLTXDV8GFU6GJNIB10FNFM5E4,19
397,56530,285334,instructions,"[{""page_index"":0,""viewing_time"":7029},{""page_index"":1,""viewing_time"":11788},{""page_index"":2,""viewing_time"":15814},{""page_index"":3,""viewing_time"":21898}]",A1U8RH67FLZW87,30BUDKLTXDV8GFU6GJNIB10FNFM5E4,19
399,3902,355644,instructions,"[{""page_index"":0,""viewing_time"":1831},{""page_index"":1,""viewing_time"":726},{""page_index"":2,""viewing_time"":814},{""page_index"":3,""viewing_time"":530}]",A1U8RH67FLZW87,30BUDKLTXDV8GFU6GJNIB10FNFM5E4,19
401,9122,379512,instructions,"[{""page_index"":0,""viewing_time"":1637},{""page_index"":1,""viewing_time"":1116},{""page_index"":2,""viewing_time"":664},{""page_index"":3,""viewing_time"":5704}]",A1U8RH67FLZW87,30BUDKLTXDV8GFU6GJNIB10FNFM5E4,19
403,3381,408209,instructions,"[{""page_index"":0,""viewing_time"":1676},{""page_index"":1,""viewing_time"":852},{""page_index"":2,""viewing_time"":508},{""page_index"":3,""viewing_time"":344}]",A1U8RH67FLZW87,30BUDKLTXDV8GFU6GJNIB10FNFM5E4,19
405,3392,436569,instructions,"[{""page_index"":0,""viewing_time"":1422},{""page_index"":1,""viewing_time"":757},{""page_index"":2,""viewing_time"":610},{""page_index"":3,""viewing_time"":602}]",A1U8RH67FLZW87,30BUDKLTXDV8GFU6GJNIB10FNFM5E4,19
407,75198,538789,instructions,"[{""page_index"":0,""viewing_time"":19298},{""page_index"":1,""viewing_time"":18477},{""page_index"":2,""viewing_time"":21194},{""page_index"":3,""viewing_time"":16228}]",A1U8RH67FLZW87,30BUDKLTXDV8GFU6GJNIB10FNFM5E4,19
409,3198,590396,instructions,"[{""page_index"":0,""viewing_time"":1596},{""page_index"":1,""viewing_time"":789},{""page_index"":2,""viewing_time"":460},{""page_index"":3,""viewing_time"":352}]",A1U8RH67FLZW87,30BUDKLTXDV8GFU6GJNIB10FNFM5E4,19
411,2930,615106,instructions,"[{""page_index"":0,""viewing_time"":1384},{""page_index"":1,""viewing_time"":671},{""page_index"":2,""viewing_time"":484},{""page_index"":3,""viewing_time"":390}]",A1U8RH67FLZW87,30BUDKLTXDV8GFU6GJNIB10FNFM5E4,19
413,3472,631490,instructions,"[{""page_index"":0,""viewing_time"":1877},{""page_index"":1,""viewing_time"":766},{""page_index"":2,""viewing_time"":391},{""page_index"":3,""viewing_time"":437}]",A1U8RH67FLZW87,30BUDKLTXDV8GFU6GJNIB10FNFM5E4,19
415,34877,685118,instructions,"[{""page_index"":0,""viewing_time"":17858},{""page_index"":1,""viewing_time"":9516},{""page_index"":2,""viewing_time"":1946},{""page_index"":3,""viewing_time"":5557}]",A1U8RH67FLZW87,30BUDKLTXDV8GFU6GJNIB10FNFM5E4,19
426,202378,202380,instructions,"[{""page_index"":0,""viewing_time"":74406},{""page_index"":1,""viewing_time"":88970},{""page_index"":2,""viewing_time"":39001}]",A1V1JNPU0KOA3X,3DEL4X4EL6LFO3V7MQI7ANJFYQ0XYK,20
428,135982,447752,instructions,"[{""page_index"":0,""viewing_time"":26771},{""page_index"":1,""viewing_time"":20798},{""page_index"":2,""viewing_time"":13752},{""page_index"":1,""viewing_time"":1817},{""page_index"":0,""viewing_time"":63299},{""page_index"":1,""viewing_time"":4646},{""page_index"":2,""viewing_time"":4898}]",A1V1JNPU0KOA3X,3DEL4X4EL6LFO3V7MQI7ANJFYQ0XYK,20
439,69914,69915,instructions,"[{""page_index"":0,""viewing_time"":38603},{""page_index"":1,""viewing_time"":15320},{""page_index"":2,""viewing_time"":15991}]",A1VW8Y7XCV3DRW,3LEIZ60CDJZPSXNEFWEC8R6ZXHE9Z5,21
441,33899,141699,instructions,"[{""page_index"":0,""viewing_time"":24855},{""page_index"":1,""viewing_time"":4935},{""page_index"":2,""viewing_time"":4108}]",A1VW8Y7XCV3DRW,3LEIZ60CDJZPSXNEFWEC8R6ZXHE9Z5,21
443,24940,204384,instructions,"[{""page_index"":0,""viewing_time"":3316},{""page_index"":1,""viewing_time"":12940},{""page_index"":2,""viewing_time"":8683}]",A1VW8Y7XCV3DRW,3LEIZ60CDJZPSXNEFWEC8R6ZXHE9Z5,21
445,41426,264341,instructions,"[{""page_index"":0,""viewing_time"":18555},{""page_index"":1,""viewing_time"":15779},{""page_index"":2,""viewing_time"":7091}]",A1VW8Y7XCV3DRW,3LEIZ60CDJZPSXNEFWEC8R6ZXHE9Z5,21
447,39070,325045,instructions,"[{""page_index"":0,""viewing_time"":23395},{""page_index"":1,""viewing_time"":11997},{""page_index"":2,""viewing_time"":3678}]",A1VW8Y7XCV3DRW,3LEIZ60CDJZPSXNEFWEC8R6ZXHE9Z5,21
449,48060,394306,instructions,"[{""page_index"":0,""viewing_time"":16749},{""page_index"":1,""viewing_time"":20805},{""page_index"":2,""viewing_time"":10506}]",A1VW8Y7XCV3DRW,3LEIZ60CDJZPSXNEFWEC8R6ZXHE9Z5,21
451,14736,437008,instructions,"[{""page_index"":0,""viewing_time"":8112},{""page_index"":1,""viewing_time"":3331},{""page_index"":2,""viewing_time"":3293}]",A1VW8Y7XCV3DRW,3LEIZ60CDJZPSXNEFWEC8R6ZXHE9Z5,21
453,49773,507306,instructions,"[{""page_index"":0,""viewing_time"":42570},{""page_index"":1,""viewing_time"":3514},{""page_index"":2,""viewing_time"":3688}]",A1VW8Y7XCV3DRW,3LEIZ60CDJZPSXNEFWEC8R6ZXHE9Z5,21
455,40581,584749,instructions,"[{""page_index"":0,""viewing_time"":19078},{""page_index"":1,""viewing_time"":8749},{""page_index"":2,""viewing_time"":12753}]",A1VW8Y7XCV3DRW,3LEIZ60CDJZPSXNEFWEC8R6ZXHE9Z5,21
457,7971,619416,instructions,"[{""page_index"":0,""viewing_time"":4785},{""page_index"":1,""viewing_time"":2010},{""page_index"":2,""viewing_time"":1176}]",A1VW8Y7XCV3DRW,3LEIZ60CDJZPSXNEFWEC8R6ZXHE9Z5,21
459,7993,652084,instructions,"[{""page_index"":0,""viewing_time"":3204},{""page_index"":1,""viewing_time"":2154},{""page_index"":2,""viewing_time"":2634}]",A1VW8Y7XCV3DRW,3LEIZ60CDJZPSXNEFWEC8R6ZXHE9Z5,21
461,46674,717420,instructions,"[{""page_index"":0,""viewing_time"":33219},{""page_index"":1,""viewing_time"":6277},{""page_index"":2,""viewing_time"":7177}]",A1VW8Y7XCV3DRW,3LEIZ60CDJZPSXNEFWEC8R6ZXHE9Z5,21
463,43071,787792,instructions,"[{""page_index"":0,""viewing_time"":12484},{""page_index"":1,""viewing_time"":9131},{""page_index"":0,""viewing_time"":7162},{""page_index"":1,""viewing_time"":1917},{""page_index"":2,""viewing_time"":12377}]",A1VW8Y7XCV3DRW,3LEIZ60CDJZPSXNEFWEC8R6ZXHE9Z5,21
465,36938,895685,instructions,"[{""page_index"":0,""viewing_time"":12543},{""page_index"":1,""viewing_time"":18701},{""page_index"":2,""viewing_time"":5693}]",A1VW8Y7XCV3DRW,3LEIZ60CDJZPSXNEFWEC8R6ZXHE9Z5,21
476,59348,59349,instructions,"[{""page_index"":0,""viewing_time"":7002},{""page_index"":1,""viewing_time"":17212},{""page_index"":0,""viewing_time"":7446},{""page_index"":1,""viewing_time"":4942},{""page_index"":2,""viewing_time"":13096},{""page_index"":3,""viewing_time"":9648}]",A1ZAFHQLJJFQ15,3TEM0PF1Q5X4T2U5NI6MOOM36VA0DL,22
478,24874,116872,instructions,"[{""page_index"":0,""viewing_time"":13690},{""page_index"":1,""viewing_time"":3175},{""page_index"":2,""viewing_time"":2280},{""page_index"":3,""viewing_time"":5728}]",A1ZAFHQLJJFQ15,3TEM0PF1Q5X4T2U5NI6MOOM36VA0DL,22
480,38248,201645,instructions,"[{""page_index"":0,""viewing_time"":8567},{""page_index"":1,""viewing_time"":19863},{""page_index"":2,""viewing_time"":7472},{""page_index"":3,""viewing_time"":2345}]",A1ZAFHQLJJFQ15,3TEM0PF1Q5X4T2U5NI6MOOM36VA0DL,22
491,128703,128703,instructions,"[{""page_index"":0,""viewing_time"":29985},{""page_index"":1,""viewing_time"":40625},{""page_index"":2,""viewing_time"":33857},{""page_index"":3,""viewing_time"":24234}]",A1ZN6V0PU8VVAH,3VD82FOHKQOFRRGAP7DMUJ03JYECON,23
502,81220,81222,instructions,"[{""page_index"":0,""viewing_time"":25364},{""page_index"":1,""viewing_time"":24034},{""page_index"":2,""viewing_time"":10325},{""page_index"":3,""viewing_time"":21495}]",A20Z5O57UDPFLX,39DD6S19JPB6NTEVN7UY057AOEUEZK,24
504,54214,193269,instructions,"[{""page_index"":0,""viewing_time"":20508},{""page_index"":1,""viewing_time"":7012},{""page_index"":2,""viewing_time"":22650},{""page_index"":3,""viewing_time"":4043}]",A20Z5O57UDPFLX,39DD6S19JPB6NTEVN7UY057AOEUEZK,24
506,41493,301105,instructions,"[{""page_index"":0,""viewing_time"":33810},{""page_index"":1,""viewing_time"":3694},{""page_index"":2,""viewing_time"":2321},{""page_index"":3,""viewing_time"":1666}]",A20Z5O57UDPFLX,39DD6S19JPB6NTEVN7UY057AOEUEZK,24
517,177801,177803,instructions,"[{""page_index"":0,""viewing_time"":73751},{""page_index"":1,""viewing_time"":78720},{""page_index"":2,""viewing_time"":25328}]",A21S7MA9DCW95E,3NJM2BJS4W6XCRSB47Q1JJ5TT3ACP4,25
528,146846,146848,instructions,"[{""page_index"":0,""viewing_time"":43854},{""page_index"":1,""viewing_time"":38251},{""page_index"":2,""viewing_time"":47305},{""page_index"":3,""viewing_time"":17433}]",A22KRF782ELLB0,354GIDR5ZB6AUITBB6IR9H2KC6100S,26
530,71849,360718,instructions,"[{""page_index"":0,""viewing_time"":37704},{""page_index"":1,""viewing_time"":18049},{""page_index"":2,""viewing_time"":7183},{""page_index"":3,""viewing_time"":8912}]",A22KRF782ELLB0,354GIDR5ZB6AUITBB6IR9H2KC6100S,26
532,35866,434774,instructions,"[{""page_index"":0,""viewing_time"":11510},{""page_index"":1,""viewing_time"":1353},{""page_index"":2,""viewing_time"":20792},{""page_index"":3,""viewing_time"":2210}]",A22KRF782ELLB0,354GIDR5ZB6AUITBB6IR9H2KC6100S,26
534,3888,473568,instructions,"[{""page_index"":0,""viewing_time"":1324},{""page_index"":1,""viewing_time"":911},{""page_index"":2,""viewing_time"":1058},{""page_index"":3,""viewing_time"":594}]",A22KRF782ELLB0,354GIDR5ZB6AUITBB6IR9H2KC6100S,26
536,3209,489283,instructions,"[{""page_index"":0,""viewing_time"":920},{""page_index"":1,""viewing_time"":777},{""page_index"":2,""viewing_time"":776},{""page_index"":3,""viewing_time"":735}]",A22KRF782ELLB0,354GIDR5ZB6AUITBB6IR9H2KC6100S,26
538,9442,515918,instructions,"[{""page_index"":0,""viewing_time"":7047},{""page_index"":1,""viewing_time"":490},{""page_index"":2,""viewing_time"":991},{""page_index"":3,""viewing_time"":913}]",A22KRF782ELLB0,354GIDR5ZB6AUITBB6IR9H2KC6100S,26
540,41437,648722,instructions,"[{""page_index"":0,""viewing_time"":17114},{""page_index"":1,""viewing_time"":10919},{""page_index"":2,""viewing_time"":10776},{""page_index"":3,""viewing_time"":2624}]",A22KRF782ELLB0,354GIDR5ZB6AUITBB6IR9H2KC6100S,26
542,3908,667463,instructions,"[{""page_index"":0,""viewing_time"":1296},{""page_index"":1,""viewing_time"":842},{""page_index"":2,""viewing_time"":976},{""page_index"":3,""viewing_time"":792}]",A22KRF782ELLB0,354GIDR5ZB6AUITBB6IR9H2KC6100S,26
544,3411,694766,instructions,"[{""page_index"":0,""viewing_time"":897},{""page_index"":1,""viewing_time"":790},{""page_index"":2,""viewing_time"":832},{""page_index"":3,""viewing_time"":890}]",A22KRF782ELLB0,354GIDR5ZB6AUITBB6IR9H2KC6100S,26
546,2795,709654,instructions,"[{""page_index"":0,""viewing_time"":888},{""page_index"":1,""viewing_time"":544},{""page_index"":2,""viewing_time"":935},{""page_index"":3,""viewing_time"":426}]",A22KRF782ELLB0,354GIDR5ZB6AUITBB6IR9H2KC6100S,26
548,2947,721232,instructions,"[{""page_index"":0,""viewing_time"":1006},{""page_index"":1,""viewing_time"":540},{""page_index"":2,""viewing_time"":846},{""page_index"":3,""viewing_time"":552}]",A22KRF782ELLB0,354GIDR5ZB6AUITBB6IR9H2KC6100S,26
559,164923,164923,instructions,"[{""page_index"":0,""viewing_time"":77510},{""page_index"":1,""viewing_time"":45899},{""page_index"":2,""viewing_time"":25515},{""page_index"":3,""viewing_time"":15998}]",A24LC97AU3QC7G,3X4JMASXCM9BE5WL9MFGTYY33AY0BE,27
561,69065,312637,instructions,"[{""page_index"":0,""viewing_time"":22366},{""page_index"":1,""viewing_time"":23242},{""page_index"":2,""viewing_time"":18630},{""page_index"":3,""viewing_time"":4827}]",A24LC97AU3QC7G,3X4JMASXCM9BE5WL9MFGTYY33AY0BE,27
563,85684,455752,instructions,"[{""page_index"":0,""viewing_time"":26269},{""page_index"":1,""viewing_time"":38915},{""page_index"":2,""viewing_time"":7943},{""page_index"":3,""viewing_time"":12556}]",A24LC97AU3QC7G,3X4JMASXCM9BE5WL9MFGTYY33AY0BE,27
574,105727,105728,instructions,"[{""page_index"":0,""viewing_time"":23721},{""page_index"":1,""viewing_time"":61216},{""page_index"":2,""viewing_time"":10958},{""page_index"":3,""viewing_time"":9832}]",A26TY8FHMJ183C,3L6L49WXW0XQODXDRDB52FOOAQS54Y,28
576,237251,375005,instructions,"[{""page_index"":0,""viewing_time"":211147},{""page_index"":1,""viewing_time"":6320},{""page_index"":2,""viewing_time"":3424},{""page_index"":3,""viewing_time"":16359}]",A26TY8FHMJ183C,3L6L49WXW0XQODXDRDB52FOOAQS54Y,28
578,60878,466765,instructions,"[{""page_index"":0,""viewing_time"":42622},{""page_index"":1,""viewing_time"":15648},{""page_index"":2,""viewing_time"":1503},{""page_index"":3,""viewing_time"":1105}]",A26TY8FHMJ183C,3L6L49WXW0XQODXDRDB52FOOAQS54Y,28
589,109463,109463,instructions,"[{""page_index"":0,""viewing_time"":30098},{""page_index"":1,""viewing_time"":29392},{""page_index"":2,""viewing_time"":34220},{""page_index"":3,""viewing_time"":15752}]",A27MJOV91GA8R3,3U84XHCDICDOVRH2Y1ILRJVJBP04Z4,29
591,27180,195300,instructions,"[{""page_index"":0,""viewing_time"":16225},{""page_index"":1,""viewing_time"":7301},{""page_index"":2,""viewing_time"":2401},{""page_index"":3,""viewing_time"":1253}]",A27MJOV91GA8R3,3U84XHCDICDOVRH2Y1ILRJVJBP04Z4,29
602,33332,33333,instructions,"[{""page_index"":0,""viewing_time"":14124},{""page_index"":1,""viewing_time"":13706},{""page_index"":2,""viewing_time"":2684},{""page_index"":3,""viewing_time"":2816}]",A2A0M30DSA7ZN,37TD41K0AH9UPJ83WOUVEOA4GNHCSK,30
604,14954,71700,instructions,"[{""page_index"":0,""viewing_time"":12680},{""page_index"":1,""viewing_time"":1119},{""page_index"":2,""viewing_time"":715},{""page_index"":3,""viewing_time"":440}]",A2A0M30DSA7ZN,37TD41K0AH9UPJ83WOUVEOA4GNHCSK,30
606,3918,97429,instructions,"[{""page_index"":0,""viewing_time"":2603},{""page_index"":1,""viewing_time"":814},{""page_index"":2,""viewing_time"":256},{""page_index"":3,""viewing_time"":244}]",A2A0M30DSA7ZN,37TD41K0AH9UPJ83WOUVEOA4GNHCSK,30
608,7557,126598,instructions,"[{""page_index"":0,""viewing_time"":2214},{""page_index"":1,""viewing_time"":895},{""page_index"":2,""viewing_time"":927},{""page_index"":3,""viewing_time"":3520}]",A2A0M30DSA7ZN,37TD41K0AH9UPJ83WOUVEOA4GNHCSK,30
610,66933,211613,instructions,"[{""page_index"":0,""viewing_time"":2234},{""page_index"":1,""viewing_time"":63587},{""page_index"":2,""viewing_time"":646},{""page_index"":3,""viewing_time"":465}]",A2A0M30DSA7ZN,37TD41K0AH9UPJ83WOUVEOA4GNHCSK,30
612,27713,257186,instructions,"[{""page_index"":0,""viewing_time"":21624},{""page_index"":1,""viewing_time"":1226},{""page_index"":2,""viewing_time"":4158},{""page_index"":3,""viewing_time"":705}]",A2A0M30DSA7ZN,37TD41K0AH9UPJ83WOUVEOA4GNHCSK,30
614,6688,278823,instructions,"[{""page_index"":0,""viewing_time"":3131},{""page_index"":1,""viewing_time"":1948},{""page_index"":2,""viewing_time"":849},{""page_index"":3,""viewing_time"":759}]",A2A0M30DSA7ZN,37TD41K0AH9UPJ83WOUVEOA4GNHCSK,30
616,12664,317193,instructions,"[{""page_index"":0,""viewing_time"":10475},{""page_index"":1,""viewing_time"":978},{""page_index"":2,""viewing_time"":617},{""page_index"":3,""viewing_time"":594}]",A2A0M30DSA7ZN,37TD41K0AH9UPJ83WOUVEOA4GNHCSK,30
627,117853,117855,instructions,"[{""page_index"":0,""viewing_time"":37009},{""page_index"":1,""viewing_time"":42504},{""page_index"":2,""viewing_time"":21369},{""page_index"":3,""viewing_time"":16967}]",A2C2WXXKJOLCZ2,3JJVG1YBEBXA9CIM6SLSATUUKI95B4,31
629,51269,264535,instructions,"[{""page_index"":0,""viewing_time"":11081},{""page_index"":1,""viewing_time"":11973},{""page_index"":2,""viewing_time"":22741},{""page_index"":3,""viewing_time"":5472}]",A2C2WXXKJOLCZ2,3JJVG1YBEBXA9CIM6SLSATUUKI95B4,31
631,60900,399788,instructions,"[{""page_index"":0,""viewing_time"":20332},{""page_index"":1,""viewing_time"":14924},{""page_index"":2,""viewing_time"":16393},{""page_index"":3,""viewing_time"":9249}]",A2C2WXXKJOLCZ2,3JJVG1YBEBXA9CIM6SLSATUUKI95B4,31
633,67467,524876,instructions,"[{""page_index"":0,""viewing_time"":22311},{""page_index"":1,""viewing_time"":20753},{""page_index"":2,""viewing_time"":16399},{""page_index"":3,""viewing_time"":8002}]",A2C2WXXKJOLCZ2,3JJVG1YBEBXA9CIM6SLSATUUKI95B4,31
644,68103,68104,instructions,"[{""page_index"":0,""viewing_time"":22588},{""page_index"":1,""viewing_time"":20791},{""page_index"":2,""viewing_time"":19007},{""page_index"":3,""viewing_time"":5716}]",A2C70CEYBGWK97,3I33IC7ZWF2DR5U7IVJYHB7CIQX2A5,32
646,41417,158449,instructions,"[{""page_index"":0,""viewing_time"":6736},{""page_index"":1,""viewing_time"":9790},{""page_index"":2,""viewing_time"":5949},{""page_index"":3,""viewing_time"":18941}]",A2C70CEYBGWK97,3I33IC7ZWF2DR5U7IVJYHB7CIQX2A5,32
648,80298,286582,instructions,"[{""page_index"":0,""viewing_time"":3717},{""page_index"":1,""viewing_time"":14822},{""page_index"":0,""viewing_time"":24862},{""page_index"":1,""viewing_time"":15601},{""page_index"":2,""viewing_time"":12366},{""page_index"":3,""viewing_time"":8930}]",A2C70CEYBGWK97,3I33IC7ZWF2DR5U7IVJYHB7CIQX2A5,32
650,38660,364153,instructions,"[{""page_index"":0,""viewing_time"":16187},{""page_index"":1,""viewing_time"":4816},{""page_index"":2,""viewing_time"":11174},{""page_index"":3,""viewing_time"":6482}]",A2C70CEYBGWK97,3I33IC7ZWF2DR5U7IVJYHB7CIQX2A5,32
652,7546,434364,instructions,"[{""page_index"":0,""viewing_time"":2651},{""page_index"":1,""viewing_time"":1485},{""page_index"":2,""viewing_time"":1368},{""page_index"":3,""viewing_time"":2042}]",A2C70CEYBGWK97,3I33IC7ZWF2DR5U7IVJYHB7CIQX2A5,32
654,6723,476431,instructions,"[{""page_index"":0,""viewing_time"":1846},{""page_index"":1,""viewing_time"":1904},{""page_index"":2,""viewing_time"":1693},{""page_index"":3,""viewing_time"":1279}]",A2C70CEYBGWK97,3I33IC7ZWF2DR5U7IVJYHB7CIQX2A5,32
656,6808,506580,instructions,"[{""page_index"":0,""viewing_time"":1896},{""page_index"":1,""viewing_time"":1743},{""page_index"":2,""viewing_time"":1668},{""page_index"":3,""viewing_time"":1501}]",A2C70CEYBGWK97,3I33IC7ZWF2DR5U7IVJYHB7CIQX2A5,32
667,110046,110047,instructions,"[{""page_index"":0,""viewing_time"":59396},{""page_index"":1,""viewing_time"":42636},{""page_index"":2,""viewing_time"":8012}]",A2C7WH5KWEHKCS,3OWEPKL089CRXPL2XB5YZ88KSDI7NA,33
669,111536,291970,instructions,"[{""page_index"":0,""viewing_time"":16542},{""page_index"":1,""viewing_time"":45260},{""page_index"":2,""viewing_time"":23255},{""page_index"":1,""viewing_time"":630},{""page_index"":0,""viewing_time"":23932},{""page_index"":1,""viewing_time"":1407},{""page_index"":2,""viewing_time"":509}]",A2C7WH5KWEHKCS,3OWEPKL089CRXPL2XB5YZ88KSDI7NA,33
671,92285,439112,instructions,"[{""page_index"":0,""viewing_time"":18443},{""page_index"":1,""viewing_time"":11420},{""page_index"":2,""viewing_time"":7722},{""page_index"":1,""viewing_time"":52638},{""page_index"":2,""viewing_time"":2061}]",A2C7WH5KWEHKCS,3OWEPKL089CRXPL2XB5YZ88KSDI7NA,33
682,295285,295287,instructions,"[{""page_index"":0,""viewing_time"":187704},{""page_index"":1,""viewing_time"":50629},{""page_index"":2,""viewing_time"":24442},{""page_index"":3,""viewing_time"":19416},{""page_index"":2,""viewing_time"":3429},{""page_index"":3,""viewing_time"":9664}]",A2CF2BD4Q0ZDJN,3DR23U6WE5EA1H5WHF5GEH6T3I8ET4,34
684,69989,431181,instructions,"[{""page_index"":0,""viewing_time"":10750},{""page_index"":1,""viewing_time"":20062},{""page_index"":2,""viewing_time"":21656},{""page_index"":3,""viewing_time"":17520}]",A2CF2BD4Q0ZDJN,3DR23U6WE5EA1H5WHF5GEH6T3I8ET4,34
686,79411,592668,instructions,"[{""page_index"":0,""viewing_time"":32547},{""page_index"":1,""viewing_time"":15816},{""page_index"":2,""viewing_time"":16488},{""page_index"":3,""viewing_time"":14559}]",A2CF2BD4Q0ZDJN,3DR23U6WE5EA1H5WHF5GEH6T3I8ET4,34
688,5111,619333,instructions,"[{""page_index"":0,""viewing_time"":2077},{""page_index"":1,""viewing_time"":968},{""page_index"":2,""viewing_time"":1160},{""page_index"":3,""viewing_time"":905}]",A2CF2BD4Q0ZDJN,3DR23U6WE5EA1H5WHF5GEH6T3I8ET4,34
690,6687,654196,instructions,"[{""page_index"":0,""viewing_time"":3103},{""page_index"":1,""viewing_time"":1191},{""page_index"":2,""viewing_time"":1400},{""page_index"":3,""viewing_time"":992}]",A2CF2BD4Q0ZDJN,3DR23U6WE5EA1H5WHF5GEH6T3I8ET4,34
692,3814,769342,instructions,"[{""page_index"":0,""viewing_time"":1147},{""page_index"":1,""viewing_time"":828},{""page_index"":2,""viewing_time"":994},{""page_index"":3,""viewing_time"":844}]",A2CF2BD4Q0ZDJN,3DR23U6WE5EA1H5WHF5GEH6T3I8ET4,34
694,100259,903739,instructions,"[{""page_index"":0,""viewing_time"":14786},{""page_index"":1,""viewing_time"":23064},{""page_index"":2,""viewing_time"":50041},{""page_index"":3,""viewing_time"":12367}]",A2CF2BD4Q0ZDJN,3DR23U6WE5EA1H5WHF5GEH6T3I8ET4,34
696,4540,945731,instructions,"[{""page_index"":0,""viewing_time"":1283},{""page_index"":1,""viewing_time"":960},{""page_index"":2,""viewing_time"":1184},{""page_index"":3,""viewing_time"":1112}]",A2CF2BD4Q0ZDJN,3DR23U6WE5EA1H5WHF5GEH6T3I8ET4,34
698,67930,1058218,instructions,"[{""page_index"":0,""viewing_time"":15282},{""page_index"":1,""viewing_time"":19000},{""page_index"":2,""viewing_time"":31015},{""page_index"":3,""viewing_time"":2633}]",A2CF2BD4Q0ZDJN,3DR23U6WE5EA1H5WHF5GEH6T3I8ET4,34
700,4290,1103179,instructions,"[{""page_index"":0,""viewing_time"":880},{""page_index"":1,""viewing_time"":1268},{""page_index"":2,""viewing_time"":1174},{""page_index"":3,""viewing_time"":967}]",A2CF2BD4Q0ZDJN,3DR23U6WE5EA1H5WHF5GEH6T3I8ET4,34
702,15836,1154426,instructions,"[{""page_index"":0,""viewing_time"":12316},{""page_index"":1,""viewing_time"":1295},{""page_index"":2,""viewing_time"":1320},{""page_index"":3,""viewing_time"":904}]",A2CF2BD4Q0ZDJN,3DR23U6WE5EA1H5WHF5GEH6T3I8ET4,34
704,4058,1176939,instructions,"[{""page_index"":0,""viewing_time"":1440},{""page_index"":1,""viewing_time"":672},{""page_index"":2,""viewing_time"":968},{""page_index"":3,""viewing_time"":976}]",A2CF2BD4Q0ZDJN,3DR23U6WE5EA1H5WHF5GEH6T3I8ET4,34
715,137067,137069,instructions,"[{""page_index"":0,""viewing_time"":32446},{""page_index"":1,""viewing_time"":49495},{""page_index"":2,""viewing_time"":42568},{""page_index"":3,""viewing_time"":12558}]",A2EOOF9D135HQ1,3XUHV3NRVKYK0PL86KVOW4XSF275HR,35
717,174776,363573,instructions,"[{""page_index"":0,""viewing_time"":53054},{""page_index"":1,""viewing_time"":86593},{""page_index"":2,""viewing_time"":25465},{""page_index"":3,""viewing_time"":9664}]",A2EOOF9D135HQ1,3XUHV3NRVKYK0PL86KVOW4XSF275HR,35
719,85630,536883,instructions,"[{""page_index"":0,""viewing_time"":47052},{""page_index"":1,""viewing_time"":15956},{""page_index"":2,""viewing_time"":7340},{""page_index"":3,""viewing_time"":15282}]",A2EOOF9D135HQ1,3XUHV3NRVKYK0PL86KVOW4XSF275HR,35
730,111172,111174,instructions,"[{""page_index"":0,""viewing_time"":23489},{""page_index"":1,""viewing_time"":47444},{""page_index"":2,""viewing_time"":20667},{""page_index"":3,""viewing_time"":19570}]",A2GTJ0BD4CG1A2,3V0Z7YWSIY0XJTX5TQAUDYLP30XV2Y,36
732,53107,292587,instructions,"[{""page_index"":0,""viewing_time"":32196},{""page_index"":1,""viewing_time"":10698},{""page_index"":2,""viewing_time"":2067},{""page_index"":3,""viewing_time"":8144}]",A2GTJ0BD4CG1A2,3V0Z7YWSIY0XJTX5TQAUDYLP30XV2Y,36
734,4292,324210,instructions,"[{""page_index"":0,""viewing_time"":1327},{""page_index"":1,""viewing_time"":1009},{""page_index"":2,""viewing_time"":1105},{""page_index"":3,""viewing_time"":850}]",A2GTJ0BD4CG1A2,3V0Z7YWSIY0XJTX5TQAUDYLP30XV2Y,36
736,9282,357254,instructions,"[{""page_index"":0,""viewing_time"":6737},{""page_index"":1,""viewing_time"":999},{""page_index"":2,""viewing_time"":967},{""page_index"":3,""viewing_time"":577}]",A2GTJ0BD4CG1A2,3V0Z7YWSIY0XJTX5TQAUDYLP30XV2Y,36
738,3574,372869,instructions,"[{""page_index"":0,""viewing_time"":1255},{""page_index"":1,""viewing_time"":709},{""page_index"":2,""viewing_time"":817},{""page_index"":3,""viewing_time"":792}]",A2GTJ0BD4CG1A2,3V0Z7YWSIY0XJTX5TQAUDYLP30XV2Y,36
740,3265,389268,instructions,"[{""page_index"":0,""viewing_time"":1016},{""page_index"":1,""viewing_time"":720},{""page_index"":2,""viewing_time"":788},{""page_index"":3,""viewing_time"":740}]",A2GTJ0BD4CG1A2,3V0Z7YWSIY0XJTX5TQAUDYLP30XV2Y,36
742,44822,445101,instructions,"[{""page_index"":0,""viewing_time"":17292},{""page_index"":1,""viewing_time"":18944},{""page_index"":2,""viewing_time"":3886},{""page_index"":3,""viewing_time"":4698}]",A2GTJ0BD4CG1A2,3V0Z7YWSIY0XJTX5TQAUDYLP30XV2Y,36
744,3252,476936,instructions,"[{""page_index"":0,""viewing_time"":1184},{""page_index"":1,""viewing_time"":706},{""page_index"":2,""viewing_time"":640},{""page_index"":3,""viewing_time"":722}]",A2GTJ0BD4CG1A2,3V0Z7YWSIY0XJTX5TQAUDYLP30XV2Y,36
746,9572,498226,instructions,"[{""page_index"":0,""viewing_time"":6808},{""page_index"":1,""viewing_time"":838},{""page_index"":2,""viewing_time"":921},{""page_index"":3,""viewing_time"":1004}]",A2GTJ0BD4CG1A2,3V0Z7YWSIY0XJTX5TQAUDYLP30XV2Y,36
748,3961,513281,instructions,"[{""page_index"":0,""viewing_time"":1168},{""page_index"":1,""viewing_time"":1248},{""page_index"":2,""viewing_time"":674},{""page_index"":3,""viewing_time"":870}]",A2GTJ0BD4CG1A2,3V0Z7YWSIY0XJTX5TQAUDYLP30XV2Y,36
750,3006,527753,instructions,"[{""page_index"":0,""viewing_time"":1001},{""page_index"":1,""viewing_time"":701},{""page_index"":2,""viewing_time"":610},{""page_index"":3,""viewing_time"":693}]",A2GTJ0BD4CG1A2,3V0Z7YWSIY0XJTX5TQAUDYLP30XV2Y,36
752,3464,542489,instructions,"[{""page_index"":0,""viewing_time"":903},{""page_index"":1,""viewing_time"":638},{""page_index"":2,""viewing_time"":1130},{""page_index"":3,""viewing_time"":792}]",A2GTJ0BD4CG1A2,3V0Z7YWSIY0XJTX5TQAUDYLP30XV2Y,36
754,4089,558101,instructions,"[{""page_index"":0,""viewing_time"":1021},{""page_index"":1,""viewing_time"":966},{""page_index"":2,""viewing_time"":1172},{""page_index"":3,""viewing_time"":929}]",A2GTJ0BD4CG1A2,3V0Z7YWSIY0XJTX5TQAUDYLP30XV2Y,36
756,20473,594036,instructions,"[{""page_index"":0,""viewing_time"":18393},{""page_index"":1,""viewing_time"":646},{""page_index"":2,""viewing_time"":703},{""page_index"":3,""viewing_time"":730}]",A2GTJ0BD4CG1A2,3V0Z7YWSIY0XJTX5TQAUDYLP30XV2Y,36
767,175927,175927,instructions,"[{""page_index"":0,""viewing_time"":38988},{""page_index"":1,""viewing_time"":55142},{""page_index"":2,""viewing_time"":54484},{""page_index"":3,""viewing_time"":27313}]",A2HHGI5CNSS5PD,3Y54SXRO1LLRQD2I7FKLIZSWP61UT0,37
778,110772,110773,instructions,"[{""page_index"":0,""viewing_time"":38395},{""page_index"":1,""viewing_time"":45125},{""page_index"":2,""viewing_time"":27252}]",A2R8IV2PWFTY00,37UQDCYH6XV45UUBZ2RP9P2XEGJV7E,38
780,25920,180887,instructions,"[{""page_index"":0,""viewing_time"":23968},{""page_index"":1,""viewing_time"":1304},{""page_index"":2,""viewing_time"":648}]",A2R8IV2PWFTY00,37UQDCYH6XV45UUBZ2RP9P2XEGJV7E,38
791,43920,43920,instructions,"[{""page_index"":0,""viewing_time"":23945},{""page_index"":1,""viewing_time"":9222},{""page_index"":2,""viewing_time"":2128},{""page_index"":3,""viewing_time"":8624}]",A2YJQUHFIXNOY0,3EO896NRAWVICXROVGG7BXJL8XXJT1,39
793,57339,198359,instructions,"[{""page_index"":0,""viewing_time"":24803},{""page_index"":1,""viewing_time"":7839},{""page_index"":2,""viewing_time"":15480},{""page_index"":3,""viewing_time"":9216}]",A2YJQUHFIXNOY0,3EO896NRAWVICXROVGG7BXJL8XXJT1,39
795,88548,317191,instructions,"[{""page_index"":0,""viewing_time"":16700},{""page_index"":1,""viewing_time"":46969},{""page_index"":2,""viewing_time"":17655},{""page_index"":3,""viewing_time"":7224}]",A2YJQUHFIXNOY0,3EO896NRAWVICXROVGG7BXJL8XXJT1,39
797,26616,414607,instructions,"[{""page_index"":0,""viewing_time"":21537},{""page_index"":1,""viewing_time"":2447},{""page_index"":2,""viewing_time"":1488},{""page_index"":3,""viewing_time"":1144}]",A2YJQUHFIXNOY0,3EO896NRAWVICXROVGG7BXJL8XXJT1,39
799,144151,573863,instructions,"[{""page_index"":0,""viewing_time"":112674},{""page_index"":1,""viewing_time"":12254},{""page_index"":2,""viewing_time"":8328},{""page_index"":3,""viewing_time"":10895}]",A2YJQUHFIXNOY0,3EO896NRAWVICXROVGG7BXJL8XXJT1,39
801,4687,608446,instructions,"[{""page_index"":0,""viewing_time"":1447},{""page_index"":1,""viewing_time"":848},{""page_index"":2,""viewing_time"":1152},{""page_index"":3,""viewing_time"":1239}]",A2YJQUHFIXNOY0,3EO896NRAWVICXROVGG7BXJL8XXJT1,39
803,6472,634479,instructions,"[{""page_index"":0,""viewing_time"":3135},{""page_index"":1,""viewing_time"":633},{""page_index"":2,""viewing_time"":1423},{""page_index"":3,""viewing_time"":1281}]",A2YJQUHFIXNOY0,3EO896NRAWVICXROVGG7BXJL8XXJT1,39
814,167298,167300,instructions,"[{""page_index"":0,""viewing_time"":39811},{""page_index"":1,""viewing_time"":55949},{""page_index"":2,""viewing_time"":30951},{""page_index"":3,""viewing_time"":40585}]",A338QNPKTOI7DF,3XIQGXAUMC8W9JZ6ZHS7XAZIURRX7J,40
816,28591,303627,instructions,"[{""page_index"":0,""viewing_time"":17989},{""page_index"":1,""viewing_time"":2370},{""page_index"":2,""viewing_time"":1666},{""page_index"":3,""viewing_time"":6565}]",A338QNPKTOI7DF,3XIQGXAUMC8W9JZ6ZHS7XAZIURRX7J,40
827,189261,189262,instructions,"[{""page_index"":0,""viewing_time"":85196},{""page_index"":1,""viewing_time"":41568},{""page_index"":2,""viewing_time"":44122},{""page_index"":3,""viewing_time"":18374}]",A3CTRPYM593S4J,3W92K5RLWUHPIQGSB9CSB5O1NAOV5Z,41
829,28947,275244,instructions,"[{""page_index"":0,""viewing_time"":25096},{""page_index"":1,""viewing_time"":1486},{""page_index"":2,""viewing_time"":1450},{""page_index"":3,""viewing_time"":914}]",A3CTRPYM593S4J,3W92K5RLWUHPIQGSB9CSB5O1NAOV5Z,41
831,26677,320795,instructions,"[{""page_index"":0,""viewing_time"":8246},{""page_index"":1,""viewing_time"":4365},{""page_index"":2,""viewing_time"":10136},{""page_index"":3,""viewing_time"":3929}]",A3CTRPYM593S4J,3W92K5RLWUHPIQGSB9CSB5O1NAOV5Z,41
833,24513,410590,instructions,"[{""page_index"":0,""viewing_time"":2248},{""page_index"":1,""viewing_time"":1226},{""page_index"":2,""viewing_time"":14389},{""page_index"":3,""viewing_time"":6649}]",A3CTRPYM593S4J,3W92K5RLWUHPIQGSB9CSB5O1NAOV5Z,41
844,103595,103597,instructions,"[{""page_index"":0,""viewing_time"":46486},{""page_index"":1,""viewing_time"":43132},{""page_index"":2,""viewing_time"":13976}]",A3E3OELJKHW58C,3TVRFO09GKFVO4O83BTHGFHJPBWXLS,42
846,8524,149003,instructions,"[{""page_index"":0,""viewing_time"":2865},{""page_index"":1,""viewing_time"":2729},{""page_index"":2,""viewing_time"":2930}]",A3E3OELJKHW58C,3TVRFO09GKFVO4O83BTHGFHJPBWXLS,42
848,34549,223132,instructions,"[{""page_index"":0,""viewing_time"":27764},{""page_index"":1,""viewing_time"":4849},{""page_index"":2,""viewing_time"":1936}]",A3E3OELJKHW58C,3TVRFO09GKFVO4O83BTHGFHJPBWXLS,42
850,23101,283099,instructions,"[{""page_index"":0,""viewing_time"":4498},{""page_index"":1,""viewing_time"":10027},{""page_index"":2,""viewing_time"":8575}]",A3E3OELJKHW58C,3TVRFO09GKFVO4O83BTHGFHJPBWXLS,42
852,5575,306198,instructions,"[{""page_index"":0,""viewing_time"":1790},{""page_index"":1,""viewing_time"":1152},{""page_index"":2,""viewing_time"":2633}]",A3E3OELJKHW58C,3TVRFO09GKFVO4O83BTHGFHJPBWXLS,42
863,231957,231960,instructions,"[{""page_index"":0,""viewing_time"":62314},{""page_index"":1,""viewing_time"":71615},{""page_index"":2,""viewing_time"":73884},{""page_index"":3,""viewing_time"":24140}]",A3HVFSD8K94SOR,3TS1AR6UQQEF9X8LZNMLR3ZBQMW7F3,43
865,110547,465568,instructions,"[{""page_index"":0,""viewing_time"":34877},{""page_index"":1,""viewing_time"":24392},{""page_index"":2,""viewing_time"":19840},{""page_index"":3,""viewing_time"":31435}]",A3HVFSD8K94SOR,3TS1AR6UQQEF9X8LZNMLR3ZBQMW7F3,43
867,78375,846731,instructions,"[{""page_index"":0,""viewing_time"":5917},{""page_index"":1,""viewing_time"":5490},{""page_index"":0,""viewing_time"":46468},{""page_index"":1,""viewing_time"":2962},{""page_index"":2,""viewing_time"":13037},{""page_index"":3,""viewing_time"":4498}]",A3HVFSD8K94SOR,3TS1AR6UQQEF9X8LZNMLR3ZBQMW7F3,43
878,119291,119294,instructions,"[{""page_index"":0,""viewing_time"":29689},{""page_index"":1,""viewing_time"":1669},{""page_index"":2,""viewing_time"":916},{""page_index"":1,""viewing_time"":3863},{""page_index"":0,""viewing_time"":5613},{""page_index"":1,""viewing_time"":2658},{""page_index"":2,""viewing_time"":2748},{""page_index"":1,""viewing_time"":2045},{""page_index"":0,""viewing_time"":2561},{""page_index"":1,""viewing_time"":35536},{""page_index"":2,""viewing_time"":31990}]",A3I3JQX0P2F0K3,31Z0PCVWUKFPS2QMU7RA87ECHV47TB,44
880,72460,305825,instructions,"[{""page_index"":0,""viewing_time"":41915},{""page_index"":1,""viewing_time"":16943},{""page_index"":2,""viewing_time"":13601}]",A3I3JQX0P2F0K3,31Z0PCVWUKFPS2QMU7RA87ECHV47TB,44
882,34665,439843,instructions,"[{""page_index"":0,""viewing_time"":9210},{""page_index"":1,""viewing_time"":23437},{""page_index"":2,""viewing_time"":2017}]",A3I3JQX0P2F0K3,31Z0PCVWUKFPS2QMU7RA87ECHV47TB,44
884,52844,533394,instructions,"[{""page_index"":0,""viewing_time"":2050},{""page_index"":1,""viewing_time"":1345},{""page_index"":2,""viewing_time"":8614},{""page_index"":1,""viewing_time"":12735},{""page_index"":0,""viewing_time"":24961},{""page_index"":1,""viewing_time"":1503},{""page_index"":2,""viewing_time"":1635}]",A3I3JQX0P2F0K3,31Z0PCVWUKFPS2QMU7RA87ECHV47TB,44
895,56027,56030,instructions,"[{""page_index"":0,""viewing_time"":17308},{""page_index"":1,""viewing_time"":17925},{""page_index"":2,""viewing_time"":13127},{""page_index"":3,""viewing_time"":7665}]",A3JTMXHPNCUFNX,3ERMJ6L4DYSLF702LAQYMTJKNN87MA,45
897,29915,120311,instructions,"[{""page_index"":0,""viewing_time"":10536},{""page_index"":1,""viewing_time"":9238},{""page_index"":2,""viewing_time"":6080},{""page_index"":3,""viewing_time"":4059}]",A3JTMXHPNCUFNX,3ERMJ6L4DYSLF702LAQYMTJKNN87MA,45
899,41442,185355,instructions,"[{""page_index"":0,""viewing_time"":17824},{""page_index"":1,""viewing_time"":14810},{""page_index"":2,""viewing_time"":5519},{""page_index"":3,""viewing_time"":3288}]",A3JTMXHPNCUFNX,3ERMJ6L4DYSLF702LAQYMTJKNN87MA,45
901,4612,209683,instructions,"[{""page_index"":0,""viewing_time"":1395},{""page_index"":1,""viewing_time"":1256},{""page_index"":2,""viewing_time"":880},{""page_index"":3,""viewing_time"":1080}]",A3JTMXHPNCUFNX,3ERMJ6L4DYSLF702LAQYMTJKNN87MA,45
903,28013,255811,instructions,"[{""page_index"":0,""viewing_time"":6004},{""page_index"":1,""viewing_time"":10144},{""page_index"":2,""viewing_time"":8913},{""page_index"":3,""viewing_time"":2951}]",A3JTMXHPNCUFNX,3ERMJ6L4DYSLF702LAQYMTJKNN87MA,45
905,4030,279731,instructions,"[{""page_index"":0,""viewing_time"":1773},{""page_index"":1,""viewing_time"":864},{""page_index"":2,""viewing_time"":640},{""page_index"":3,""viewing_time"":752}]",A3JTMXHPNCUFNX,3ERMJ6L4DYSLF702LAQYMTJKNN87MA,45
907,3174,297131,instructions,"[{""page_index"":0,""viewing_time"":1045},{""page_index"":1,""viewing_time"":785},{""page_index"":2,""viewing_time"":631},{""page_index"":3,""viewing_time"":712}]",A3JTMXHPNCUFNX,3ERMJ6L4DYSLF702LAQYMTJKNN87MA,45
909,13293,322930,instructions,"[{""page_index"":0,""viewing_time"":10934},{""page_index"":1,""viewing_time"":1000},{""page_index"":2,""viewing_time"":559},{""page_index"":3,""viewing_time"":799}]",A3JTMXHPNCUFNX,3ERMJ6L4DYSLF702LAQYMTJKNN87MA,45
920,93510,93512,instructions,"[{""page_index"":0,""viewing_time"":12291},{""page_index"":1,""viewing_time"":34593},{""page_index"":2,""viewing_time"":46624}]",A3PDHDQZZKCTT5,3EG49X351UCD5JL1G7NFRWZMZG7X6K,46
931,144618,144620,instructions,"[{""page_index"":0,""viewing_time"":37607},{""page_index"":1,""viewing_time"":60870},{""page_index"":2,""viewing_time"":30982},{""page_index"":3,""viewing_time"":15158}]",A3R1O5UC9QJGKY,3Z4XG4ZF48R09X4P9MKDBAVD5BXX86,47
933,26344,208313,instructions,"[{""page_index"":0,""viewing_time"":8076},{""page_index"":1,""viewing_time"":4237},{""page_index"":2,""viewing_time"":8874},{""page_index"":3,""viewing_time"":5156}]",A3R1O5UC9QJGKY,3Z4XG4ZF48R09X4P9MKDBAVD5BXX86,47
935,12177,246169,instructions,"[{""page_index"":0,""viewing_time"":3720},{""page_index"":1,""viewing_time"":1627},{""page_index"":2,""viewing_time"":2146},{""page_index"":3,""viewing_time"":4683}]",A3R1O5UC9QJGKY,3Z4XG4ZF48R09X4P9MKDBAVD5BXX86,47
937,8548,285281,instructions,"[{""page_index"":0,""viewing_time"":4145},{""page_index"":1,""viewing_time"":1580},{""page_index"":2,""viewing_time"":1295},{""page_index"":3,""viewing_time"":1527}]",A3R1O5UC9QJGKY,3Z4XG4ZF48R09X4P9MKDBAVD5BXX86,47
939,25963,331811,instructions,"[{""page_index"":0,""viewing_time"":10513},{""page_index"":1,""viewing_time"":2612},{""page_index"":2,""viewing_time"":11156},{""page_index"":3,""viewing_time"":1681}]",A3R1O5UC9QJGKY,3Z4XG4ZF48R09X4P9MKDBAVD5BXX86,47
941,5978,355331,instructions,"[{""page_index"":0,""viewing_time"":1339},{""page_index"":1,""viewing_time"":1548},{""page_index"":2,""viewing_time"":1770},{""page_index"":3,""viewing_time"":1320}]",A3R1O5UC9QJGKY,3Z4XG4ZF48R09X4P9MKDBAVD5BXX86,47
943,7032,373831,instructions,"[{""page_index"":0,""viewing_time"":1328},{""page_index"":1,""viewing_time"":1328},{""page_index"":2,""viewing_time"":1300},{""page_index"":3,""viewing_time"":3076}]",A3R1O5UC9QJGKY,3Z4XG4ZF48R09X4P9MKDBAVD5BXX86,47
945,45632,432208,instructions,"[{""page_index"":0,""viewing_time"":28966},{""page_index"":1,""viewing_time"":7608},{""page_index"":2,""viewing_time"":6242},{""page_index"":3,""viewing_time"":2816}]",A3R1O5UC9QJGKY,3Z4XG4ZF48R09X4P9MKDBAVD5BXX86,47
956,80868,80869,instructions,"[{""page_index"":0,""viewing_time"":20691},{""page_index"":1,""viewing_time"":28584},{""page_index"":2,""viewing_time"":16531},{""page_index"":3,""viewing_time"":15061}]",A3RUUTINBKU8YE,3J2UYBXQQLC58TFQDVY8IICBP9N06T,48
967,72103,72104,instructions,"[{""page_index"":0,""viewing_time"":18386},{""page_index"":1,""viewing_time"":37605},{""page_index"":2,""viewing_time"":7675},{""page_index"":3,""viewing_time"":8435}]",A3SDFAOJW87FGP,38F5OAUN5NCZNTZRUDALUOBO6197H1,49
969,57724,182589,instructions,"[{""page_index"":0,""viewing_time"":20117},{""page_index"":1,""viewing_time"":12457},{""page_index"":2,""viewing_time"":12133},{""page_index"":3,""viewing_time"":13016}]",A3SDFAOJW87FGP,38F5OAUN5NCZNTZRUDALUOBO6197H1,49
971,51628,357348,instructions,"[{""page_index"":0,""viewing_time"":13047},{""page_index"":1,""viewing_time"":15786},{""page_index"":2,""viewing_time"":10738},{""page_index"":3,""viewing_time"":12055}]",A3SDFAOJW87FGP,38F5OAUN5NCZNTZRUDALUOBO6197H1,49
973,22970,450581,instructions,"[{""page_index"":0,""viewing_time"":15792},{""page_index"":1,""viewing_time"":2802},{""page_index"":2,""viewing_time"":1982},{""page_index"":3,""viewing_time"":2394}]",A3SDFAOJW87FGP,38F5OAUN5NCZNTZRUDALUOBO6197H1,49
984,162679,162680,instructions,"[{""page_index"":0,""viewing_time"":46666},{""page_index"":1,""viewing_time"":66724},{""page_index"":2,""viewing_time"":28180},{""page_index"":3,""viewing_time"":21108}]",A3U5CRG5S8I800,3VZLGYJEYLAFTT5CICKQOUSH4K4ZXD,50
995,9352,9354,instructions,"[{""page_index"":0,""viewing_time"":3438},{""page_index"":1,""viewing_time"":2965},{""page_index"":2,""viewing_time"":1741},{""page_index"":3,""viewing_time"":1206}]",A4IEHQI7RBRDX,3XIQGXAUMC8W9JZ6ZHS7XAZIURS7XU,51
997,105144,148628,instructions,"[{""page_index"":0,""viewing_time"":41459},{""page_index"":1,""viewing_time"":34017},{""page_index"":2,""viewing_time"":16902},{""page_index"":3,""viewing_time"":12764}]",A4IEHQI7RBRDX,3XIQGXAUMC8W9JZ6ZHS7XAZIURS7XU,51
999,4127,224429,instructions,"[{""page_index"":0,""viewing_time"":1609},{""page_index"":1,""viewing_time"":940},{""page_index"":2,""viewing_time"":648},{""page_index"":3,""viewing_time"":930}]",A4IEHQI7RBRDX,3XIQGXAUMC8W9JZ6ZHS7XAZIURS7XU,51
1001,5011,247640,instructions,"[{""page_index"":0,""viewing_time"":1369},{""page_index"":1,""viewing_time"":796},{""page_index"":2,""viewing_time"":852},{""page_index"":3,""viewing_time"":1994}]",A4IEHQI7RBRDX,3XIQGXAUMC8W9JZ6ZHS7XAZIURS7XU,51
1003,4809,286594,instructions,"[{""page_index"":0,""viewing_time"":1621},{""page_index"":1,""viewing_time"":766},{""page_index"":2,""viewing_time"":890},{""page_index"":3,""viewing_time"":1532}]",A4IEHQI7RBRDX,3XIQGXAUMC8W9JZ6ZHS7XAZIURS7XU,51
1005,16445,322072,instructions,"[{""page_index"":0,""viewing_time"":13623},{""page_index"":1,""viewing_time"":1250},{""page_index"":2,""viewing_time"":650},{""page_index"":3,""viewing_time"":922}]",A4IEHQI7RBRDX,3XIQGXAUMC8W9JZ6ZHS7XAZIURS7XU,51
1007,3694,343065,instructions,"[{""page_index"":0,""viewing_time"":1309},{""page_index"":1,""viewing_time"":742},{""page_index"":2,""viewing_time"":524},{""page_index"":3,""viewing_time"":1118}]",A4IEHQI7RBRDX,3XIQGXAUMC8W9JZ6ZHS7XAZIURS7XU,51
1009,546550,917050,instructions,"[{""page_index"":0,""viewing_time"":501516},{""page_index"":1,""viewing_time"":27553},{""page_index"":2,""viewing_time"":8515},{""page_index"":3,""viewing_time"":8965}]",A4IEHQI7RBRDX,3XIQGXAUMC8W9JZ6ZHS7XAZIURS7XU,51
1011,4146,952110,instructions,"[{""page_index"":0,""viewing_time"":1561},{""page_index"":1,""viewing_time"":819},{""page_index"":2,""viewing_time"":562},{""page_index"":3,""viewing_time"":1204}]",A4IEHQI7RBRDX,3XIQGXAUMC8W9JZ6ZHS7XAZIURS7XU,51
1013,4059,977871,instructions,"[{""page_index"":0,""viewing_time"":1580},{""page_index"":1,""viewing_time"":720},{""page_index"":2,""viewing_time"":702},{""page_index"":3,""viewing_time"":1056}]",A4IEHQI7RBRDX,3XIQGXAUMC8W9JZ6ZHS7XAZIURS7XU,51
1015,223259,1223686,instructions,"[{""page_index"":0,""viewing_time"":186134},{""page_index"":1,""viewing_time"":8830},{""page_index"":2,""viewing_time"":15460},{""page_index"":3,""viewing_time"":12833}]",A4IEHQI7RBRDX,3XIQGXAUMC8W9JZ6ZHS7XAZIURS7XU,51
1017,66219,1351361,instructions,"[{""page_index"":0,""viewing_time"":24823},{""page_index"":1,""viewing_time"":24192},{""page_index"":2,""viewing_time"":5922},{""page_index"":3,""viewing_time"":11281}]",A4IEHQI7RBRDX,3XIQGXAUMC8W9JZ6ZHS7XAZIURS7XU,51
1019,3849,1384627,instructions,"[{""page_index"":0,""viewing_time"":1547},{""page_index"":1,""viewing_time"":715},{""page_index"":2,""viewing_time"":508},{""page_index"":3,""viewing_time"":1078}]",A4IEHQI7RBRDX,3XIQGXAUMC8W9JZ6ZHS7XAZIURS7XU,51
1021,4668,1401949,instructions,"[{""page_index"":0,""viewing_time"":1595},{""page_index"":1,""viewing_time"":1142},{""page_index"":2,""viewing_time"":906},{""page_index"":3,""viewing_time"":1024}]",A4IEHQI7RBRDX,3XIQGXAUMC8W9JZ6ZHS7XAZIURS7XU,51
1023,60340,1476005,instructions,"[{""page_index"":0,""viewing_time"":44443},{""page_index"":1,""viewing_time"":5673},{""page_index"":2,""viewing_time"":8207},{""page_index"":3,""viewing_time"":2016}]",A4IEHQI7RBRDX,3XIQGXAUMC8W9JZ6ZHS7XAZIURS7XU,51
1025,20623,1521043,instructions,"[{""page_index"":0,""viewing_time"":10334},{""page_index"":1,""viewing_time"":7662},{""page_index"":2,""viewing_time"":1046},{""page_index"":3,""viewing_time"":1581}]",A4IEHQI7RBRDX,3XIQGXAUMC8W9JZ6ZHS7XAZIURS7XU,51
1027,5229,1546109,instructions,"[{""page_index"":0,""viewing_time"":2132},{""page_index"":1,""viewing_time"":938},{""page_index"":2,""viewing_time"":893},{""page_index"":3,""viewing_time"":1266}]",A4IEHQI7RBRDX,3XIQGXAUMC8W9JZ6ZHS7XAZIURS7XU,51
1029,13673,1580364,instructions,"[{""page_index"":0,""viewing_time"":10452},{""page_index"":1,""viewing_time"":1296},{""page_index"":2,""viewing_time"":970},{""page_index"":3,""viewing_time"":954}]",A4IEHQI7RBRDX,3XIQGXAUMC8W9JZ6ZHS7XAZIURS7XU,51
1040,141244,141245,instructions,"[{""page_index"":0,""viewing_time"":37830},{""page_index"":1,""viewing_time"":46453},{""page_index"":2,""viewing_time"":37928},{""page_index"":3,""viewing_time"":19031}]",A6JOC24PSUEEC,3HWRJOOET529MHSHSF0Q4CA71ZTSES,52
1042,19728,213417,instructions,"[{""page_index"":0,""viewing_time"":4446},{""page_index"":1,""viewing_time"":6056},{""page_index"":2,""viewing_time"":5952},{""page_index"":3,""viewing_time"":3273}]",A6JOC24PSUEEC,3HWRJOOET529MHSHSF0Q4CA71ZTSES,52
1044,25310,263580,instructions,"[{""page_index"":0,""viewing_time"":3276},{""page_index"":1,""viewing_time"":8046},{""page_index"":2,""viewing_time"":7543},{""page_index"":3,""viewing_time"":6444}]",A6JOC24PSUEEC,3HWRJOOET529MHSHSF0Q4CA71ZTSES,52
1046,58361,345372,instructions,"[{""page_index"":0,""viewing_time"":41512},{""page_index"":1,""viewing_time"":7416},{""page_index"":2,""viewing_time"":4072},{""page_index"":3,""viewing_time"":5361}]",A6JOC24PSUEEC,3HWRJOOET529MHSHSF0Q4CA71ZTSES,52
1048,43971,408181,instructions,"[{""page_index"":0,""viewing_time"":20016},{""page_index"":1,""viewing_time"":10167},{""page_index"":2,""viewing_time"":7334},{""page_index"":3,""viewing_time"":6453}]",A6JOC24PSUEEC,3HWRJOOET529MHSHSF0Q4CA71ZTSES,52
1050,10442,450299,instructions,"[{""page_index"":0,""viewing_time"":5857},{""page_index"":1,""viewing_time"":2925},{""page_index"":2,""viewing_time"":1034},{""page_index"":3,""viewing_time"":625}]",A6JOC24PSUEEC,3HWRJOOET529MHSHSF0Q4CA71ZTSES,52
1061,94533,94533,instructions,"[{""page_index"":0,""viewing_time"":45639},{""page_index"":1,""viewing_time"":31358},{""page_index"":2,""viewing_time"":17526}]",A9BRH899F1PW7,3DY46V3X3PI8KW1D5IUF77U2AMN553,53
1072,68041,68041,instructions,"[{""page_index"":0,""viewing_time"":20123},{""page_index"":1,""viewing_time"":27288},{""page_index"":2,""viewing_time"":11653},{""page_index"":3,""viewing_time"":8975}]",AEF74ZYJTTEIA,3X73LLYYQ1EOQEREAKRAQLXE6GEHNM,54
1074,56897,158561,instructions,"[{""page_index"":0,""viewing_time"":14298},{""page_index"":1,""viewing_time"":10223},{""page_index"":2,""viewing_time"":6913},{""page_index"":3,""viewing_time"":4580},{""page_index"":2,""viewing_time"":258},{""page_index"":1,""viewing_time"":3922},{""page_index"":0,""viewing_time"":12972},{""page_index"":1,""viewing_time"":3074},{""page_index"":2,""viewing_time"":368},{""page_index"":3,""viewing_time"":289}]",AEF74ZYJTTEIA,3X73LLYYQ1EOQEREAKRAQLXE6GEHNM,54
1076,69586,251920,instructions,"[{""page_index"":0,""viewing_time"":39568},{""page_index"":1,""viewing_time"":8101},{""page_index"":2,""viewing_time"":5049},{""page_index"":1,""viewing_time"":210},{""page_index"":0,""viewing_time"":6191},{""page_index"":1,""viewing_time"":4863},{""page_index"":2,""viewing_time"":250},{""page_index"":3,""viewing_time"":5353}]",AEF74ZYJTTEIA,3X73LLYYQ1EOQEREAKRAQLXE6GEHNM,54
1087,174184,174186,instructions,"[{""page_index"":0,""viewing_time"":55267},{""page_index"":1,""viewing_time"":59548},{""page_index"":2,""viewing_time"":27320},{""page_index"":3,""viewing_time"":32048}]",ALDQRWYZ8KQ9A,3QL2OFSM96IX96GYOSD9FU0YTO9CN8,55
1089,49716,291304,instructions,"[{""page_index"":0,""viewing_time"":40980},{""page_index"":1,""viewing_time"":4960},{""page_index"":2,""viewing_time"":2543},{""page_index"":3,""viewing_time"":1232}]",ALDQRWYZ8KQ9A,3QL2OFSM96IX96GYOSD9FU0YTO9CN8,55
1100,168244,168245,instructions,"[{""page_index"":0,""viewing_time"":25127},{""page_index"":1,""viewing_time"":30253},{""page_index"":2,""viewing_time"":53576},{""page_index"":1,""viewing_time"":20900},{""page_index"":2,""viewing_time"":6964},{""page_index"":3,""viewing_time"":31422}]",AP6MF3NZVUW5C,3VHHR074H3H19PIHLYPJMG4VNII7L8,56
1102,55615,287517,instructions,"[{""page_index"":0,""viewing_time"":11792},{""page_index"":1,""viewing_time"":18497},{""page_index"":2,""viewing_time"":22223},{""page_index"":3,""viewing_time"":3102}]",AP6MF3NZVUW5C,3VHHR074H3H19PIHLYPJMG4VNII7L8,56
1113,187744,187744,instructions,"[{""page_index"":0,""viewing_time"":59812},{""page_index"":1,""viewing_time"":64508},{""page_index"":2,""viewing_time"":38214},{""page_index"":3,""viewing_time"":25209}]",AQC0SZA1E9QO7,3CCZ6YKWR7JRLJ3P887WJNZ4WI659U,57
1115,61019,314422,instructions,"[{""page_index"":0,""viewing_time"":16951},{""page_index"":1,""viewing_time"":24777},{""page_index"":2,""viewing_time"":11432},{""page_index"":3,""viewing_time"":7859}]",AQC0SZA1E9QO7,3CCZ6YKWR7JRLJ3P887WJNZ4WI659U,57
1126,116828,116830,instructions,"[{""page_index"":0,""viewing_time"":46921},{""page_index"":1,""viewing_time"":35648},{""page_index"":2,""viewing_time"":21643},{""page_index"":3,""viewing_time"":12614}]",AS5P5QIEGUD5X,3IFS6Q0HJIJL2MU3OYQHPR8ZTS0SI1,58
1128,41140,193805,instructions,"[{""page_index"":0,""viewing_time"":3619},{""page_index"":1,""viewing_time"":2215},{""page_index"":2,""viewing_time"":12344},{""page_index"":1,""viewing_time"":11434},{""page_index"":2,""viewing_time"":6269},{""page_index"":3,""viewing_time"":5257}]",AS5P5QIEGUD5X,3IFS6Q0HJIJL2MU3OYQHPR8ZTS0SI1,58
1130,23311,244358,instructions,"[{""page_index"":0,""viewing_time"":19501},{""page_index"":1,""viewing_time"":1246},{""page_index"":2,""viewing_time"":1192},{""page_index"":3,""viewing_time"":1370}]",AS5P5QIEGUD5X,3IFS6Q0HJIJL2MU3OYQHPR8ZTS0SI1,58
1132,7337,271919,instructions,"[{""page_index"":0,""viewing_time"":1540},{""page_index"":1,""viewing_time"":813},{""page_index"":2,""viewing_time"":672},{""page_index"":3,""viewing_time"":4312}]",AS5P5QIEGUD5X,3IFS6Q0HJIJL2MU3OYQHPR8ZTS0SI1,58
1134,21354,329939,instructions,"[{""page_index"":0,""viewing_time"":16619},{""page_index"":1,""viewing_time"":2024},{""page_index"":2,""viewing_time"":1521},{""page_index"":3,""viewing_time"":1189}]",AS5P5QIEGUD5X,3IFS6Q0HJIJL2MU3OYQHPR8ZTS0SI1,58
1136,50906,402509,instructions,"[{""page_index"":0,""viewing_time"":32285},{""page_index"":1,""viewing_time"":6120},{""page_index"":2,""viewing_time"":6574},{""page_index"":3,""viewing_time"":1950},{""page_index"":2,""viewing_time"":3295},{""page_index"":3,""viewing_time"":681}]",AS5P5QIEGUD5X,3IFS6Q0HJIJL2MU3OYQHPR8ZTS0SI1,58
1147,27856,27858,instructions,"[{""page_index"":0,""viewing_time"":11264},{""page_index"":1,""viewing_time"":5952},{""page_index"":2,""viewing_time"":3942},{""page_index"":3,""viewing_time"":6698}]",ASV53ZC7ILJ7B,33SA9F9TRXU2TY9QCKAR11DS7CQEWU,59
1149,41617,99304,instructions,"[{""page_index"":0,""viewing_time"":9572},{""page_index"":1,""viewing_time"":7097},{""page_index"":2,""viewing_time"":13614},{""page_index"":3,""viewing_time"":11334}]",ASV53ZC7ILJ7B,33SA9F9TRXU2TY9QCKAR11DS7CQEWU,59
1151,53774,177539,instructions,"[{""page_index"":0,""viewing_time"":10187},{""page_index"":1,""viewing_time"":20517},{""page_index"":2,""viewing_time"":10664},{""page_index"":3,""viewing_time"":12406}]",ASV53ZC7ILJ7B,33SA9F9TRXU2TY9QCKAR11DS7CQEWU,59
1153,18279,231127,instructions,"[{""page_index"":0,""viewing_time"":2607},{""page_index"":1,""viewing_time"":2948},{""page_index"":2,""viewing_time"":6938},{""page_index"":3,""viewing_time"":5786}]",ASV53ZC7ILJ7B,33SA9F9TRXU2TY9QCKAR11DS7CQEWU,59
1155,34773,287053,instructions,"[{""page_index"":0,""viewing_time"":24583},{""page_index"":1,""viewing_time"":6496},{""page_index"":2,""viewing_time"":1748},{""page_index"":3,""viewing_time"":1946}]",ASV53ZC7ILJ7B,33SA9F9TRXU2TY9QCKAR11DS7CQEWU,59
1166,75683,75684,instructions,"[{""page_index"":0,""viewing_time"":27469},{""page_index"":1,""viewing_time"":34069},{""page_index"":2,""viewing_time"":14144}]",AVC62JNYAXA45,382M9COHEHFP1UKLHKVQJDSVMWFEUV,60
