,actionTimes,actions,clickTimes,clicks,condition,delays,infoCost,minTime,path,rt,score,time_elapsed,trialID,trialIndex,trial_type,worker_id,assignment_id,pid,feedback
4,"[7031, 19181, 22357]","[u'down', u'down', u'right']",[],[],0.0,"[8, 0, 1]",1.6,45.0,"[1, 5, 9, 17]","[7031, 3245, 2436]",10.0,343524,0.0,1.0,graph,A12O9P1OTMJOPW,3W92K5RLWUHPIQGSB9CSB5O1OFUV5G,0,True
5,"[7282, 24345, 27786]","[u'down', u'down', u'left']",[],[],0.0,"[8, 0, 1]",1.6,45.0,"[1, 5, 9, 16]","[7282, 8161, 2634]",14.0,402477,4.0,2.0,graph,A12O9P1OTMJOPW,3W92K5RLWUHPIQGSB9CSB5O1OFUV5G,0,True
6,"[1852, 11501, 15371]","[u'up', u'up', u'right']",[],[],0.0,"[8, 0, 1]",1.6,45.0,"[1, 3, 7, 13]","[1851, 605, 3093]",13.0,461740,2.0,3.0,graph,A12O9P1OTMJOPW,3W92K5RLWUHPIQGSB9CSB5O1OFUV5G,0,True
7,"[2857, 13026, 15146]","[u'right', u'right', u'up']",[],[],0.0,"[8, 0, 1]",1.6,45.0,"[1, 2, 6, 10]","[2857, 1165, 1327]",8.0,519419,1.0,4.0,graph,A12O9P1OTMJOPW,3W92K5RLWUHPIQGSB9CSB5O1OFUV5G,0,True
8,"[17215, 27920, 29479]","[u'right', u'right', u'up']","[2822, 5309, 6163, 6991, 11051, 14558]","[u'4', u'5', u'2', u'3', u'10', u'11']",0.0,"[8, 0, 1]",1.6,45.0,"[1, 2, 6, 10]","[17215, 497, 845]",12.4,577619,7.0,5.0,graph,A12O9P1OTMJOPW,3W92K5RLWUHPIQGSB9CSB5O1OFUV5G,0,True
9,"[12655, 22870, 24670]","[u'left', u'left', u'down']","[5708, 7556, 9365, 10350]","[u'5', u'4', u'15', u'14']",0.0,"[8, 0, 1]",1.6,45.0,"[1, 4, 8, 15]","[12654, 543, 1044]",21.6,635395,6.0,6.0,graph,A12O9P1OTMJOPW,3W92K5RLWUHPIQGSB9CSB5O1OFUV5G,0,True
10,"[20888, 31432, 33048]","[u'right', u'right', u'up']","[5583, 10566, 11671, 17313, 18777]","[u'3', u'12', u'13', u'2', u'10']",0.0,"[8, 0, 1]",1.6,45.0,"[1, 2, 6, 10]","[20888, 731, 807]",26.0,694860,3.0,7.0,graph,A12O9P1OTMJOPW,3W92K5RLWUHPIQGSB9CSB5O1OFUV5G,0,True
11,"[16234, 26978, 29082]","[u'down', u'down', u'left']","[3367, 6983, 8066, 9439, 10950, 11849]","[u'2', u'10', u'11', u'5', u'17', u'16']",0.0,"[8, 0, 1]",1.6,45.0,"[1, 5, 9, 16]","[16234, 706, 1327]",6.4,754155,5.0,8.0,graph,A12O9P1OTMJOPW,3W92K5RLWUHPIQGSB9CSB5O1OFUV5G,0,True
15,"[9055, 24390, 30885]","[u'up', u'up', u'left']",[],[],0.0,"[8, 0, 1]",1.6,45.0,"[1, 3, 7, 12]","[9055, 6142, 5575]",23.0,176111,4.0,1.0,graph,A1F7TXGSWETWX0,3GS6S824SQX6N4M35JDARO71M9WWNH,1,True
16,"[3804, 16156, 22436]","[u'down', u'down', u'right']",[],[],0.0,"[8, 0, 1]",1.6,45.0,"[1, 5, 9, 17]","[3803, 3168, 5337]",10.0,236663,1.0,2.0,graph,A1F7TXGSWETWX0,3GS6S824SQX6N4M35JDARO71M9WWNH,1,True
17,"[1164, 10964, 15916]","[u'left', u'left', u'up']",[],[],0.0,"[8, 0, 1]",1.6,45.0,"[1, 4, 8, 14]","[1164, 627, 4019]",40.0,293144,0.0,3.0,graph,A1F7TXGSWETWX0,3GS6S824SQX6N4M35JDARO71M9WWNH,1,True
18,"[840, 10848, 14288]","[u'right', u'right', u'down']",[],[],0.0,"[8, 0, 1]",1.6,45.0,"[1, 2, 6, 11]","[840, 833, 2520]",10.0,349983,7.0,4.0,graph,A1F7TXGSWETWX0,3GS6S824SQX6N4M35JDARO71M9WWNH,1,True
19,"[1387, 50068, 52163]","[u'up', u'up', u'left']",[],[],0.0,"[8, 0, 1]",1.6,45.0,"[1, 3, 7, 12]","[1387, 39506, 1175]",-1.0,410719,3.0,5.0,graph,A1F7TXGSWETWX0,3GS6S824SQX6N4M35JDARO71M9WWNH,1,True
20,"[1469, 11212, 12860]","[u'down', u'down', u'left']",[],[],0.0,"[8, 0, 1]",1.6,45.0,"[1, 5, 9, 16]","[1468, 576, 732]",4.0,468000,2.0,6.0,graph,A1F7TXGSWETWX0,3GS6S824SQX6N4M35JDARO71M9WWNH,1,True
21,"[1379, 11755, 22923]","[u'left', u'left', u'down']",[],[],0.0,"[8, 0, 1]",1.6,45.0,"[1, 4, 8, 15]","[1379, 1210, 10232]",4.0,537728,5.0,7.0,graph,A1F7TXGSWETWX0,3GS6S824SQX6N4M35JDARO71M9WWNH,1,True
22,"[3987, 25436, 29259]","[u'right', u'right', u'up']",[],[],0.0,"[8, 0, 1]",1.6,45.0,"[1, 2, 6, 10]","[3987, 12272, 2922]",16.0,596465,6.0,8.0,graph,A1F7TXGSWETWX0,3GS6S824SQX6N4M35JDARO71M9WWNH,1,True
30,"[3635, 15768, 28058]","[u'right', u'right', u'up']",[24617],[u'10'],0.0,"[8, 0, 1]",1.6,45.0,"[1, 2, 6, 10]","[3633, 2343, 11024]",32.4,616836,3.0,1.0,graph,A1GVMH6U54ZT8V,30OG32W0SUBC640CKJJ45I01F5RNES,2,True
31,"[2483, 13091, 18791]","[u'down', u'down', u'right']","[15709, 17506]","[u'17', u'16']",0.0,"[8, 0, 1]",1.6,45.0,"[1, 5, 9, 17]","[2482, 866, 4385]",38.8,685751,4.0,2.0,graph,A1GVMH6U54ZT8V,30OG32W0SUBC640CKJJ45I01F5RNES,2,True
32,"[8303, 18766, 24003]","[u'right', u'right', u'up']","[21526, 22640]","[u'10', u'11']",0.0,"[8, 0, 1]",1.6,45.0,"[1, 2, 6, 10]","[8303, 573, 3973]",30.8,742443,2.0,3.0,graph,A1GVMH6U54ZT8V,30OG32W0SUBC640CKJJ45I01F5RNES,2,True
33,"[5476, 16667, 22672]","[u'left', u'left', u'down']","[19877, 21253]","[u'14', u'15']",0.0,"[8, 0, 1]",1.6,45.0,"[1, 4, 8, 15]","[5475, 1381, 4732]",24.8,810514,6.0,4.0,graph,A1GVMH6U54ZT8V,30OG32W0SUBC640CKJJ45I01F5RNES,2,True
34,"[2242, 12696, 16746]","[u'up', u'up', u'right']","[14475, 15860]","[u'13', u'12']",0.0,"[8, 0, 1]",1.6,45.0,"[1, 3, 7, 13]","[2242, 692, 2648]",11.8,867263,0.0,5.0,graph,A1GVMH6U54ZT8V,30OG32W0SUBC640CKJJ45I01F5RNES,2,True
35,"[7727, 18241, 23629]","[u'down', u'down', u'right']","[21292, 22382]","[u'17', u'16']",0.0,"[8, 0, 1]",1.6,45.0,"[1, 5, 9, 17]","[7727, 763, 4033]",-1.2,952605,7.0,6.0,graph,A1GVMH6U54ZT8V,30OG32W0SUBC640CKJJ45I01F5RNES,2,True
36,"[15387, 33696, 38712]","[u'left', u'left', u'up']","[4019, 5191, 6825, 7820, 36415, 37600]","[u'3', u'2', u'5', u'4', u'15', u'14']",0.0,"[8, 0, 1]",1.6,45.0,"[1, 4, 8, 14]","[15387, 5809, 3805]",24.4,1021135,5.0,7.0,graph,A1GVMH6U54ZT8V,30OG32W0SUBC640CKJJ45I01F5RNES,2,True
37,"[5143, 19138, 28798]","[u'up', u'up', u'left']","[3222, 4276, 21304, 22451]","[u'3', u'4', u'13', u'12']",0.0,"[8, 0, 1]",1.6,45.0,"[1, 3, 7, 12]","[5143, 2482, 8344]",14.6,1124431,1.0,8.0,graph,A1GVMH6U54ZT8V,30OG32W0SUBC640CKJJ45I01F5RNES,2,True
41,"[4634, 15716, 23485]","[u'right', u'right', u'up']",[20357],[u'10'],0.0,"[8, 0, 1]",1.6,45.0,"[1, 2, 6, 10]","[4633, 1062, 6521]",32.4,242298,2.0,1.0,graph,A1MV2B8I02QVOE,3LPW2N6LKT2P5BRS6J2NFJMIA7KU5N,3,True
42,"[5030, 15410, 21174]","[u'right', u'right', u'up']","[19246, 20029]","[u'10', u'11']",0.0,"[8, 0, 1]",1.6,45.0,"[1, 2, 6, 10]","[5030, 570, 4421]",4.8,330872,1.0,2.0,graph,A1MV2B8I02QVOE,3LPW2N6LKT2P5BRS6J2NFJMIA7KU5N,3,True
43,"[5403, 18393, 76439]","[u'up', u'up', u'right']","[2017, 19824, 20672]","[u'3', u'13', u'12']",0.0,"[8, 0, 1]",1.6,45.0,"[1, 3, 7, 13]","[5403, 1966, 56806]",-3.8,414618,5.0,3.0,graph,A1MV2B8I02QVOE,3LPW2N6LKT2P5BRS6J2NFJMIA7KU5N,3,True
44,"[11414, 27689, 31483]","[u'left', u'left', u'down']","[2285, 3134, 3917, 4465, 5090, 6065, 6897, 29269, 30269]","[u'3', u'4', u'5', u'2', u'6', u'7', u'8', u'14', u'15']",0.0,"[8, 0, 1]",1.6,45.0,"[1, 4, 8, 15]","[11412, 1477, 2217]",13.6,495697,6.0,4.0,graph,A1MV2B8I02QVOE,3LPW2N6LKT2P5BRS6J2NFJMIA7KU5N,3,True
45,"[11472, 24948, 26406]","[u'left', u'left', u'up']","[5359, 6595, 7698, 8491, 9256, 10118]","[u'12', u'10', u'17', u'16', u'15', u'14']",0.0,"[8, 0, 1]",1.6,45.0,"[1, 4, 8, 14]","[11472, 562, 30]",8.4,560959,7.0,5.0,graph,A1MV2B8I02QVOE,3LPW2N6LKT2P5BRS6J2NFJMIA7KU5N,3,True
46,"[2140, 13495, 20934]","[u'down', u'down', u'right']","[17776, 18735]","[u'17', u'16']",0.0,"[8, 0, 1]",1.6,45.0,"[1, 5, 9, 17]","[2140, 1243, 6039]",6.8,617990,0.0,6.0,graph,A1MV2B8I02QVOE,3LPW2N6LKT2P5BRS6J2NFJMIA7KU5N,3,True
47,"[1838, 12934, 16277]","[u'left', u'left', u'down']","[14380, 15344]","[u'14', u'15']",0.0,"[8, 0, 1]",1.6,45.0,"[1, 4, 8, 15]","[1837, 1183, 2050]",22.8,681924,3.0,7.0,graph,A1MV2B8I02QVOE,3LPW2N6LKT2P5BRS6J2NFJMIA7KU5N,3,True
48,"[2085, 16095, 21973]","[u'up', u'up', u'left']","[19573, 20686]","[u'13', u'12']",0.0,"[8, 0, 1]",1.6,45.0,"[1, 3, 7, 12]","[2085, 2677, 2404]",19.8,743382,4.0,8.0,graph,A1MV2B8I02QVOE,3LPW2N6LKT2P5BRS6J2NFJMIA7KU5N,3,True
56,"[12411, 58550, 63508]","[u'down', u'down', u'right']","[1605, 2579, 3611, 5034, 5715, 6362, 67347, 68100]","[u'3', u'13', u'12', u'2', u'10', u'11', u'9', u'5']",2.0,"[27, 0, 0]",1.6,45.0,"[1, 5, 9, 17]","[12410, 15404, 3829]",-2.8,792792,1.0,1.0,graph,A1R3W25JDAUQ09,392CY0QWG1R201SSYXUZROSTGH34IN,4,True
57,"[8605, 39006, 42441]","[u'left', u'left', u'down']","[2127, 3270, 4254, 5229, 6350]","[u'2', u'4', u'8', u'15', u'14']",2.0,"[24, 0, 0]",1.6,45.0,"[1, 4, 8, 15]","[8603, 1873, 2400]",20.0,886806,6.0,2.0,graph,A1R3W25JDAUQ09,392CY0QWG1R201SSYXUZROSTGH34IN,4,True
58,"[15226, 39317, 40339]","[u'up', u'up', u'right']","[9912, 10986, 11906, 12666, 13442]","[u'2', u'3', u'7', u'13', u'12']",2.0,"[17, 0, 0]",1.6,45.0,"[1, 3, 7, 13]","[15226, 3554, 2]",7.0,979666,0.0,3.0,graph,A1R3W25JDAUQ09,392CY0QWG1R201SSYXUZROSTGH34IN,4,True
59,"[9078, 44974, 49314]","[u'left', u'left', u'up']","[2026, 3114, 3603, 4131, 5162, 6891, 7683, 46331, 47139]","[u'4', u'3', u'2', u'5', u'9', u'6', u'8', u'14', u'15']",2.0,"[12, 0, 0]",1.6,45.0,"[1, 4, 8, 14]","[9078, 18862, 3183]",-4.4,1175064,2.0,4.0,graph,A1R3W25JDAUQ09,392CY0QWG1R201SSYXUZROSTGH34IN,4,True
60,"[11010, 55200, 56253]","[u'right', u'right', u'up']","[2781, 3764, 4428, 5013, 5772, 6340, 7300, 7884, 8584]","[u'2', u'4', u'3', u'5', u'17', u'16', u'10', u'11', u'6']",2.0,"[39, 0, 0]",1.6,45.0,"[1, 2, 6, 10]","[11009, 33, 2]",19.6,1278096,3.0,5.0,graph,A1R3W25JDAUQ09,392CY0QWG1R201SSYXUZROSTGH34IN,4,True
61,"[6766, 22504, 23799]","[u'right', u'right', u'up']","[968, 1630, 2095, 2637, 3463, 4150, 4999]","[u'2', u'4', u'5', u'3', u'10', u'11', u'6']",2.0,"[11, 0, 0]",1.6,45.0,"[1, 2, 6, 10]","[6765, 28, 211]",10.8,1367462,7.0,6.0,graph,A1R3W25JDAUQ09,392CY0QWG1R201SSYXUZROSTGH34IN,4,True
62,"[8615, 72021, 73049]","[u'down', u'down', u'right']","[1948, 2482, 2956, 3972, 4690, 5291, 6548, 7163, 7651]","[u'2', u'4', u'3', u'14', u'15', u'5', u'17', u'16', u'9']",2.0,"[47, 0, 0]",1.6,45.0,"[1, 5, 9, 17]","[8613, 11690, 1]",27.6,1471733,4.0,7.0,graph,A1R3W25JDAUQ09,392CY0QWG1R201SSYXUZROSTGH34IN,4,True
63,"[8654, 53854, 54886]","[u'left', u'left', u'up']","[746, 1233, 1753, 2433, 3192, 3722, 6649, 7048]","[u'2', u'4', u'3', u'14', u'15', u'8', u'7', u'13']",2.0,"[37, 0, 0]",1.6,45.0,"[1, 4, 8, 14]","[8653, 3581, 15]",21.2,1560797,5.0,8.0,graph,A1R3W25JDAUQ09,392CY0QWG1R201SSYXUZROSTGH34IN,4,True
73,"[25175, 104093, 107669]","[u'right', u'right', u'up']","[7141, 10462, 12026, 12737, 13849, 15011, 15900, 18261, 21263, 21863]","[u'2', u'5', u'4', u'3', u'9', u'17', u'16', u'10', u'6', u'11']",2.0,"[42, 0, 0]",1.6,45.0,"[1, 2, 6, 10]","[25174, 34030, 2840]",18.0,525296,3.0,1.0,graph,A1RG8PCK9V4QP,3QAVNHZ3EM4JSRGFS113W76LPVUALJ,5,True
74,"[139200, 155079, 159847]","[u'right', u'right', u'up']","[134768, 135591, 136205, 136779, 151019, 152317, 152942]","[u'3', u'2', u'5', u'4', u'10', u'6', u'11']",2.0,"[9, 3, 0]",1.6,45.0,"[1, 2, 6, 10]","[139200, 4936, 850]",10.8,690863,7.0,2.0,graph,A1RG8PCK9V4QP,3QAVNHZ3EM4JSRGFS113W76LPVUALJ,5,True
75,"[15649, 44123, 46322]","[u'up', u'up', u'right']","[3944, 5994, 6756, 7294]","[u'3', u'12', u'13', u'7']",2.0,"[26, 0, 0]",1.6,45.0,"[1, 3, 7, 13]","[15649, 720, 1428]",14.6,765863,1.0,3.0,graph,A1RG8PCK9V4QP,3QAVNHZ3EM4JSRGFS113W76LPVUALJ,5,True
76,"[19422, 85021, 86774]","[u'right', u'right', u'up']","[3030, 3694, 4319, 4957, 6307, 6843, 7457, 8806, 9369, 10169, 11419, 12169, 12644, 13519, 13857, 14157]","[u'3', u'4', u'5', u'2', u'16', u'9', u'17', u'15', u'8', u'14', u'10', u'6', u'11', u'13', u'7', u'12']",2.0,"[61, 0, 0]",1.6,45.0,"[1, 2, 6, 10]","[19422, 1419, 1080]",8.4,878135,2.0,4.0,graph,A1RG8PCK9V4QP,3QAVNHZ3EM4JSRGFS113W76LPVUALJ,5,True
77,"[19150, 39560, 43934]","[u'up', u'up', u'left']","[3589, 4785, 6001, 6888, 30175, 31614, 38002]","[u'2', u'4', u'3', u'5', u'12', u'7', u'13']",2.0,"[8, 3, 0]",1.6,45.0,"[1, 3, 7, 12]","[19150, 10430, 412]",25.8,938415,6.0,5.0,graph,A1RG8PCK9V4QP,3QAVNHZ3EM4JSRGFS113W76LPVUALJ,5,True
78,"[17853, 34917, 39238]","[u'down', u'down', u'left']","[2210, 3160, 9974, 10722, 30660, 32085, 32834]","[u'4', u'3', u'2', u'5', u'9', u'16', u'17']",2.0,"[10, 3, 0]",1.6,45.0,"[1, 5, 9, 16]","[17853, 5116, 370]",-7.2,1003327,0.0,6.0,graph,A1RG8PCK9V4QP,3QAVNHZ3EM4JSRGFS113W76LPVUALJ,5,True
79,"[16565, 30757, 31885]","[u'down', u'down', u'right']","[7517, 8716, 10204, 11015, 12615, 29190]","[u'8', u'6', u'7', u'9', u'5', u'17']",2.0,"[10, 1, 0]",1.6,45.0,"[1, 5, 9, 17]","[16565, 2013, 228]",32.4,1064446,4.0,7.0,graph,A1RG8PCK9V4QP,3QAVNHZ3EM4JSRGFS113W76LPVUALJ,5,True
80,"[14815, 60104, 60951]","[u'left', u'left', u'up']","[3827, 5127, 6264, 7403, 8501, 9541, 10115, 11640, 12353, 13214]","[u'7', u'9', u'6', u'8', u'2', u'10', u'11', u'14', u'15', u'4']",2.0,"[41, 0, 0]",1.6,45.0,"[1, 4, 8, 14]","[14815, 1145, 120]",18.0,1157724,5.0,8.0,graph,A1RG8PCK9V4QP,3QAVNHZ3EM4JSRGFS113W76LPVUALJ,5,True
88,"[4510, 18247, 21008]","[u'down', u'down', u'left']",[],[],0.0,"[8, 0, 1]",1.6,45.0,"[1, 5, 9, 16]","[4508, 1294, 2]",14.0,260362,4.0,1.0,graph,A1RPQXFV02P72A,3UXUOQ9OKEXKD6RDO70TD2OKUBPA7A,6,True
89,"[4834, 18393, 23744]","[u'left', u'left', u'up']",[],[],0.0,"[8, 0, 1]",1.6,45.0,"[1, 4, 8, 14]","[4834, 1161, 2641]",18.0,326043,7.0,2.0,graph,A1RPQXFV02P72A,3UXUOQ9OKEXKD6RDO70TD2OKUBPA7A,6,True
90,"[3229, 16583, 26293]","[u'left', u'left', u'up']",[],[],0.0,"[8, 0, 1]",1.6,45.0,"[1, 4, 8, 14]","[3228, 971, 6959]",4.0,389251,1.0,3.0,graph,A1RPQXFV02P72A,3UXUOQ9OKEXKD6RDO70TD2OKUBPA7A,6,True
91,"[1271, 14468, 17440]","[u'right', u'right', u'down']",[],[],0.0,"[8, 0, 1]",1.6,45.0,"[1, 2, 6, 11]","[1271, 601, 2]",6.0,456091,5.0,4.0,graph,A1RPQXFV02P72A,3UXUOQ9OKEXKD6RDO70TD2OKUBPA7A,6,True
92,"[3238, 16747, 20970]","[u'down', u'down', u'left']",[],[],0.0,"[8, 0, 1]",1.6,45.0,"[1, 5, 9, 16]","[3238, 1058, 1382]",6.0,520851,3.0,5.0,graph,A1RPQXFV02P72A,3UXUOQ9OKEXKD6RDO70TD2OKUBPA7A,6,True
93,"[2284, 16295, 20726]","[u'up', u'up', u'right']",[],[],0.0,"[8, 0, 1]",1.6,45.0,"[1, 3, 7, 13]","[2283, 1328, 1660]",13.0,586581,2.0,6.0,graph,A1RPQXFV02P72A,3UXUOQ9OKEXKD6RDO70TD2OKUBPA7A,6,True
94,"[11243, 34202, 41905]","[u'down', u'down', u'right']","[1217, 4391, 6924, 9071, 37788, 39382]","[u'2', u'4', u'5', u'3', u'17', u'16']",0.0,"[8, 0, 1]",1.6,45.0,"[1, 5, 9, 17]","[11243, 963, 4637]",0.4,664805,0.0,7.0,graph,A1RPQXFV02P72A,3UXUOQ9OKEXKD6RDO70TD2OKUBPA7A,6,True
95,"[19065, 44029, 46861]","[u'up', u'up', u'left']","[1876, 5069, 6884, 9880, 11582, 12861, 14655, 17343]","[u'10', u'14', u'13', u'15', u'17', u'16', u'12', u'11']",0.0,"[8, 0, 1]",1.6,45.0,"[1, 3, 7, 12]","[19065, 676, 5]",24.2,739915,6.0,8.0,graph,A1RPQXFV02P72A,3UXUOQ9OKEXKD6RDO70TD2OKUBPA7A,6,True
103,"[7620, 20177, 26432]","[u'up', u'up', u'left']","[3573, 6440, 24680, 25848]","[u'2', u'3', u'12', u'13']",2.0,"[5, 0, 0]",1.6,45.0,"[1, 3, 7, 12]","[7620, 1135, 4063]",16.6,227693,4.0,1.0,graph,A1SL65Z68BK1UT,351SEKWQS0H1WG1CCNTKMLTGA3GMDY,7,True
104,"[8276, 17324, 22387]","[u'down', u'down', u'right']","[6543, 19529, 20227]","[u'5', u'16', u'17']",2.0,"[2, 0, 0]",1.6,45.0,"[1, 5, 9, 17]","[8276, 2016, 2870]",5.2,291794,0.0,2.0,graph,A1SL65Z68BK1UT,351SEKWQS0H1WG1CCNTKMLTGA3GMDY,7,True
105,"[19392, 34495, 36446]","[u'up', u'up', u'left']","[3864, 5358, 5978, 7037, 8322, 10343, 10962, 13872, 14591, 15052, 15665, 16424, 16802, 17144, 17568]","[u'4', u'14', u'15', u'6', u'2', u'11', u'10', u'5', u'9', u'17', u'16', u'3', u'7', u'12', u'13']",2.0,"[None, 0, 0]",1.6,45.0,"[1, 3, 7, 12]","[19391, 4, 163]",13.0,366372,6.0,3.0,graph,A1SL65Z68BK1UT,351SEKWQS0H1WG1CCNTKMLTGA3GMDY,7,True
106,"[8332, 51265, 53401]","[u'up', u'up', u'left']","[1563, 2322, 2738, 3405, 4838, 5339, 5911]","[u'3', u'5', u'2', u'4', u'12', u'13', u'7']",2.0,"[28, 0, 0]",1.6,45.0,"[1, 3, 7, 12]","[8331, 1588, 4]",9.8,462134,1.0,4.0,graph,A1SL65Z68BK1UT,351SEKWQS0H1WG1CCNTKMLTGA3GMDY,7,True
107,"[7964, 40365, 42415]","[u'right', u'right', u'up']","[2602, 3158, 3683, 4200, 5140, 5750, 6214]","[u'3', u'2', u'5', u'4', u'6', u'10', u'11']",2.0,"[17, 0, 0]",1.6,45.0,"[1, 2, 6, 10]","[7963, 1662, 4]",10.8,560534,7.0,5.0,graph,A1SL65Z68BK1UT,351SEKWQS0H1WG1CCNTKMLTGA3GMDY,7,True
108,"[12403, 104601, 106394]","[u'left', u'left', u'up']","[2127, 2545, 3109, 3665, 5123, 5743, 6182, 6882, 7217, 7671, 8628, 9449, 9826]","[u'3', u'2', u'5', u'4', u'7', u'12', u'13', u'8', u'14', u'15', u'9', u'17', u'16']",2.0,"[73, 0, 0]",1.6,45.0,"[1, 4, 8, 14]","[12402, 2219, 3]",13.2,707141,5.0,6.0,graph,A1SL65Z68BK1UT,351SEKWQS0H1WG1CCNTKMLTGA3GMDY,7,True
109,"[17915, 113988, 115560]","[u'right', u'right', u'up']","[1644, 2097, 2630, 3052, 4096, 4471, 5559, 6234, 6563, 6853, 8015, 8359, 8663, 9447, 9753, 10059]","[u'4', u'3', u'2', u'5', u'9', u'17', u'16', u'15', u'8', u'14', u'11', u'6', u'10', u'7', u'13', u'12']",2.0,"[76, 0, 0]",1.6,45.0,"[1, 2, 6, 10]","[17915, 3095, 4]",8.4,869842,3.0,7.0,graph,A1SL65Z68BK1UT,351SEKWQS0H1WG1CCNTKMLTGA3GMDY,7,True
110,"[9625, 142592, 144730]","[u'down', u'down', u'left']","[3470, 3888, 4344, 5167, 6978, 7510]","[u'3', u'2', u'5', u'4', u'16', u'17']",2.0,"[28, 0, 0]",1.6,45.0,"[1, 5, 9, 16]","[9625, 92721, 4]",-5.6,1021388,2.0,8.0,graph,A1SL65Z68BK1UT,351SEKWQS0H1WG1CCNTKMLTGA3GMDY,7,True
116,"[39896, 93524, 106410]","[u'up', u'up', u'right']","[3978, 6802, 8421, 9201, 11894, 13890, 22902, 25717, 31117, 99581, 101284, 102724, 103547]","[u'2', u'4', u'5', u'3', u'7', u'12', u'13', u'10', u'16', u'14', u'11', u'8', u'15']",2.0,"[26, 0, None]",1.6,45.0,"[1, 3, 7, 13]","[39894, 19848, 11641]",0.2,360253,1.0,1.0,graph,A1TNOYRQG5VT7D,3O7L7BFSHEPKS3PLN36C0A4KT6YEI4,8,True
117,"[27887, 132539, 134098]","[u'left', u'left', u'up']","[3307, 4356, 5129, 6107, 8783, 10801, 11668, 12264, 13398, 14283, 17857, 18437, 18990, 23114, 23528, 24374]","[u'4', u'17', u'10', u'7', u'16', u'13', u'9', u'5', u'3', u'12', u'6', u'11', u'2', u'8', u'15', u'14']",2.0,"[90, 0, 0]",1.6,45.0,"[1, 4, 8, 14]","[27887, 7589, 584]",8.4,508988,5.0,2.0,graph,A1TNOYRQG5VT7D,3O7L7BFSHEPKS3PLN36C0A4KT6YEI4,8,True
118,"[26709, 124090, 127008]","[u'left', u'left', u'down']","[1675, 3214, 5185, 7384, 10949, 11551, 13017, 16057, 17442, 17959]","[u'4', u'17', u'13', u'11', u'8', u'14', u'15', u'10', u'6', u'2']",2.0,"[62, 0, 0]",1.6,45.0,"[1, 4, 8, 15]","[26707, 29507, 1786]",12.0,639759,6.0,3.0,graph,A1TNOYRQG5VT7D,3O7L7BFSHEPKS3PLN36C0A4KT6YEI4,8,True
119,"[15468, 217254, 218451]","[u'right', u'right', u'up']","[1182, 2174, 2988, 3724, 4723, 5250, 6179, 6679, 7219, 8393, 9622, 11193, 13587]","[u'10', u'2', u'4', u'15', u'17', u'5', u'7', u'3', u'13', u'12', u'11', u'6', u'8']",2.0,"[79, 0, 0]",1.6,45.0,"[1, 2, 6, 10]","[15468, 114551, 2]",1.2,871248,7.0,4.0,graph,A1TNOYRQG5VT7D,3O7L7BFSHEPKS3PLN36C0A4KT6YEI4,8,True
120,"[14357, 330529, 331857]","[u'right', u'right', u'up']","[3291, 4051, 5136, 5990, 6411, 8463, 12438]","[u'2', u'17', u'3', u'4', u'5', u'10', u'14']",2.0,"[18, 0, 0]",1.6,45.0,"[1, 2, 6, 10]","[14357, 291534, 1]",22.8,1206263,2.0,5.0,graph,A1TNOYRQG5VT7D,3O7L7BFSHEPKS3PLN36C0A4KT6YEI4,8,True
121,"[29568, 125853, 127212]","[u'left', u'left', u'down']","[2425, 3104, 4410, 6735, 7847, 8510, 9512, 10357, 16718, 22909, 25794]","[u'3', u'12', u'4', u'15', u'5', u'17', u'2', u'11', u'10', u'8', u'13']",2.0,"[59, 0, 7]",1.6,45.0,"[1, 4, 8, 15]","[29568, 29825, 5]",22.4,1346525,0.0,6.0,graph,A1TNOYRQG5VT7D,3O7L7BFSHEPKS3PLN36C0A4KT6YEI4,8,True
122,"[18186, 72960, 74276]","[u'down', u'down', u'right']","[2565, 3221, 4020, 4694, 7087, 7854, 9753, 11296, 14675, 79917, 81654]","[u'4', u'5', u'2', u'3', u'15', u'17', u'10', u'12', u'9', u'16', u'11']",2.0,"[44, 0, 0]",1.6,45.0,"[1, 5, 9, 17]","[18186, 3023, 1]",24.4,1521916,4.0,7.0,graph,A1TNOYRQG5VT7D,3O7L7BFSHEPKS3PLN36C0A4KT6YEI4,8,True
123,"[35796, 243869, 245050]","[u'right', u'right', u'up']","[779, 1248, 1897, 2343, 3509, 4065, 4699, 5755, 7788, 9424, 13454, 17560, 18477, 31904]","[u'3', u'4', u'5', u'2', u'12', u'13', u'10', u'17', u'16', u'11', u'6', u'15', u'8', u'14']",2.0,"[111, 0, 0]",1.6,45.0,"[1, 2, 6, 10]","[35795, 89374, 10]",11.6,1772125,3.0,8.0,graph,A1TNOYRQG5VT7D,3O7L7BFSHEPKS3PLN36C0A4KT6YEI4,8,True
139,"[71461, 101385, 103425]","[u'right', u'right', u'up']","[14081, 16634, 21354, 53443, 60777, 65655]","[u'2', u'6', u'11', u'3', u'9', u'8']",2.0,"[25, 0, 0]",1.6,45.0,"[1, 2, 6, 10]","[71461, 1462, 1100]",12.4,652229,7.0,1.0,graph,A23RGG9LXG380R,3R3YRB5GRF3MBH391FT4NU242MMUAW,9,True
140,"[11329, 27742, 29920]","[u'up', u'up', u'right']","[3265, 6682]","[u'3', u'12']",2.0,"[13, 0, 0]",1.6,45.0,"[1, 3, 7, 13]","[11329, 1390, 1225]",1.8,715390,3.0,2.0,graph,A23RGG9LXG380R,3R3YRB5GRF3MBH391FT4NU242MMUAW,9,True
141,"[20050, 49305, 50793]","[u'right', u'right', u'up']","[2205, 5339, 7752, 11654, 16790]","[u'4', u'15', u'14', u'6', u'5']",2.0,"[25, 0, 0]",1.6,45.0,"[1, 2, 6, 10]","[20050, 1474, 536]",8.0,797203,6.0,3.0,graph,A23RGG9LXG380R,3R3YRB5GRF3MBH391FT4NU242MMUAW,9,True
142,"[13258, 35949, 42273]","[u'right', u'right', u'down']","[1700, 3489, 5149, 6857, 7813, 8862, 9891, 10662, 39212, 40693]","[u'3', u'12', u'7', u'5', u'9', u'2', u'6', u'4', u'10', u'11']",2.0,"[17, 0, 0]",1.6,45.0,"[1, 2, 6, 11]","[13258, 1728, 5337]",-10.0,865838,5.0,4.0,graph,A23RGG9LXG380R,3R3YRB5GRF3MBH391FT4NU242MMUAW,9,True
143,"[12211, 44579, 45990]","[u'left', u'left', u'up']","[1232, 3361, 4617, 6016, 7866, 9501]","[u'2', u'3', u'12', u'8', u'14', u'4']",2.0,"[27, 0, 0]",1.6,45.0,"[1, 4, 8, 14]","[12211, 1920, 428]",30.4,945909,0.0,5.0,graph,A23RGG9LXG380R,3R3YRB5GRF3MBH391FT4NU242MMUAW,9,True
144,"[18449, 70516, 71888]","[u'down', u'down', u'right']","[3337, 4426, 5517, 6873, 8307, 10104, 11122, 12786, 13494, 14875]","[u'6', u'3', u'8', u'5', u'4', u'14', u'15', u'9', u'16', u'17']",2.0,"[45, 0, 0]",1.6,45.0,"[1, 5, 9, 17]","[18449, 2875, 516]",26.0,1056396,4.0,6.0,graph,A23RGG9LXG380R,3R3YRB5GRF3MBH391FT4NU242MMUAW,9,True
145,"[6279, 13611, 16075]","[u'right', u'right', u'up']","[2077, 3372, 4680]","[u'6', u'2', u'10']",2.0,"[4, 0, 0]",1.6,45.0,"[1, 2, 6, 10]","[6279, 876, 1497]",29.2,1111873,2.0,7.0,graph,A23RGG9LXG380R,3R3YRB5GRF3MBH391FT4NU242MMUAW,9,True
146,"[15963, 80113, 81038]","[u'down', u'down', u'left']","[2456, 3788, 5809, 7308, 8123, 9130, 10513, 11458, 12763, 13719]","[u'3', u'12', u'13', u'8', u'4', u'14', u'9', u'5', u'17', u'16']",2.0,"[57, 0, 0]",1.6,45.0,"[1, 5, 9, 16]","[15963, 3207, 2]",30.0,1219097,1.0,8.0,graph,A23RGG9LXG380R,3R3YRB5GRF3MBH391FT4NU242MMUAW,9,True
158,"[14638, 109680, 112092]","[u'down', u'down', u'right']","[1599, 2522, 3067, 4089, 4781, 5437, 6878, 8321, 9244, 9895, 10609, 11805]","[u'4', u'3', u'2', u'8', u'14', u'15', u'6', u'7', u'9', u'5', u'17', u'16']",1.0,"[64, 0, 0]",1.6,45.0,"[1, 5, 9, 17]","[14637, 7853, 3]",22.8,626703,4.0,1.0,graph,A29ZV4XJB7R1O,3QL2OFSM96IX96GYOSD9FU0YUTFCNP,10,True
159,"[11017, 36900, 39385]","[u'left', u'left', u'up']","[830, 1264, 1891, 2256, 3410, 3970, 4826, 5874, 6340, 6821, 7905, 8528]","[u'3', u'4', u'5', u'2', u'9', u'16', u'17', u'7', u'12', u'13', u'8', u'14']",1.0,"[None, 0, 0]",1.6,45.0,"[1, 4, 8, 14]","[11016, 3042, 5]",20.8,751341,0.0,2.0,graph,A29ZV4XJB7R1O,3QL2OFSM96IX96GYOSD9FU0YUTFCNP,10,True
160,"[18381, 51078, 52842]","[u'right', u'right', u'up']","[1462, 1960, 2436, 3407, 4241, 5047, 5595, 6727, 7381, 8050, 9011, 9585, 10691, 12961, 13852, 14444]","[u'4', u'3', u'2', u'5', u'9', u'16', u'17', u'7', u'12', u'13', u'6', u'10', u'11', u'8', u'14', u'15']",1.0,"[None, 0, 0]",1.6,45.0,"[1, 2, 6, 10]","[18380, 9636, 2]",8.4,821664,3.0,3.0,graph,A29ZV4XJB7R1O,3QL2OFSM96IX96GYOSD9FU0YUTFCNP,10,True
161,"[9474, 100606, 103253]","[u'right', u'right', u'up']","[990, 1476, 2407, 3022, 3671, 4234, 4882, 5789, 6618, 7665]","[u'4', u'2', u'3', u'5', u'9', u'16', u'17', u'6', u'10', u'11']",1.0,"[42, 0, 0]",1.6,45.0,"[1, 2, 6, 10]","[9474, 27803, 5]",18.0,940068,2.0,4.0,graph,A29ZV4XJB7R1O,3QL2OFSM96IX96GYOSD9FU0YUTFCNP,10,True
162,"[13586, 34083, 36520]","[u'up', u'up', u'left']","[1782, 2423, 3574, 4296, 4904, 7462, 8989, 9831, 11323, 74920]","[u'2', u'4', u'8', u'14', u'15', u'3', u'7', u'12', u'13', u'5']",1.0,"[None, 0, 0]",1.6,45.0,"[1, 3, 7, 12]","[13586, 2256, 2]",21.0,1018030,6.0,5.0,graph,A29ZV4XJB7R1O,3QL2OFSM96IX96GYOSD9FU0YUTFCNP,10,True
163,"[9072, 69506, 74144]","[u'left', u'left', u'up']","[1587, 2149, 2730, 4054, 5289, 6320, 7334]","[u'4', u'3', u'2', u'7', u'8', u'14', u'15']",1.0,"[29, 0, 0]",1.6,45.0,"[1, 4, 8, 14]","[9071, 10864, 10]",22.8,1123904,5.0,6.0,graph,A29ZV4XJB7R1O,3QL2OFSM96IX96GYOSD9FU0YUTFCNP,10,True
164,"[26992, 151473, 153449]","[u'right', u'right', u'up']","[1208, 1767, 2315, 2879, 3743, 4345, 4940, 8235, 9437, 10443, 11535, 13262, 13729, 14397, 16162, 16600]","[u'3', u'4', u'5', u'2', u'6', u'10', u'11', u'7', u'8', u'12', u'13', u'9', u'16', u'17', u'15', u'14']",1.0,"[66, 0, 0]",1.6,45.0,"[1, 2, 6, 10]","[26992, 17124, 5]",-3.6,1292666,7.0,7.0,graph,A29ZV4XJB7R1O,3QL2OFSM96IX96GYOSD9FU0YUTFCNP,10,True
165,"[7437, 75182, 78577]","[u'down', u'down', u'left']","[890, 1393, 2136, 2735, 3220, 4376, 5433, 6073, 6587]","[u'3', u'4', u'7', u'12', u'13', u'2', u'5', u'9', u'16']",1.0,"[41, 0, 0]",1.6,45.0,"[1, 5, 9, 16]","[7437, 4980, 483]",31.6,1411200,1.0,8.0,graph,A29ZV4XJB7R1O,3QL2OFSM96IX96GYOSD9FU0YUTFCNP,10,True
181,"[7871, 15561, 17650]","[u'up', u'up', u'right']",[],[],1.0,"[5, 0, 0]",1.6,45.0,"[1, 3, 7, 13]","[7871, 566, 570]",21.0,1352002,1.0,1.0,graph,A2ARHK50FQ79YC,3300DTYQT2HX91D40BBL9CV6KGFEQ7,11,True
182,"[5722, 13243, 17091]","[u'up', u'up', u'left']",[],[],1.0,"[5, 0, 0]",1.6,45.0,"[1, 3, 7, 12]","[5722, 528, 2333]",3.0,1418753,7.0,2.0,graph,A2ARHK50FQ79YC,3300DTYQT2HX91D40BBL9CV6KGFEQ7,11,True
183,"[11144, 21066, 30462]","[u'left', u'left', u'down']","[2349, 5800, 18768, 25621, 27307]","[u'2', u'4', u'8', u'14', u'15']",1.0,"[2, 1, 0]",1.6,45.0,"[1, 4, 8, 15]","[11144, 4131, 7613]",20.0,1475962,6.0,3.0,graph,A2ARHK50FQ79YC,3300DTYQT2HX91D40BBL9CV6KGFEQ7,11,True
184,"[23664, 66729, 68234]","[u'right', u'right', u'up']","[1209, 3346, 4241, 10793, 11641, 12514]","[u'4', u'8', u'14', u'2', u'6', u'11']",1.0,"[34, 0, 0]",1.6,45.0,"[1, 2, 6, 10]","[23664, 2544, 20]",24.4,1569997,3.0,4.0,graph,A2ARHK50FQ79YC,3300DTYQT2HX91D40BBL9CV6KGFEQ7,11,True
185,"[10873, 27962, 29927]","[u'left', u'left', u'up']",[5197],[u'14'],1.0,"[13, 0, 0]",1.6,45.0,"[1, 4, 8, 14]","[10872, 1100, 509]",32.4,1652201,5.0,5.0,graph,A2ARHK50FQ79YC,3300DTYQT2HX91D40BBL9CV6KGFEQ7,11,True
186,"[5725, 22316, 29580]","[u'right', u'right', u'up']","[3151, 27823]","[u'11', u'10']",1.0,"[13, 0, 0]",1.6,45.0,"[1, 2, 6, 10]","[5725, 617, 5781]",18.8,1722785,4.0,6.0,graph,A2ARHK50FQ79YC,3300DTYQT2HX91D40BBL9CV6KGFEQ7,11,True
187,"[14144, 42949, 45077]","[u'left', u'left', u'down']","[2819, 3804, 4660, 5453, 9365, 10590, 12349, 40701]","[u'16', u'17', u'9', u'5', u'4', u'14', u'8', u'15']",1.0,"[None, 1, 0]",1.6,45.0,"[1, 4, 8, 15]","[14143, 22658, 723]",27.2,1780045,0.0,7.0,graph,A2ARHK50FQ79YC,3300DTYQT2HX91D40BBL9CV6KGFEQ7,11,True
188,"[11085, 60403, 62671]","[u'right', u'right', u'down']","[1173, 1852, 3150, 3895, 6540, 8391, 9246]","[u'17', u'16', u'9', u'5', u'11', u'6', u'2']",1.0,"[40, 0, 7]",1.6,45.0,"[1, 2, 6, 11]","[11085, 3324, 896]",20.8,1947129,2.0,8.0,graph,A2ARHK50FQ79YC,3300DTYQT2HX91D40BBL9CV6KGFEQ7,11,True
194,"[7952, 20568, 25543]","[u'left', u'left', u'up']",[],[],0.0,"[8, 0, 1]",1.6,45.0,"[1, 4, 8, 14]","[7952, 3642, 4176]",10.0,285311,2.0,1.0,graph,A2BPBFN87X32NO,3E4GGUZ1T8RJ3I3TUMWNBPA8O7X2K1,12,True
195,"[3610, 17225, 27368]","[u'down', u'down', u'left']",[],[],0.0,"[8, 0, 1]",1.6,45.0,"[1, 5, 9, 16]","[3610, 4624, 9308]",16.0,341000,5.0,2.0,graph,A2BPBFN87X32NO,3E4GGUZ1T8RJ3I3TUMWNBPA8O7X2K1,12,True
196,"[3845, 15160, 22916]","[u'left', u'left', u'down']",[],[],0.0,"[8, 0, 1]",1.6,45.0,"[1, 4, 8, 15]","[3845, 2347, 6955]",8.0,396292,4.0,3.0,graph,A2BPBFN87X32NO,3E4GGUZ1T8RJ3I3TUMWNBPA8O7X2K1,12,True
197,"[1254, 16510, 19189]","[u'right', u'right', u'down']",[],[],0.0,"[8, 0, 1]",1.6,45.0,"[1, 2, 6, 11]","[1254, 6243, 1840]",2.0,456027,1.0,4.0,graph,A2BPBFN87X32NO,3E4GGUZ1T8RJ3I3TUMWNBPA8O7X2K1,12,True
198,"[8782, 19300, 24676]","[u'down', u'down', u'right']",[],[],0.0,"[8, 0, 1]",1.6,45.0,"[1, 5, 9, 17]","[8781, 1534, 4535]",10.0,511580,0.0,5.0,graph,A2BPBFN87X32NO,3E4GGUZ1T8RJ3I3TUMWNBPA8O7X2K1,12,True
199,"[2627, 12708, 15922]","[u'up', u'up', u'left']",[],[],0.0,"[8, 0, 1]",1.6,45.0,"[1, 3, 7, 12]","[2627, 1129, 2419]",-1.0,567620,3.0,6.0,graph,A2BPBFN87X32NO,3E4GGUZ1T8RJ3I3TUMWNBPA8O7X2K1,12,True
200,"[1123, 10682, 12262]","[u'left', u'left', u'down']",[],[],0.0,"[8, 0, 1]",1.6,45.0,"[1, 4, 8, 15]","[1123, 573, 799]",6.0,627007,7.0,7.0,graph,A2BPBFN87X32NO,3E4GGUZ1T8RJ3I3TUMWNBPA8O7X2K1,12,True
201,"[2289, 12090, 13870]","[u'down', u'down', u'right']",[],[],0.0,"[8, 0, 1]",1.6,45.0,"[1, 5, 9, 17]","[2289, 834, 975]",6.0,683160,6.0,8.0,graph,A2BPBFN87X32NO,3E4GGUZ1T8RJ3I3TUMWNBPA8O7X2K1,12,True
205,"[23151, 34816, 37171]","[u'right', u'right', u'up']","[5415, 11331, 14759]","[u'2', u'6', u'10']",2.0,"[9, 0, 0]",1.6,45.0,"[1, 2, 6, 10]","[23151, 760, 1390]",17.2,82465,7.0,1.0,graph,A2CQP9DZSDUC5V,3ZOTGHDK5IBVY856MT3M9O4L665OS9,13,True
206,"[12582, 35065, 36950]","[u'right', u'right', u'up']","[3295, 6267, 9285]","[u'13', u'14', u'10']",2.0,"[19, 0, 0]",1.6,45.0,"[1, 2, 6, 10]","[12582, 1563, 978]",29.2,149592,3.0,2.0,graph,A2CQP9DZSDUC5V,3ZOTGHDK5IBVY856MT3M9O4L665OS9,13,True
207,"[16807, 64942, 66302]","[u'up', u'up', u'left']","[1240, 3212, 4512, 6102, 7352, 8762, 9942, 11852]","[u'17', u'16', u'11', u'12', u'14', u'15', u'13', u'10']",2.0,"[38, 0, 0]",1.6,45.0,"[1, 3, 7, 12]","[16807, 7892, 528]",24.2,264147,6.0,3.0,graph,A2CQP9DZSDUC5V,3ZOTGHDK5IBVY856MT3M9O4L665OS9,13,True
208,"[17250, 145641, 146529]","[u'down', u'down', u'left']","[1360, 3772, 6072, 7202, 9520, 15572]","[u'11', u'10', u'12', u'13', u'17', u'16']",2.0,"[46, 0, 0]",1.6,45.0,"[1, 5, 9, 16]","[17250, 79991, 3]",6.4,417047,5.0,4.0,graph,A2CQP9DZSDUC5V,3ZOTGHDK5IBVY856MT3M9O4L665OS9,13,True
209,"[10745, 15452, 21682]","[u'up', u'up', u'right']","[6507, 18925, 19972]","[u'3', u'13', u'12']",2.0,"[3, 0, 0]",1.6,45.0,"[1, 3, 7, 13]","[10745, 335, 5270]",10.2,497935,0.0,5.0,graph,A2CQP9DZSDUC5V,3ZOTGHDK5IBVY856MT3M9O4L665OS9,13,True
210,"[93112, 133059, 134232]","[u'right', u'right', u'up']","[30189, 32219]","[u'10', u'11']",2.0,"[10, 0, 0]",1.6,45.0,"[1, 2, 6, 10]","[93112, 28271, 263]",18.8,638704,4.0,6.0,graph,A2CQP9DZSDUC5V,3ZOTGHDK5IBVY856MT3M9O4L665OS9,13,True
211,"[7050, 9297, 15052]","[u'up', u'up', u'right']","[4615, 11035, 12935]","[u'3', u'12', u'13']",2.0,"[1, 0, 0]",1.6,45.0,"[1, 3, 7, 13]","[7050, 870, 4850]",16.2,706108,1.0,7.0,graph,A2CQP9DZSDUC5V,3ZOTGHDK5IBVY856MT3M9O4L665OS9,13,True
212,"[11210, 38909, 42384]","[u'down', u'down', u'right']","[4222, 5942, 7092, 9630, 54694]","[u'3', u'2', u'5', u'4', u'16']",2.0,"[11, 0, 0]",1.6,45.0,"[1, 5, 9, 17]","[11210, 14403, 2563]",-4.0,773645,2.0,8.0,graph,A2CQP9DZSDUC5V,3ZOTGHDK5IBVY856MT3M9O4L665OS9,13,True
234,"[24249, 36968, 39927]","[u'up', u'up', u'left']",[20026],[u'3'],0.0,"[8, 0, 1]",1.6,45.0,"[1, 3, 7, 12]","[24248, 3204, 2028]",35.4,1499998,6.0,1.0,graph,A2HGSFG0CL508L,3HFNH7HEMHEVTF9V66199FGIXWTQGZ,14,True
235,"[14929, 27641, 31553]","[u'down', u'down', u'left']","[5050, 7762, 12218, 13609]","[u'3', u'5', u'2', u'4']",0.0,"[8, 0, 1]",1.6,45.0,"[1, 5, 9, 16]","[14929, 2096, 2976]",-2.4,1562956,2.0,2.0,graph,A2HGSFG0CL508L,3HFNH7HEMHEVTF9V66199FGIXWTQGZ,14,True
236,"[1828, 11932, 14524]","[u'up', u'up', u'right']",[],[],0.0,"[8, 0, 1]",1.6,45.0,"[1, 3, 7, 13]","[1828, 934, 1697]",13.0,1617792,4.0,3.0,graph,A2HGSFG0CL508L,3HFNH7HEMHEVTF9V66199FGIXWTQGZ,14,True
237,"[5146, 15242, 17634]","[u'left', u'left', u'up']",[],[],0.0,"[8, 0, 1]",1.6,45.0,"[1, 4, 8, 14]","[5146, 915, 1455]",18.0,1686580,7.0,4.0,graph,A2HGSFG0CL508L,3HFNH7HEMHEVTF9V66199FGIXWTQGZ,14,True
238,"[2147, 12122, 22851]","[u'down', u'down', u'right']","[16147, 17019]","[u'17', u'16']",0.0,"[8, 0, 1]",1.6,45.0,"[1, 5, 9, 17]","[2147, 814, 9802]",6.8,1742384,0.0,5.0,graph,A2HGSFG0CL508L,3HFNH7HEMHEVTF9V66199FGIXWTQGZ,14,True
239,"[3688, 13576, 19823]","[u'up', u'up', u'left']","[15473, 16216]","[u'13', u'12']",0.0,"[8, 0, 1]",1.6,45.0,"[1, 3, 7, 12]","[3688, 725, 5357]",-2.2,1797843,5.0,6.0,graph,A2HGSFG0CL508L,3HFNH7HEMHEVTF9V66199FGIXWTQGZ,14,True
240,"[2605, 13013, 19373]","[u'up', u'up', u'right']","[15606, 16445]","[u'12', u'13']",0.0,"[8, 0, 1]",1.6,45.0,"[1, 3, 7, 13]","[2605, 1232, 5420]",17.8,1854216,1.0,7.0,graph,A2HGSFG0CL508L,3HFNH7HEMHEVTF9V66199FGIXWTQGZ,14,True
241,"[3632, 13656, 18231]","[u'right', u'right', u'up']","[15343, 16536]","[u'10', u'11']",0.0,"[8, 0, 1]",1.6,45.0,"[1, 2, 6, 10]","[3632, 865, 3659]",30.8,1917244,3.0,8.0,graph,A2HGSFG0CL508L,3HFNH7HEMHEVTF9V66199FGIXWTQGZ,14,True
247,"[5905, 18848, 41513]","[u'down', u'down', u'left']",[],[],0.0,"[8, 0, 1]",1.6,45.0,"[1, 5, 9, 16]","[5903, 2001, 20728]",14.0,202641,4.0,1.0,graph,A2HLBE6RNK7DGC,3ZDAD0O1T1DJ7HWDCKV826R0KTOTX8,15,True
248,"[8878, 23954, 31510]","[u'up', u'up', u'right']",[6644],[u'3'],0.0,"[8, 0, 1]",1.6,45.0,"[1, 3, 7, 13]","[8877, 2487, 5596]",19.4,265562,1.0,2.0,graph,A2HLBE6RNK7DGC,3ZDAD0O1T1DJ7HWDCKV826R0KTOTX8,15,True
249,"[6633, 21440, 31335]","[u'down', u'down', u'right']",[],[],0.0,"[8, 0, 1]",1.6,45.0,"[1, 5, 9, 17]","[6632, 3932, 8001]",6.0,323974,6.0,3.0,graph,A2HLBE6RNK7DGC,3ZDAD0O1T1DJ7HWDCKV826R0KTOTX8,15,True
250,"[1476, 14669, 29319]","[u'left', u'left', u'down']",[],[],0.0,"[8, 0, 1]",1.6,45.0,"[1, 4, 8, 15]","[1476, 2345, 12838]",26.0,393753,3.0,4.0,graph,A2HLBE6RNK7DGC,3ZDAD0O1T1DJ7HWDCKV826R0KTOTX8,15,True
251,"[1654, 15161, 20571]","[u'down', u'down', u'right']",[],[],0.0,"[8, 0, 1]",1.6,45.0,"[1, 5, 9, 17]","[1653, 2658, 3550]",14.0,452315,5.0,5.0,graph,A2HLBE6RNK7DGC,3ZDAD0O1T1DJ7HWDCKV826R0KTOTX8,15,True
252,"[2239, 14685, 27123]","[u'right', u'right', u'up']",[],[],0.0,"[8, 0, 1]",1.6,45.0,"[1, 2, 6, 10]","[2238, 1615, 10615]",22.0,510828,7.0,6.0,graph,A2HLBE6RNK7DGC,3ZDAD0O1T1DJ7HWDCKV826R0KTOTX8,15,True
253,"[2159, 14126, 18948]","[u'right', u'right', u'down']",[],[],0.0,"[8, 0, 1]",1.6,45.0,"[1, 2, 6, 11]","[2159, 1112, 3020]",-2.0,569535,0.0,7.0,graph,A2HLBE6RNK7DGC,3ZDAD0O1T1DJ7HWDCKV826R0KTOTX8,15,True
254,"[1704, 13361, 20604]","[u'down', u'down', u'right']",[],[],0.0,"[8, 0, 1]",1.6,45.0,"[1, 5, 9, 17]","[1703, 801, 5384]",4.0,628777,2.0,8.0,graph,A2HLBE6RNK7DGC,3ZDAD0O1T1DJ7HWDCKV826R0KTOTX8,15,True
260,"[46075, 113257, 115645]","[u'right', u'right', u'up']","[3124, 7727, 10407, 11742, 13585, 14355, 17009, 18907, 22391, 23643, 25039, 26377, 28069, 29201, 30910, 32170]","[u'3', u'7', u'5', u'9', u'2', u'6', u'4', u'8', u'16', u'17', u'15', u'14', u'11', u'10', u'13', u'12']",2.0,"[56, 0, 0]",1.6,45.0,"[1, 2, 6, 10]","[46075, 4281, 1078]",8.4,307795,3.0,1.0,graph,A2JCK494NV7TFX,3EF8EXOTT1VH3DFFTXWX5R0QHCJ1JK,16,True
261,"[18934, 83541, 88863]","[u'right', u'right', u'up']","[2331, 3076, 4118, 4768, 7261, 9660, 10624, 11997, 13222, 14650, 16711, 87130]","[u'4', u'5', u'2', u'3', u'9', u'6', u'8', u'15', u'14', u'16', u'11', u'10']",2.0,"[40, 0, 0]",1.6,45.0,"[1, 2, 6, 10]","[18934, 18245, 4182]",14.8,406446,2.0,2.0,graph,A2JCK494NV7TFX,3EF8EXOTT1VH3DFFTXWX5R0QHCJ1JK,16,True
262,"[11438, 56568, 57674]","[u'down', u'down', u'left']","[1200, 2211, 3247, 3945, 4986, 6494, 7938, 8647, 9622, 10337]","[u'2', u'5', u'4', u'3', u'9', u'7', u'12', u'13', u'17', u'16']",2.0,"[38, 0, 0]",1.6,45.0,"[1, 5, 9, 16]","[11437, 1671, 3]",30.0,542420,1.0,3.0,graph,A2JCK494NV7TFX,3EF8EXOTT1VH3DFFTXWX5R0QHCJ1JK,16,True
263,"[12458, 65940, 67092]","[u'down', u'down', u'right']","[840, 1602, 2246, 2782, 4246, 5646, 6422, 8621, 10882, 11476]","[u'5', u'4', u'3', u'2', u'9', u'16', u'17', u'8', u'14', u'15']",2.0,"[38, 0, 0]",1.6,45.0,"[1, 5, 9, 17]","[12458, 9952, 8]",26.0,634290,4.0,4.0,graph,A2JCK494NV7TFX,3EF8EXOTT1VH3DFFTXWX5R0QHCJ1JK,16,True
264,"[16747, 113264, 115550]","[u'up', u'up', u'left']","[1060, 2975, 3849, 4758, 5986, 7121, 8189, 9185, 9948, 11052, 14489, 15886]","[u'4', u'8', u'14', u'15', u'5', u'9', u'3', u'7', u'13', u'12', u'2', u'6']",2.0,"[80, 0, 0]",1.6,45.0,"[1, 3, 7, 12]","[16747, 11496, 1254]",17.8,782462,6.0,5.0,graph,A2JCK494NV7TFX,3EF8EXOTT1VH3DFFTXWX5R0QHCJ1JK,16,True
265,"[58619, 133335, 134321]","[u'left', u'left', u'up']","[35089, 36999, 37876, 38517, 39319, 40401, 41357, 42551, 44365, 45713, 46951, 48267, 50609, 51507, 53127, 55329]","[u'3', u'4', u'5', u'2', u'6', u'11', u'10', u'7', u'8', u'9', u'15', u'14', u'12', u'13', u'17', u'16']",2.0,"[60, 0, 0]",1.6,45.0,"[1, 4, 8, 14]","[58619, 7691, 3]",8.4,922177,5.0,6.0,graph,A2JCK494NV7TFX,3EF8EXOTT1VH3DFFTXWX5R0QHCJ1JK,16,True
266,"[16061, 81577, 83166]","[u'left', u'left', u'up']","[1181, 2328, 3462, 4209, 5346, 6335, 7736, 8813, 9863, 10857, 13247, 14091, 15126]","[u'2', u'3', u'4', u'5', u'9', u'7', u'12', u'13', u'17', u'16', u'8', u'15', u'14']",2.0,"[58, 0, 0]",1.6,45.0,"[1, 4, 8, 14]","[16061, 1710, 3]",19.2,1050481,0.0,7.0,graph,A2JCK494NV7TFX,3EF8EXOTT1VH3DFFTXWX5R0QHCJ1JK,16,True
267,"[26881, 140515, 141841]","[u'right', u'right', u'up']","[1917, 3313, 3987, 4613, 5389, 6000, 6849, 8888, 9689, 11078, 11921, 13755, 16951]","[u'2', u'3', u'4', u'5', u'6', u'10', u'11', u'13', u'12', u'15', u'14', u'8', u'9']",2.0,"[49, 0, 0]",1.6,45.0,"[1, 2, 6, 10]","[26881, 57457, 7]",1.2,1198870,7.0,8.0,graph,A2JCK494NV7TFX,3EF8EXOTT1VH3DFFTXWX5R0QHCJ1JK,16,True
289,"[3497, 14720, 18775]","[u'right', u'right', u'up']",[],[],1.0,"[5, 0, 0]",1.6,45.0,"[1, 2, 6, 10]","[3495, 3120, 2185]",22.0,1323543,7.0,1.0,graph,A2KMX4HGXSWS7U,3DYGAII7PL816S2U9PRW3OUAYNGQP3,17,True
290,"[10665, 20339, 22257]","[u'down', u'down', u'left']",[],[],1.0,"[5, 0, 0]",1.6,45.0,"[1, 5, 9, 16]","[10664, 1319, 3]",46.0,1380003,1.0,2.0,graph,A2KMX4HGXSWS7U,3DYGAII7PL816S2U9PRW3OUAYNGQP3,17,True
291,"[25248, 33994, 39703]","[u'down', u'down', u'left']",[],[],1.0,"[5, 0, 0]",1.6,45.0,"[1, 5, 9, 16]","[25246, 504, 3765]",4.0,1436395,2.0,3.0,graph,A2KMX4HGXSWS7U,3DYGAII7PL816S2U9PRW3OUAYNGQP3,17,True
292,"[6961, 15400, 17306]","[u'up', u'up', u'right']",[],[],1.0,"[5, 0, 0]",1.6,45.0,"[1, 3, 7, 13]","[6960, 460, 2]",5.0,1503631,3.0,4.0,graph,A2KMX4HGXSWS7U,3DYGAII7PL816S2U9PRW3OUAYNGQP3,17,True
293,"[1303, 22555, 27815]","[u'left', u'left', u'down']",[],[],1.0,"[5, 0, 0]",1.6,45.0,"[1, 4, 8, 15]","[1302, 13217, 3296]",40.0,1573937,0.0,5.0,graph,A2KMX4HGXSWS7U,3DYGAII7PL816S2U9PRW3OUAYNGQP3,17,True
294,"[4322, 32207, 34126]","[u'right', u'right', u'down']",[],[],1.0,"[5, 0, 0]",1.6,45.0,"[1, 2, 6, 11]","[4321, 19793, 3]",16.0,1630113,6.0,6.0,graph,A2KMX4HGXSWS7U,3DYGAII7PL816S2U9PRW3OUAYNGQP3,17,True
295,"[5083, 18289, 47887]","[u'left', u'left', u'down']",[],[],1.0,"[5, 0, 0]",1.6,45.0,"[1, 4, 8, 15]","[5081, 5120, 26555]",8.0,1688790,4.0,7.0,graph,A2KMX4HGXSWS7U,3DYGAII7PL816S2U9PRW3OUAYNGQP3,17,True
296,"[9529, 32816, 35189]","[u'up', u'up', u'right']",[],[],1.0,"[5, 0, 0]",1.6,45.0,"[1, 3, 7, 13]","[9529, 13942, 530]",1.0,1747203,5.0,8.0,graph,A2KMX4HGXSWS7U,3DYGAII7PL816S2U9PRW3OUAYNGQP3,17,True
304,"[8353, 17553, 25521]","[u'right', u'right', u'down']",[1759],[u'2'],1.0,"[3, 0, 0]",1.6,45.0,"[1, 2, 6, 11]","[8352, 722, 5605]",-1.6,400708,3.0,1.0,graph,A2RFZPWXR7D4I5,3VP0C6EFSGW2B7MX20L6GFJOTHT6MQ,18,True
305,"[5871, 17311, 22831]","[u'up', u'up', u'right']",[],[],1.0,"[5, 0, 0]",1.6,45.0,"[1, 3, 7, 13]","[5870, 2702, 3217]",13.0,458460,4.0,2.0,graph,A2RFZPWXR7D4I5,3VP0C6EFSGW2B7MX20L6GFJOTHT6MQ,18,True
306,"[3469, 13557, 17261]","[u'down', u'down', u'right']",[],[],1.0,"[5, 0, 0]",1.6,45.0,"[1, 5, 9, 17]","[3468, 706, 1352]",6.0,516948,6.0,3.0,graph,A2RFZPWXR7D4I5,3VP0C6EFSGW2B7MX20L6GFJOTHT6MQ,18,True
307,"[864, 19688, 22005]","[u'left', u'left', u'down']",[],[],1.0,"[5, 0, 0]",1.6,45.0,"[1, 4, 8, 15]","[863, 10173, 3]",6.0,575740,7.0,4.0,graph,A2RFZPWXR7D4I5,3VP0C6EFSGW2B7MX20L6GFJOTHT6MQ,18,True
308,"[2090, 16066, 18392]","[u'down', u'down', u'right']",[],[],1.0,"[5, 0, 0]",1.6,45.0,"[1, 5, 9, 17]","[2090, 5153, 3]",4.0,635381,2.0,5.0,graph,A2RFZPWXR7D4I5,3VP0C6EFSGW2B7MX20L6GFJOTHT6MQ,18,True
309,"[663, 16791, 19144]","[u'down', u'down', u'right']",[],[],1.0,"[5, 0, 0]",1.6,45.0,"[1, 5, 9, 17]","[662, 7436, 4]",10.0,707765,0.0,6.0,graph,A2RFZPWXR7D4I5,3VP0C6EFSGW2B7MX20L6GFJOTHT6MQ,18,True
310,"[1237, 30925, 33550]","[u'up', u'up', u'left']",[],[],1.0,"[5, 0, 0]",1.6,45.0,"[1, 3, 7, 12]","[1236, 20927, 261]",21.0,767964,1.0,7.0,graph,A2RFZPWXR7D4I5,3VP0C6EFSGW2B7MX20L6GFJOTHT6MQ,18,True
311,"[6533, 15685, 19269]","[u'left', u'left', u'up']",[],[],1.0,"[5, 0, 0]",1.6,45.0,"[1, 4, 8, 14]","[6532, 550, 1325]",34.0,844900,5.0,8.0,graph,A2RFZPWXR7D4I5,3VP0C6EFSGW2B7MX20L6GFJOTHT6MQ,18,True
319,"[4227, 14043, 19851]","[u'right', u'right', u'down']",[],[],2.0,"[5, 0, 0]",1.6,45.0,"[1, 2, 6, 11]","[4227, 3856, 5029]",16.0,353936,6.0,1.0,graph,A2TOA704O1ML6A,3F0BG9B9MPNL9OPG4DE9GO6RX1QY74,19,True
320,"[1400, 14190, 19697]","[u'up', u'up', u'left']",[],[],2.0,"[5, 0, 0]",1.6,45.0,"[1, 3, 7, 12]","[1400, 6830, 4715]",-3.0,408939,0.0,2.0,graph,A2TOA704O1ML6A,3F0BG9B9MPNL9OPG4DE9GO6RX1QY74,19,True
321,"[2574, 10907, 21367]","[u'left', u'left', u'down']","[17750, 20034]","[u'14', u'15']",2.0,"[5, 0, 0]",1.6,45.0,"[1, 4, 8, 15]","[2574, 2380, 9686]",22.8,460870,3.0,3.0,graph,A2TOA704O1ML6A,3F0BG9B9MPNL9OPG4DE9GO6RX1QY74,19,True
322,"[6411, 19731, 29371]","[u'down', u'down', u'left']","[2029, 5091, 13831, 16954, 25761, 28111]","[u'3', u'5', u'9', u'2', u'17', u'16']",2.0,"[3, 2, 0]",1.6,45.0,"[1, 5, 9, 16]","[6411, 8890, 6711]",-5.6,514070,2.0,4.0,graph,A2TOA704O1ML6A,3F0BG9B9MPNL9OPG4DE9GO6RX1QY74,19,True
323,"[5492, 11091, 48171]","[u'up', u'up', u'right']","[1478, 14781, 16632]","[u'3', u'13', u'12']",2.0,"[1, 0, 0]",1.6,45.0,"[1, 3, 7, 13]","[5492, 4434, 36303]",16.2,565233,1.0,5.0,graph,A2TOA704O1ML6A,3F0BG9B9MPNL9OPG4DE9GO6RX1QY74,19,True
324,"[5315, 12396, 21307]","[u'left', u'left', u'up']","[15876, 18720]","[u'14', u'15']",2.0,"[5, 0, 0]",1.6,45.0,"[1, 4, 8, 14]","[5315, 1124, 8134]",14.8,617908,7.0,6.0,graph,A2TOA704O1ML6A,3F0BG9B9MPNL9OPG4DE9GO6RX1QY74,19,True
325,"[5420, 14933, 24990]","[u'down', u'down', u'left']","[16510, 17940]","[u'17', u'16']",2.0,"[5, 0, 0]",1.6,45.0,"[1, 5, 9, 16]","[5420, 3573, 9303]",12.8,670758,5.0,7.0,graph,A2TOA704O1ML6A,3F0BG9B9MPNL9OPG4DE9GO6RX1QY74,19,True
326,"[10073, 19403, 32340]","[u'left', u'left', u'up']","[1822, 3577, 5163, 5933, 23013, 23683]","[u'2', u'3', u'4', u'5', u'14', u'15']",2.0,"[2, 0, 0]",1.6,45.0,"[1, 4, 8, 14]","[10073, 5380, 12129]",6.4,721612,4.0,8.0,graph,A2TOA704O1ML6A,3F0BG9B9MPNL9OPG4DE9GO6RX1QY74,19,True
338,"[8511, 18423, 22400]","[u'up', u'up', u'left']",[],[],0.0,"[8, 0, 1]",1.6,45.0,"[1, 3, 7, 12]","[8511, 612, 3027]",15.0,298283,2.0,1.0,graph,A2W59CL4UQ3S4S,3ZV9H2YQQD7ZJ0TTN0TVIA9VHS63W9,20,True
339,"[2517, 15677, 16771]","[u'down', u'down', u'right']","[1150, 12757]","[u'5', u'9']",0.0,"[8, 0, 1]",1.6,45.0,"[1, 5, 9, 17]","[2517, 3471, 1]",10.8,356554,5.0,2.0,graph,A2W59CL4UQ3S4S,3ZV9H2YQQD7ZJ0TTN0TVIA9VHS63W9,20,True
340,"[4243, 15379, 21010]","[u'up', u'up', u'right']","[570, 1306, 2026, 18594, 19418]","[u'4', u'2', u'3', u'13', u'12']",0.0,"[8, 0, 1]",1.6,45.0,"[1, 3, 7, 13]","[4242, 492, 4599]",13.0,420458,1.0,3.0,graph,A2W59CL4UQ3S4S,3ZV9H2YQQD7ZJ0TTN0TVIA9VHS63W9,20,True
341,"[2403, 15196, 16311]","[u'up', u'up', u'right']","[1163, 13963]","[u'3', u'7']",0.0,"[8, 0, 1]",1.6,45.0,"[1, 3, 7, 13]","[2403, 2935, 1]",27.8,485506,6.0,4.0,graph,A2W59CL4UQ3S4S,3ZV9H2YQQD7ZJ0TTN0TVIA9VHS63W9,20,True
342,"[5515, 41084, 45588]","[u'down', u'down', u'right']","[2106, 3282, 3842, 4458, 44212, 44836]","[u'4', u'2', u'3', u'5', u'16', u'17']",0.0,"[8, 0, 1]",1.6,45.0,"[1, 5, 9, 17]","[5514, 24482, 3480]",0.4,542212,0.0,5.0,graph,A2W59CL4UQ3S4S,3ZV9H2YQQD7ZJ0TTN0TVIA9VHS63W9,20,True
343,"[5938, 18337, 19553]","[u'right', u'right', u'up']","[577, 1457, 2153, 2697, 4161, 5065]","[u'5', u'3', u'4', u'2', u'10', u'6']",0.0,"[8, 0, 1]",1.6,45.0,"[1, 2, 6, 10]","[5938, 435, 212]",12.4,631643,7.0,6.0,graph,A2W59CL4UQ3S4S,3ZV9H2YQQD7ZJ0TTN0TVIA9VHS63W9,20,True
344,"[8050, 21562, 25762]","[u'down', u'down', u'left']","[2249, 4586, 6130, 6986, 24322, 24985]","[u'3', u'7', u'5', u'9', u'17', u'16']",0.0,"[8, 0, 1]",1.6,45.0,"[1, 5, 9, 16]","[8049, 2206, 3177]",-3.6,691668,3.0,7.0,graph,A2W59CL4UQ3S4S,3ZV9H2YQQD7ZJ0TTN0TVIA9VHS63W9,20,True
345,"[3820, 29948, 35540]","[u'left', u'left', u'up']","[2331, 33020, 34396]","[u'4', u'14', u'15']",0.0,"[8, 0, 1]",1.6,45.0,"[1, 4, 8, 14]","[3820, 16371, 4586]",11.2,748668,4.0,8.0,graph,A2W59CL4UQ3S4S,3ZV9H2YQQD7ZJ0TTN0TVIA9VHS63W9,20,True
355,"[5804, 16735, 23579]","[u'left', u'left', u'up']",[],[],0.0,"[8, 0, 1]",1.6,45.0,"[1, 4, 8, 14]","[5803, 1914, 6038]",16.0,410033,4.0,1.0,graph,A2WH3GIS2KF8LU,3TXD01ZLD4H79SNSSEJDARG4ACQU4L,21,True
356,"[11779, 25781, 26943]","[u'down', u'down', u'left']","[4084, 5830, 6910, 22374, 24398]","[u'3', u'5', u'2', u'16', u'17']",0.0,"[8, 0, 1]",1.6,45.0,"[1, 5, 9, 16]","[11779, 4086, 267]",-4.0,469334,2.0,2.0,graph,A2WH3GIS2KF8LU,3TXD01ZLD4H79SNSSEJDARG4ACQU4L,21,True
357,"[11255, 24646, 26416]","[u'right', u'right', u'down']","[4098, 5674, 6634, 7506, 22931]","[u'7', u'9', u'6', u'8', u'10']",0.0,"[8, 0, 1]",1.6,45.0,"[1, 2, 6, 11]","[11255, 3273, 832]",-2.0,528150,5.0,3.0,graph,A2WH3GIS2KF8LU,3TXD01ZLD4H79SNSSEJDARG4ACQU4L,21,True
358,"[10793, 21499, 23143]","[u'left', u'left', u'up']","[4750, 6158, 7574]","[u'8', u'6', u'14']",0.0,"[8, 0, 1]",1.6,45.0,"[1, 4, 8, 14]","[10793, 872, 832]",35.2,595334,0.0,4.0,graph,A2WH3GIS2KF8LU,3TXD01ZLD4H79SNSSEJDARG4ACQU4L,21,True
359,"[16339, 27838, 29236]","[u'right', u'right', u'down']","[2153, 3905, 5305, 7089, 8137, 9265, 10945, 14529]","[u'8', u'7', u'9', u'14', u'15', u'6', u'11', u'10']",0.0,"[8, 0, 1]",1.6,45.0,"[1, 2, 6, 11]","[16339, 651, 638]",3.2,667505,6.0,5.0,graph,A2WH3GIS2KF8LU,3TXD01ZLD4H79SNSSEJDARG4ACQU4L,21,True
360,"[14678, 25283, 26297]","[u'left', u'left', u'down']","[2519, 5350, 7182, 8807]","[u'8', u'6', u'15', u'4']",0.0,"[8, 0, 1]",1.6,45.0,"[1, 4, 8, 15]","[14678, 503, 229]",19.6,727351,3.0,6.0,graph,A2WH3GIS2KF8LU,3TXD01ZLD4H79SNSSEJDARG4ACQU4L,21,True
361,"[13513, 24846, 25681]","[u'down', u'down', u'left']","[1965, 3309, 4410, 5373, 7725, 10157, 10766, 11581]","[u'3', u'7', u'13', u'12', u'5', u'9', u'17', u'16']",0.0,"[8, 0, 1]",1.6,45.0,"[1, 5, 9, 16]","[13513, 705, 74]",33.2,784210,1.0,7.0,graph,A2WH3GIS2KF8LU,3TXD01ZLD4H79SNSSEJDARG4ACQU4L,21,True
362,"[22932, 34443, 37483]","[u'left', u'left', u'up']","[2342, 4326, 4943, 6046, 7854, 9055, 9710, 13838, 15806, 17678, 19262]","[u'7', u'13', u'3', u'12', u'8', u'14', u'4', u'11', u'10', u'6', u'17']",0.0,"[8, 0, 1]",1.6,45.0,"[1, 4, 8, 14]","[22932, 425, 2268]",0.4,848938,7.0,8.0,graph,A2WH3GIS2KF8LU,3TXD01ZLD4H79SNSSEJDARG4ACQU4L,21,True
372,"[7626, 19854, 24149]","[u'down', u'down', u'right']",[],[],2.0,"[5, 0, 0]",1.6,45.0,"[1, 5, 9, 17]","[7626, 5976, 3353]",0.0,567475,3.0,1.0,graph,A2YBZFSUD5OP7W,3RANCT1ZVFHRUR817TT0I5MAK47UBR,22,True
373,"[6917, 15942, 22098]","[u'left', u'left', u'up']",[],[],2.0,"[5, 0, 0]",1.6,45.0,"[1, 4, 8, 14]","[6917, 2764, 5201]",18.0,622471,7.0,2.0,graph,A2YBZFSUD5OP7W,3RANCT1ZVFHRUR817TT0I5MAK47UBR,22,True
374,"[831, 7551, 10423]","[u'right', u'right', u'down']","[25349, 28391, 31846, 34219, 35682]","[u'4', u'3', u'2', u'5', u'9']",2.0,"[5, 0, 0]",1.6,45.0,"[1, 2, 6, 11]","[831, 418, 1916]",-6.0,678508,1.0,3.0,graph,A2YBZFSUD5OP7W,3RANCT1ZVFHRUR817TT0I5MAK47UBR,22,True
375,"[11633, 86472, 88015]","[u'right', u'right', u'down']","[728, 2814, 3852, 4642, 6742, 7328, 7993, 9033]","[u'3', u'7', u'12', u'13', u'2', u'6', u'11', u'10']",2.0,"[68, 0, 0]",1.6,45.0,"[1, 2, 6, 11]","[11633, 1225, 655]",-6.8,805940,5.0,4.0,graph,A2YBZFSUD5OP7W,3RANCT1ZVFHRUR817TT0I5MAK47UBR,22,True
376,"[8353, 21185, 24873]","[u'left', u'left', u'up']","[834, 2006, 2608, 3171, 4670, 5552, 6740, 23004, 23553]","[u'4', u'2', u'5', u'3', u'9', u'6', u'8', u'14', u'15']",2.0,"[8, 0, 0]",1.6,45.0,"[1, 4, 8, 14]","[8353, 639, 2694]",-4.4,868654,2.0,5.0,graph,A2YBZFSUD5OP7W,3RANCT1ZVFHRUR817TT0I5MAK47UBR,22,True
377,"[13072, 18119, 19791]","[u'left', u'left', u'up']","[925, 2228, 3151, 4026, 4704, 5650, 6674, 9737]","[u'4', u'8', u'2', u'5', u'9', u'16', u'17', u'14']",2.0,"[None, 0, 0]",1.6,45.0,"[1, 4, 8, 14]","[13071, 700, 728]",27.2,925081,0.0,6.0,graph,A2YBZFSUD5OP7W,3RANCT1ZVFHRUR817TT0I5MAK47UBR,22,True
378,"[16021, 90082, 94386]","[u'up', u'up', u'left']","[680, 1608, 2218, 3328, 6281, 6883, 7751, 9265, 11055, 93476]","[u'4', u'8', u'15', u'14', u'2', u'5', u'3', u'7', u'13', u'12']",2.0,"[47, 0, 0]",1.6,45.0,"[1, 3, 7, 12]","[16021, 22983, 3354]",21.0,1025070,6.0,7.0,graph,A2YBZFSUD5OP7W,3RANCT1ZVFHRUR817TT0I5MAK47UBR,22,True
379,"[11130, 48969, 49955]","[u'down', u'down', u'right']","[915, 2179, 3578, 4428, 6764, 7764, 8632]","[u'4', u'8', u'15', u'14', u'5', u'17', u'9']",2.0,"[30, 0, 0]",1.6,45.0,"[1, 5, 9, 17]","[11130, 4322, 34]",30.8,1105135,4.0,8.0,graph,A2YBZFSUD5OP7W,3RANCT1ZVFHRUR817TT0I5MAK47UBR,22,True
389,"[8137, 29381, 31612]","[u'up', u'up', u'left']","[3860, 5228, 6600]","[u'3', u'7', u'12']",1.0,"[16, 0, 0]",1.6,45.0,"[1, 3, 7, 12]","[8135, 1582, 1042]",18.2,560857,4.0,1.0,graph,A2YE2I9DYV9OKW,3IO1LGZLK9XNQIKT8ZBNBXIT9C5683,23,True
390,"[5663, 12630, 16328]","[u'right', u'right', u'up']","[1410, 2695, 3427, 4143, 14152, 15659]","[u'2', u'3', u'4', u'5', u'10', u'11']",1.0,"[2, 0, 0]",1.6,45.0,"[1, 2, 6, 10]","[5662, 861, 2513]",12.4,614152,7.0,2.0,graph,A2YE2I9DYV9OKW,3IO1LGZLK9XNQIKT8ZBNBXIT9C5683,23,True
391,"[2467, 4898, 10914]","[u'up', u'up', u'left']","[1304, 6546, 7465]","[u'3', u'13', u'12']",1.0,"[1, 0, 0]",1.6,45.0,"[1, 3, 7, 12]","[2466, 110, 4831]",16.2,663786,1.0,3.0,graph,A2YE2I9DYV9OKW,3IO1LGZLK9XNQIKT8ZBNBXIT9C5683,23,True
392,"[9917, 32860, 36973]","[u'down', u'down', u'left']","[1918, 3164, 4245, 5142, 6710, 8529, 25650, 26925]","[u'5', u'4', u'3', u'2', u'7', u'9', u'17', u'16']",1.0,"[9, 2, 0]",1.6,45.0,"[1, 5, 9, 16]","[9916, 8599, 705]",-6.8,727225,3.0,4.0,graph,A2YE2I9DYV9OKW,3IO1LGZLK9XNQIKT8ZBNBXIT9C5683,23,True
393,"[7421, 16757, 20821]","[u'left', u'left', u'down']","[2056, 4473, 13540, 14676]","[u'2', u'4', u'14', u'15']",1.0,"[2, 2, 0]",1.6,45.0,"[1, 4, 8, 15]","[7420, 4424, 656]",21.6,782863,6.0,5.0,graph,A2YE2I9DYV9OKW,3IO1LGZLK9XNQIKT8ZBNBXIT9C5683,23,True
394,"[10361, 15763, 20281]","[u'down', u'down', u'right']","[1260, 2550, 4005, 4930, 5898, 7483, 17480, 18641]","[u'2', u'3', u'4', u'5', u'9', u'7', u'17', u'16']",1.0,"[1, 0, 0]",1.6,45.0,"[1, 5, 9, 17]","[10360, 1, 3312]",-2.8,835805,0.0,6.0,graph,A2YE2I9DYV9OKW,3IO1LGZLK9XNQIKT8ZBNBXIT9C5683,23,True
395,"[16422, 65647, 67910]","[u'right', u'right', u'up']","[2134, 3396, 4663, 5577, 6758, 8491, 9625, 10927, 11825, 13297, 14943]","[u'3', u'4', u'2', u'5', u'9', u'6', u'8', u'14', u'15', u'11', u'10']",1.0,"[40, 0, 0]",1.6,45.0,"[1, 2, 6, 10]","[16420, 1445, 1139]",16.4,931215,2.0,7.0,graph,A2YE2I9DYV9OKW,3IO1LGZLK9XNQIKT8ZBNBXIT9C5683,23,True
396,"[20731, 69571, 71323]","[u'left', u'left', u'up']","[2143, 3623, 4883, 8789, 9942, 12219, 13461, 15526, 16733, 17505]","[u'2', u'3', u'4', u'7', u'8', u'14', u'15', u'6', u'10', u'11']",1.0,"[41, 0, 0]",1.6,45.0,"[1, 4, 8, 14]","[20730, 586, 655]",18.0,1027277,5.0,8.0,graph,A2YE2I9DYV9OKW,3IO1LGZLK9XNQIKT8ZBNBXIT9C5683,23,True
410,"[4802, 15509, 21396]","[u'right', u'right', u'up']",[],[],0.0,"[8, 0, 1]",1.6,45.0,"[1, 2, 6, 10]","[4801, 397, 4350]",6.0,443155,5.0,1.0,graph,A34D413HR7ZIFM,3PDJHANYK5GGJTLMB35TOABSCVU6HH,24,True
411,"[1492, 34006, 37360]","[u'down', u'down', u'right']",[],[],0.0,"[8, 0, 1]",1.6,45.0,"[1, 5, 9, 17]","[1491, 22223, 1688]",42.0,512444,4.0,2.0,graph,A34D413HR7ZIFM,3PDJHANYK5GGJTLMB35TOABSCVU6HH,24,True
412,"[2676, 13730, 15422]","[u'up', u'up', u'right']",[],[],0.0,"[8, 0, 1]",1.6,45.0,"[1, 3, 7, 13]","[2676, 810, 135]",21.0,572680,1.0,3.0,graph,A34D413HR7ZIFM,3PDJHANYK5GGJTLMB35TOABSCVU6HH,24,True
413,"[1098, 12598, 17080]","[u'left', u'left', u'down']","[14132, 15489]","[u'14', u'15']",0.0,"[8, 0, 1]",1.6,45.0,"[1, 4, 8, 15]","[1097, 1267, 2960]",36.8,632912,0.0,4.0,graph,A34D413HR7ZIFM,3PDJHANYK5GGJTLMB35TOABSCVU6HH,24,True
414,"[610, 12040, 16810]","[u'right', u'right', u'up']","[14559, 15607]","[u'10', u'11']",0.0,"[8, 0, 1]",1.6,45.0,"[1, 2, 6, 10]","[609, 1209, 3095]",18.8,689925,7.0,5.0,graph,A34D413HR7ZIFM,3PDJHANYK5GGJTLMB35TOABSCVU6HH,24,True
415,"[4272, 20807, 23400]","[u'down', u'down', u'left']","[1225, 2175, 2725, 3228, 18938, 19880]","[u'3', u'2', u'5', u'4', u'17', u'16']",0.0,"[8, 0, 1]",1.6,45.0,"[1, 5, 9, 16]","[4272, 2418, 597]",-3.6,775994,3.0,6.0,graph,A34D413HR7ZIFM,3PDJHANYK5GGJTLMB35TOABSCVU6HH,24,True
416,"[1170, 23712, 28857]","[u'up', u'up', u'left']","[26760, 27522]","[u'13', u'12']",0.0,"[8, 0, 1]",1.6,45.0,"[1, 3, 7, 12]","[1168, 12275, 3650]",33.8,851805,6.0,7.0,graph,A34D413HR7ZIFM,3PDJHANYK5GGJTLMB35TOABSCVU6HH,24,True
417,"[2546, 13592, 15139]","[u'left', u'left', u'down']",[],[],0.0,"[8, 0, 1]",1.6,45.0,"[1, 4, 8, 15]","[2546, 633, 3]",8.0,908101,2.0,8.0,graph,A34D413HR7ZIFM,3PDJHANYK5GGJTLMB35TOABSCVU6HH,24,True
425,"[21615, 33636, 38950]","[u'up', u'up', u'right']","[7731, 17252]","[u'3', u'7']",1.0,"[1, 0, 0]",1.6,45.0,"[1, 3, 7, 13]","[21613, 183, 1666]",27.8,389730,6.0,1.0,graph,A3862RIFFUV141,32Z9ZLUT1LK68ZRQBZRN5AXJXVOHOH,25,True
426,"[20228, 48312, 67624]","[u'left', u'left', u'up']","[1966, 7027, 10719, 15239, 18833, 55040, 56512, 62505]","[u'4', u'5', u'9', u'3', u'8', u'14', u'15', u'10']",1.0,"[8, 0, 0]",1.6,45.0,"[1, 4, 8, 14]","[20228, 1592, 16095]",-2.8,485839,2.0,2.0,graph,A3862RIFFUV141,32Z9ZLUT1LK68ZRQBZRN5AXJXVOHOH,25,True
427,"[26681, 104030, 107547]","[u'down', u'down', u'left']","[1983, 5019, 7378, 9770, 11736, 15002, 16994, 19331, 20847, 24634]","[u'10', u'2', u'3', u'13', u'12', u'8', u'14', u'4', u'15', u'16']",1.0,"[44, 0, 0]",1.6,45.0,"[1, 5, 9, 16]","[26681, 2548, 5]",30.0,614682,1.0,3.0,graph,A3862RIFFUV141,32Z9ZLUT1LK68ZRQBZRN5AXJXVOHOH,25,True
428,"[14140, 63078, 66558]","[u'right', u'right', u'up']","[2812, 5356, 8028, 10092, 12183]","[u'5', u'3', u'13', u'10', u'2']",1.0,"[27, 0, 0]",1.6,45.0,"[1, 2, 6, 10]","[14139, 2450, 16]",14.0,716129,7.0,4.0,graph,A3862RIFFUV141,32Z9ZLUT1LK68ZRQBZRN5AXJXVOHOH,25,True
429,"[8961, 47399, 50229]","[u'up', u'up', u'left']","[1961, 4423, 5903, 7623]","[u'3', u'7', u'13', u'12']",1.0,"[24, 0, 0]",1.6,45.0,"[1, 3, 7, 12]","[8960, 1006, 20]",16.6,804901,4.0,5.0,graph,A3862RIFFUV141,32Z9ZLUT1LK68ZRQBZRN5AXJXVOHOH,25,True
430,"[13408, 65750, 69209]","[u'right', u'right', u'up']","[1265, 3002, 5063, 6615, 7747, 9554, 10495, 11639]","[u'4', u'5', u'9', u'17', u'16', u'2', u'6', u'10']",1.0,"[29, 0, 0]",1.6,45.0,"[1, 2, 6, 10]","[13406, 1044, 6]",21.2,909137,3.0,6.0,graph,A3862RIFFUV141,32Z9ZLUT1LK68ZRQBZRN5AXJXVOHOH,25,True
431,"[5625, 17399, 20646]","[u'up', u'up', u'right']",[1097],[u'3'],1.0,"[3, 0, 0]",1.6,45.0,"[1, 3, 7, 13]","[5624, 706, 14]",13.4,973077,0.0,7.0,graph,A3862RIFFUV141,32Z9ZLUT1LK68ZRQBZRN5AXJXVOHOH,25,True
432,"[626, 11731, 15082]","[u'down', u'down', u'left']",[],[],1.0,"[5, 0, 0]",1.6,45.0,"[1, 5, 9, 16]","[624, 439, 4]",16.0,1039440,5.0,8.0,graph,A3862RIFFUV141,32Z9ZLUT1LK68ZRQBZRN5AXJXVOHOH,25,True
438,"[23385, 36589, 49953]","[u'right', u'right', u'down']","[9699, 43917, 46202]","[u'2', u'10', u'11']",2.0,"[3, 0, 0]",1.6,45.0,"[1, 2, 6, 11]","[23385, 5856, 11285]",1.2,434472,5.0,1.0,graph,A3C9GGDXBZW62D,3NLZY2D53PPBF7NWHXYPM7LQTDFLQ0,26,True
439,"[4819, 24786, 28969]","[u'right', u'right', u'up']","[1083, 2327, 3210, 3952, 26980, 27810]","[u'4', u'3', u'2', u'5', u'10', u'11']",2.0,"[11, 0, 0]",1.6,45.0,"[1, 2, 6, 10]","[4818, 1622, 2209]",12.4,504500,7.0,2.0,graph,A3C9GGDXBZW62D,3NLZY2D53PPBF7NWHXYPM7LQTDFLQ0,26,True
440,"[27828, 70939, 73483]","[u'down', u'down', u'left']","[2836, 4907, 6337, 7981, 10596, 11706, 12494, 23067, 24050]","[u'3', u'4', u'5', u'2', u'7', u'12', u'13', u'9', u'16']",2.0,"[31, 0, 0]",1.6,45.0,"[1, 5, 9, 16]","[27827, 2769, 1034]",31.6,594988,1.0,3.0,graph,A3C9GGDXBZW62D,3NLZY2D53PPBF7NWHXYPM7LQTDFLQ0,26,True
441,"[29939, 130908, 138615]","[u'down', u'down', u'right']","[2135, 3423, 4179, 4887, 5956, 7263, 8162, 12762, 13601, 14407, 26086, 27698, 28828, 117982, 118974, 128649]","[u'3', u'4', u'5', u'2', u'8', u'14', u'15', u'6', u'11', u'10', u'9', u'16', u'17', u'7', u'12', u'13']",2.0,"[70, 3, 0]",1.6,45.0,"[1, 5, 9, 17]","[29938, 20952, 3113]",16.4,739141,4.0,4.0,graph,A3C9GGDXBZW62D,3NLZY2D53PPBF7NWHXYPM7LQTDFLQ0,26,True
442,"[35555, 50974, 53303]","[u'right', u'right', u'up']","[2590, 6307, 8079, 9033, 10175, 12617, 13699, 14866, 15872, 17112, 18045, 19414, 22406, 24014]","[u'3', u'4', u'5', u'2', u'9', u'8', u'14', u'15', u'7', u'13', u'12', u'6', u'10', u'11']",2.0,"[None, 0, 0]",1.6,45.0,"[1, 2, 6, 10]","[35554, 15, 994]",11.6,801537,2.0,5.0,graph,A3C9GGDXBZW62D,3NLZY2D53PPBF7NWHXYPM7LQTDFLQ0,26,True
443,"[34147, 125516, 128338]","[u'left', u'left', u'up']","[10400, 12695, 14027, 17375, 19687, 20621, 21605, 26809, 27753, 28497, 29419]","[u'3', u'12', u'13', u'2', u'4', u'14', u'8', u'5', u'9', u'16', u'17']",2.0,"[71, 0, 0]",1.6,45.0,"[1, 4, 8, 14]","[34147, 7834, 1051]",22.4,934364,0.0,6.0,graph,A3C9GGDXBZW62D,3NLZY2D53PPBF7NWHXYPM7LQTDFLQ0,26,True
444,"[31012, 121891, 123776]","[u'up', u'up', u'left']","[5566, 6872, 7776, 8872, 10954, 13118, 13876, 16131, 17038, 17880, 18784, 20000, 20996, 26065]","[u'3', u'7', u'12', u'13', u'4', u'14', u'15', u'2', u'5', u'11', u'10', u'16', u'17', u'8']",2.0,"[76, 0, 0]",1.6,45.0,"[1, 3, 7, 12]","[31010, 3988, 484]",14.6,1074948,6.0,7.0,graph,A3C9GGDXBZW62D,3NLZY2D53PPBF7NWHXYPM7LQTDFLQ0,26,True
445,"[32256, 115821, 117445]","[u'right', u'right', u'up']","[4134, 6251, 7271, 8235, 9371, 10853, 11663, 13305, 18049, 18786, 20521, 21519, 22189, 27706]","[u'3', u'4', u'5', u'2', u'9', u'16', u'17', u'6', u'11', u'10', u'7', u'12', u'13', u'8']",2.0,"[70, 0, 0]",1.6,45.0,"[1, 2, 6, 10]","[32255, 3010, 233]",11.6,1214805,3.0,8.0,graph,A3C9GGDXBZW62D,3NLZY2D53PPBF7NWHXYPM7LQTDFLQ0,26,True
453,"[8128, 17952, 23778]","[u'up', u'up', u'right']",[],[],0.0,"[8, 0, 1]",1.6,45.0,"[1, 3, 7, 13]","[8125, 720, 4983]",3.0,546746,7.0,1.0,graph,A3EU2ZIKRJTLQD,39ASUFLU6X7HIYEGMP6D3KRZHI0XEJ,27,True
454,"[4844, 15582, 21591]","[u'right', u'right', u'up']",[],[],0.0,"[8, 0, 1]",1.6,45.0,"[1, 2, 6, 10]","[4843, 1637, 5159]",16.0,605280,6.0,2.0,graph,A3EU2ZIKRJTLQD,39ASUFLU6X7HIYEGMP6D3KRZHI0XEJ,27,True
455,"[2365, 18877, 31614]","[u'down', u'down', u'right']",[],[],0.0,"[8, 0, 1]",1.6,45.0,"[1, 5, 9, 17]","[2365, 7425, 11866]",10.0,665905,0.0,3.0,graph,A3EU2ZIKRJTLQD,39ASUFLU6X7HIYEGMP6D3KRZHI0XEJ,27,True
456,"[2379, 12481, 16990]","[u'left', u'left', u'up']",[],[],0.0,"[8, 0, 1]",1.6,45.0,"[1, 4, 8, 14]","[2379, 1008, 3663]",4.0,724312,1.0,4.0,graph,A3EU2ZIKRJTLQD,39ASUFLU6X7HIYEGMP6D3KRZHI0XEJ,27,True
457,"[20108, 33980, 43308]","[u'down', u'down', u'right']","[5140, 14146, 15553, 17258]","[u'2', u'3', u'4', u'5']",0.0,"[8, 0, 1]",1.6,45.0,"[1, 5, 9, 17]","[20107, 3457, 8470]",-6.4,782126,3.0,5.0,graph,A3EU2ZIKRJTLQD,39ASUFLU6X7HIYEGMP6D3KRZHI0XEJ,27,True
458,"[3259, 15179, 23051]","[u'up', u'up', u'left']",[],[],0.0,"[8, 0, 1]",1.6,45.0,"[1, 3, 7, 12]","[3258, 2823, 7028]",23.0,839161,4.0,6.0,graph,A3EU2ZIKRJTLQD,39ASUFLU6X7HIYEGMP6D3KRZHI0XEJ,27,True
459,"[6717, 17955, 23100]","[u'right', u'right', u'up']",[],[],0.0,"[8, 0, 1]",1.6,45.0,"[1, 2, 6, 10]","[6716, 2125, 4295]",34.0,894691,2.0,7.0,graph,A3EU2ZIKRJTLQD,39ASUFLU6X7HIYEGMP6D3KRZHI0XEJ,27,True
460,"[1476, 11651, 15704]","[u'right', u'right', u'up']",[],[],0.0,"[8, 0, 1]",1.6,45.0,"[1, 2, 6, 10]","[1476, 1081, 3187]",6.0,953755,5.0,8.0,graph,A3EU2ZIKRJTLQD,39ASUFLU6X7HIYEGMP6D3KRZHI0XEJ,27,True
480,"[13160, 22735, 60263]","[u'up', u'up', u'right']","[7974, 27509, 29783]","[u'6', u'12', u'13']",2.0,"[5, 0, 0]",1.6,45.0,"[1, 3, 7, 13]","[13158, 2890, 36476]",-1.8,504073,7.0,1.0,graph,A3HMDGRGC5JB7E,39OWYR0EPKRYOH4MMWCL4GJ8VP9YF8,28,True
481,"[8946, 40837, 43291]","[u'down', u'down', u'right']","[3082, 5497, 6789, 7778]","[u'8', u'13', u'10', u'17']",2.0,"[28, 0, 0]",1.6,45.0,"[1, 5, 9, 17]","[8946, 910, 1465]",7.6,593082,5.0,2.0,graph,A3HMDGRGC5JB7E,39OWYR0EPKRYOH4MMWCL4GJ8VP9YF8,28,True
482,"[6611, 21694, 28658]","[u'up', u'up', u'right']","[2585, 3346, 3933, 4689, 16528, 17361, 18845]","[u'2', u'4', u'5', u'3', u'12', u'13', u'7']",2.0,"[5, 3, 0]",1.6,45.0,"[1, 3, 7, 13]","[6611, 6096, 2500]",9.8,652567,1.0,3.0,graph,A3HMDGRGC5JB7E,39OWYR0EPKRYOH4MMWCL4GJ8VP9YF8,28,True
483,"[13280, 63092, 65722]","[u'right', u'right', u'up']","[4837, 5867, 6598, 7319, 9292, 10365, 10835, 11264]","[u'12', u'10', u'17', u'15', u'3', u'2', u'5', u'4']",2.0,"[45, 0, 0]",1.6,45.0,"[1, 2, 6, 10]","[13279, 1068, 1401]",21.2,758818,2.0,4.0,graph,A3HMDGRGC5JB7E,39OWYR0EPKRYOH4MMWCL4GJ8VP9YF8,28,True
484,"[927, 13429, 18454]","[u'down', u'down', u'right']","[9370, 10357, 11415]","[u'17', u'16', u'9']",2.0,"[5, 3, 0]",1.6,45.0,"[1, 5, 9, 17]","[927, 5855, 542]",1.2,824225,6.0,5.0,graph,A3HMDGRGC5JB7E,39OWYR0EPKRYOH4MMWCL4GJ8VP9YF8,28,True
485,"[5581, 19927, 25837]","[u'down', u'down', u'right']","[2727, 3365, 3834, 4262, 17101, 22496, 23108]","[u'3', u'4', u'5', u'2', u'9', u'17', u'16']",2.0,"[7, 1, 0]",1.6,45.0,"[1, 5, 9, 17]","[5581, 4443, 4609]",-1.2,895714,0.0,6.0,graph,A3HMDGRGC5JB7E,39OWYR0EPKRYOH4MMWCL4GJ8VP9YF8,28,True
486,"[16099, 106046, 109482]","[u'right', u'right', u'up']","[1669, 2591, 3052, 3572, 4077, 4562, 4923, 5645, 5922, 7341, 7769, 8701, 9220]","[u'13', u'10', u'11', u'17', u'16', u'15', u'14', u'12', u'7', u'8', u'4', u'2', u'6']",2.0,"[70, 0, 0]",1.6,45.0,"[1, 2, 6, 10]","[16099, 16488, 2480]",13.2,1015956,3.0,7.0,graph,A3HMDGRGC5JB7E,39OWYR0EPKRYOH4MMWCL4GJ8VP9YF8,28,True
487,"[14933, 103270, 105549]","[u'down', u'down', u'right']","[1742, 2940, 3587, 4913, 6079, 7110, 7690, 8362, 9402, 10090, 10704, 11341]","[u'12', u'3', u'7', u'2', u'4', u'8', u'15', u'14', u'5', u'9', u'16', u'17']",2.0,"[82, 0, 0]",1.6,45.0,"[1, 5, 9, 17]","[14933, 1804, 1175]",22.8,1199628,4.0,8.0,graph,A3HMDGRGC5JB7E,39OWYR0EPKRYOH4MMWCL4GJ8VP9YF8,28,True
493,"[28198, 77909, 80969]","[u'down', u'down', u'right']","[4927, 8267, 10032, 11168, 14268, 17146, 18688, 20808, 22368, 23354]","[u'2', u'5', u'4', u'3', u'8', u'15', u'14', u'9', u'16', u'17']",2.0,"[40, 0, 0]",1.6,45.0,"[1, 5, 9, 17]","[28198, 5245, 2167]",26.0,542949,4.0,1.0,graph,A3SSHRVWPASGML,3NVC2EB65QZ385OT21BJ37UBS05Y32,29,True
494,"[32480, 112781, 114011]","[u'down', u'down', u'left']","[1990, 3160, 4086, 4776, 5921, 7471, 9098, 10351, 17243, 18611, 20481, 22650, 23824, 24808, 26685, 29010]","[u'4', u'3', u'2', u'5', u'9', u'7', u'6', u'8', u'12', u'13', u'16', u'17', u'11', u'10', u'15', u'14']",2.0,"[71, 0, 0]",1.6,45.0,"[1, 5, 9, 16]","[32480, 3554, 442]",20.4,678860,1.0,2.0,graph,A3SSHRVWPASGML,3NVC2EB65QZ385OT21BJ37UBS05Y32,29,True
495,"[26033, 68716, 70077]","[u'right', u'right', u'down']","[8564, 9684, 11190, 12081, 13724, 16414, 18804, 19964, 22074, 23005]","[u'4', u'2', u'3', u'5', u'9', u'8', u'15', u'14', u'6', u'11']",2.0,"[36, 0, 7]",1.6,45.0,"[1, 2, 6, 11]","[26033, 1841, 403]",16.0,781636,2.0,3.0,graph,A3SSHRVWPASGML,3NVC2EB65QZ385OT21BJ37UBS05Y32,29,True
496,"[9160, 23460, 26899]","[u'left', u'left', u'down']","[2540, 3125, 3885, 4683, 6290, 7210, 24744, 25759]","[u'2', u'5', u'4', u'3', u'7', u'8', u'15', u'14']",2.0,"[8, 0, 0]",1.6,45.0,"[1, 4, 8, 15]","[9160, 2470, 2399]",15.2,851057,6.0,4.0,graph,A3SSHRVWPASGML,3NVC2EB65QZ385OT21BJ37UBS05Y32,29,True
497,"[13600, 41003, 45953]","[u'right', u'right', u'up']","[1149, 2407, 3366, 5140, 6256, 8295, 8950, 10305, 44058]","[u'4', u'2', u'5', u'9', u'6', u'17', u'16', u'10', u'11']",2.0,"[22, 0, 1]",1.6,45.0,"[1, 2, 6, 10]","[13600, 1100, 3993]",19.6,931604,3.0,5.0,graph,A3SSHRVWPASGML,3NVC2EB65QZ385OT21BJ37UBS05Y32,29,True
498,"[15854, 50630, 53225]","[u'left', u'left', u'up']","[1072, 2143, 3183, 4373, 5573, 8128, 10803, 12074, 12922]","[u'2', u'3', u'4', u'8', u'7', u'15', u'13', u'12', u'14']",2.0,"[29, 0, 0]",1.6,45.0,"[1, 4, 8, 14]","[15854, 1471, 1682]",25.6,1015930,0.0,6.0,graph,A3SSHRVWPASGML,3NVC2EB65QZ385OT21BJ37UBS05Y32,29,True
499,"[7413, 27849, 32674]","[u'up', u'up', u'right']","[721, 1669, 2903, 4268, 21442, 22689, 23653]","[u'4', u'3', u'2', u'5', u'7', u'13', u'12']",2.0,"[10, 3, 0]",1.6,45.0,"[1, 3, 7, 13]","[7413, 7520, 540]",-10.2,1082287,5.0,7.0,graph,A3SSHRVWPASGML,3NVC2EB65QZ385OT21BJ37UBS05Y32,29,True
500,"[18195, 64824, 66707]","[u'right', u'right', u'up']","[1450, 2176, 2900, 3870, 5432, 6950, 7899, 9520, 10855, 13080, 14160, 77433, 82623, 83513]","[u'4', u'3', u'2', u'5', u'6', u'10', u'11', u'8', u'7', u'13', u'12', u'17', u'9', u'16']",2.0,"[40, 0, 0]",1.6,45.0,"[1, 2, 6, 10]","[18195, 1512, 990]",-0.4,1178570,7.0,8.0,graph,A3SSHRVWPASGML,3NVC2EB65QZ385OT21BJ37UBS05Y32,29,True
510,"[7154, 17087, 21315]","[u'left', u'left', u'up']","[2046, 15847, 19882]","[u'4', u'8', u'14']",2.0,"[2, 1, 0]",1.6,45.0,"[1, 4, 8, 14]","[7152, 2510, 1448]",29.2,440882,5.0,1.0,graph,A9VLWY4KW6OCB,3UNH76FOCS54URW38JGYZ63HSRMYMI,30,True
511,"[12609, 19852, 25787]","[u'up', u'up', u'left']","[9327, 10358, 19883, 22920, 24210]","[u'2', u'3', u'7', u'13', u'12']",2.0,"[1, 1, 0]",1.6,45.0,"[1, 3, 7, 12]","[12609, 8, 2876]",29.0,500967,6.0,2.0,graph,A9VLWY4KW6OCB,3UNH76FOCS54URW38JGYZ63HSRMYMI,30,True
512,"[8297, 25441, 32134]","[u'right', u'right', u'up']","[2384, 3258, 4086, 4930, 29498, 30961]","[u'2', u'4', u'5', u'3', u'10', u'11']",2.0,"[5, 0, 0]",1.6,45.0,"[1, 2, 6, 10]","[8297, 1512, 4141]",12.4,569968,7.0,3.0,graph,A9VLWY4KW6OCB,3UNH76FOCS54URW38JGYZ63HSRMYMI,30,True
513,"[4483, 31791, 40114]","[u'down', u'down', u'right']","[960, 1798, 2496, 3121, 25347, 25958, 26570]","[u'2', u'4', u'3', u'5', u'9', u'17', u'16']",2.0,"[8, 3, 0]",1.6,45.0,"[1, 5, 9, 17]","[4482, 8386, 1827]",-7.2,644234,2.0,4.0,graph,A9VLWY4KW6OCB,3UNH76FOCS54URW38JGYZ63HSRMYMI,30,True
514,"[14855, 93027, 95428]","[u'down', u'down', u'left']","[1334, 2971, 3926, 4482, 6335, 7005, 7972, 8605, 9816, 10709, 12613, 13257]","[u'3', u'7', u'13', u'12', u'2', u'4', u'5', u'6', u'8', u'9', u'17', u'16']",2.0,"[59, 0, 0]",1.6,45.0,"[1, 5, 9, 16]","[14854, 616, 215]",26.8,771221,1.0,5.0,graph,A9VLWY4KW6OCB,3UNH76FOCS54URW38JGYZ63HSRMYMI,30,True
515,"[13803, 33064, 34950]","[u'left', u'left', u'up']","[1326, 1994, 2648, 3285, 4638, 5422, 6330, 7670, 8681, 9186, 10093, 10758, 12102]","[u'4', u'3', u'2', u'5', u'9', u'16', u'17', u'7', u'12', u'13', u'8', u'14', u'15']",2.0,"[None, 0, 0]",1.6,45.0,"[1, 4, 8, 14]","[13802, 5, 5]",19.2,838658,0.0,6.0,graph,A9VLWY4KW6OCB,3UNH76FOCS54URW38JGYZ63HSRMYMI,30,True
516,"[12333, 85683, 87853]","[u'right', u'right', u'up']","[2671, 3164, 4007, 4512, 5328, 5828, 6407, 7751, 8803, 9579, 10158]","[u'4', u'3', u'2', u'5', u'9', u'17', u'16', u'7', u'6', u'10', u'11']",2.0,"[51, 0, 0]",1.6,45.0,"[1, 2, 6, 10]","[12333, 2188, 4]",16.4,962755,3.0,7.0,graph,A9VLWY4KW6OCB,3UNH76FOCS54URW38JGYZ63HSRMYMI,30,True
517,"[8755, 81401, 83598]","[u'down', u'down', u'right']","[861, 1335, 1817, 2272, 2980, 3553, 4161, 5880, 6458, 6975]","[u'4', u'3', u'2', u'5', u'8', u'14', u'15', u'9', u'16', u'17']",2.0,"[44, 0, 0]",1.6,45.0,"[1, 5, 9, 17]","[8755, 9954, 3]",26.0,1088559,4.0,8.0,graph,A9VLWY4KW6OCB,3UNH76FOCS54URW38JGYZ63HSRMYMI,30,True
527,"[25740, 43317, 46660]","[u'down', u'down', u'right']","[10666, 13375, 15700, 17852, 18868, 21516, 24566]","[u'2', u'5', u'3', u'7', u'9', u'17', u'16']",2.0,"[13, 0, 0]",1.6,45.0,"[1, 5, 9, 17]","[25740, 1542, 2546]",-1.2,498285,0.0,1.0,graph,AADDOP3FHMAV1,3TVSS0C0E104IHRN2FZM0NDTBRIWTI,31,True
528,"[31556, 45349, 48752]","[u'left', u'left', u'down']","[13388, 22489, 25437, 26865, 28429, 29927, 42339, 43380]","[u'3', u'2', u'5', u'4', u'7', u'8', u'14', u'15']",2.0,"[6, 2, 0]",1.6,45.0,"[1, 4, 8, 15]","[31556, 4887, 464]",15.2,574058,6.0,2.0,graph,AADDOP3FHMAV1,3TVSS0C0E104IHRN2FZM0NDTBRIWTI,31,True
529,"[7348, 21521, 25897]","[u'up', u'up', u'right']","[3057, 4305, 5706, 6380, 14526, 17593, 18293]","[u'2', u'3', u'5', u'4', u'7', u'13', u'12']",2.0,"[4, 3, 0]",1.6,45.0,"[1, 3, 7, 13]","[7348, 7879, 320]",9.8,637002,1.0,3.0,graph,AADDOP3FHMAV1,3TVSS0C0E104IHRN2FZM0NDTBRIWTI,31,True
530,"[23377, 74256, 75374]","[u'left', u'left', u'up']","[8900, 10161, 13268, 14632, 16858, 17907, 19164, 20822]","[u'2', u'4', u'5', u'15', u'14', u'8', u'3', u'7']",2.0,"[43, 0, 0]",1.6,45.0,"[1, 4, 8, 14]","[23377, 5013, 287]",21.2,786415,5.0,4.0,graph,AADDOP3FHMAV1,3TVSS0C0E104IHRN2FZM0NDTBRIWTI,31,True
531,"[22121, 70461, 71503]","[u'down', u'down', u'right']","[14310, 15142, 15697, 16199, 17024, 17609, 18169, 19361, 19994, 20746]","[u'2', u'3', u'4', u'5', u'8', u'14', u'15', u'9', u'16', u'17']",2.0,"[41, 0, 0]",1.6,45.0,"[1, 5, 9, 17]","[22121, 3588, 255]",26.0,920970,4.0,5.0,graph,AADDOP3FHMAV1,3TVSS0C0E104IHRN2FZM0NDTBRIWTI,31,True
532,"[12656, 66709, 68780]","[u'right', u'right', u'up']","[2233, 2909, 4010, 4702, 5618, 6663, 7230, 7976, 9362, 10224, 11223]","[u'2', u'3', u'4', u'5', u'9', u'8', u'14', u'15', u'6', u'10', u'11']",2.0,"[45, 0, 0]",1.6,45.0,"[1, 2, 6, 10]","[12656, 4983, 1275]",16.4,1041150,2.0,6.0,graph,AADDOP3FHMAV1,3TVSS0C0E104IHRN2FZM0NDTBRIWTI,31,True
533,"[32173, 48878, 49731]","[u'right', u'right', u'up']","[29176, 29911, 30509]","[u'2', u'6', u'10']",2.0,"[4, 0, 0]",1.6,45.0,"[1, 2, 6, 10]","[32173, 10569, 1]",29.2,1107382,3.0,7.0,graph,AADDOP3FHMAV1,3TVSS0C0E104IHRN2FZM0NDTBRIWTI,31,True
534,"[7723, 31455, 32293]","[u'right', u'right', u'up']","[1225, 2194, 3072, 3719, 4543, 5071, 5935]","[u'3', u'4', u'5', u'2', u'6', u'10', u'11']",2.0,"[14, 0, 0]",1.6,45.0,"[1, 2, 6, 10]","[7723, 6594, 2]",10.8,1187292,7.0,8.0,graph,AADDOP3FHMAV1,3TVSS0C0E104IHRN2FZM0NDTBRIWTI,31,True
542,"[4883, 13176, 19015]","[u'right', u'right', u'up']",[15633],[u'10'],1.0,"[5, 0, 0]",1.6,45.0,"[1, 2, 6, 10]","[4882, 1999, 4926]",20.4,444310,4.0,1.0,graph,AHPOUVK6YUTK1,3JJVG1YBEBXA9CIM6SLSATUULNEB5Q,32,True
543,"[10042, 40065, 43267]","[u'left', u'left', u'up']","[3088, 5442, 8976]","[u'15', u'14', u'4']",1.0,"[26, 0, 0]",1.6,45.0,"[1, 4, 8, 14]","[10041, 1696, 2282]",29.2,520166,5.0,2.0,graph,AHPOUVK6YUTK1,3JJVG1YBEBXA9CIM6SLSATUULNEB5Q,32,True
544,"[19563, 84066, 88074]","[u'right', u'right', u'up']","[1864, 3776, 5996, 7521, 10402, 12763, 14323, 17576, 86977]","[u'2', u'11', u'5', u'16', u'4', u'14', u'3', u'17', u'10']",1.0,"[39, 0, 0]",1.6,45.0,"[1, 2, 6, 10]","[19562, 21697, 3044]",19.6,612655,2.0,3.0,graph,AHPOUVK6YUTK1,3JJVG1YBEBXA9CIM6SLSATUULNEB5Q,32,True
545,"[12608, 57905, 60600]","[u'down', u'down', u'left']","[4394, 6125, 8270, 9705, 11072]","[u'12', u'13', u'15', u'14', u'16']",1.0,"[40, 0, 0]",1.6,45.0,"[1, 5, 9, 16]","[12607, 2414, 1771]",38.0,701648,1.0,4.0,graph,AHPOUVK6YUTK1,3JJVG1YBEBXA9CIM6SLSATUULNEB5Q,32,True
546,"[20712, 96646, 101601]","[u'left', u'left', u'up']","[2060, 3462, 5803, 7002, 8090, 10220, 12016, 16663, 17833, 19892]","[u'10', u'11', u'17', u'16', u'15', u'4', u'14', u'13', u'3', u'12']",1.0,"[70, 0, 0]",1.6,45.0,"[1, 4, 8, 14]","[20711, 2595, 3347]",24.0,825532,0.0,5.0,graph,AHPOUVK6YUTK1,3JJVG1YBEBXA9CIM6SLSATUULNEB5Q,32,True
547,"[18216, 66556, 68519]","[u'left', u'left', u'up']","[2438, 4311, 7091, 8241, 9404, 12575, 14467, 16251, 63448]","[u'5', u'2', u'3', u'4', u'10', u'11', u'15', u'14', u'8']",1.0,"[27, 1, 0]",1.6,45.0,"[1, 4, 8, 14]","[18215, 17123, 993]",3.6,912122,7.0,6.0,graph,AHPOUVK6YUTK1,3JJVG1YBEBXA9CIM6SLSATUULNEB5Q,32,True
548,"[4354, 35584, 43829]","[u'up', u'up', u'right']","[38086, 39573]","[u'13', u'12']",1.0,"[5, 0, 0]",1.6,45.0,"[1, 3, 7, 13]","[4353, 24999, 7277]",1.8,966451,3.0,7.0,graph,AHPOUVK6YUTK1,3JJVG1YBEBXA9CIM6SLSATUULNEB5Q,32,True
549,"[6194, 35583, 41838]","[u'left', u'left', u'down']","[1830, 3122, 4835, 39003, 40269]","[u'11', u'2', u'4', u'14', u'15']",1.0,"[18, 0, 0]",1.6,45.0,"[1, 4, 8, 15]","[6194, 9230, 5213]",20.0,1033928,6.0,8.0,graph,AHPOUVK6YUTK1,3JJVG1YBEBXA9CIM6SLSATUULNEB5Q,32,True
555,"[25520, 56910, 59066]","[u'right', u'right', u'up']","[11943, 12568, 13161, 15583, 20302, 22115, 22800]","[u'3', u'2', u'5', u'4', u'6', u'10', u'11']",1.0,"[17, 0, 0]",1.6,45.0,"[1, 2, 6, 10]","[25520, 3060, 370]",10.8,301993,7.0,1.0,graph,AKZ8SFOAI4RZN,3S96KQ6I9M459BRWLKUW8ZO84BCDTQ,33,True
556,"[27109, 44362, 45750]","[u'right', u'right', u'up']","[2876, 3597, 4426, 5095, 6709, 7694, 8638, 9542, 14737, 15555, 16697, 17381, 18283, 19045, 20736, 21392]","[u'4', u'3', u'5', u'2', u'8', u'6', u'7', u'9', u'14', u'15', u'12', u'13', u'10', u'11', u'17', u'16']",1.0,"[None, 0, 0]",1.6,45.0,"[1, 2, 6, 10]","[27109, 1, 20]",8.4,372150,2.0,2.0,graph,AKZ8SFOAI4RZN,3S96KQ6I9M459BRWLKUW8ZO84BCDTQ,33,True
557,"[33071, 140572, 141915]","[u'right', u'right', u'up']","[2329, 2950, 3577, 4219, 6781, 7687, 8619, 10079, 10812, 12376, 13860, 14660, 15572, 17731, 18955, 23954]","[u'4', u'5', u'3', u'2', u'9', u'17', u'16', u'6', u'11', u'10', u'7', u'13', u'12', u'8', u'15', u'14']",1.0,"[79, 0, 0]",1.6,45.0,"[1, 2, 6, 10]","[33071, 13521, 2]",8.4,522862,3.0,3.0,graph,AKZ8SFOAI4RZN,3S96KQ6I9M459BRWLKUW8ZO84BCDTQ,33,True
558,"[11216, 68213, 69989]","[u'down', u'down', u'right']","[907, 1866, 2341, 3014, 3705, 4201, 4882, 6771, 7826, 9138]","[u'2', u'4', u'3', u'5', u'8', u'15', u'14', u'9', u'17', u'16']",1.0,"[37, 0, 0]",1.6,45.0,"[1, 5, 9, 17]","[11216, 7059, 2]",26.0,624572,4.0,4.0,graph,AKZ8SFOAI4RZN,3S96KQ6I9M459BRWLKUW8ZO84BCDTQ,33,True
559,"[26430, 99848, 101543]","[u'left', u'left', u'up']","[1180, 2119, 2946, 4593, 5940, 6650, 7337, 7786, 10956, 11797, 17134, 18028]","[u'5', u'9', u'4', u'8', u'3', u'7', u'2', u'6', u'11', u'10', u'15', u'14']",1.0,"[43, 0, 0]",1.6,45.0,"[1, 4, 8, 14]","[26429, 13371, 1]",14.8,732793,5.0,5.0,graph,AKZ8SFOAI4RZN,3S96KQ6I9M459BRWLKUW8ZO84BCDTQ,33,True
560,"[19206, 80641, 82386]","[u'down', u'down', u'left']","[7629, 8408, 9207, 9881, 10851, 12728, 13328, 14877, 15841, 16534]","[u'4', u'2', u'3', u'5', u'7', u'12', u'13', u'9', u'17', u'16']",1.0,"[41, 0, 0]",1.6,45.0,"[1, 5, 9, 16]","[19206, 6987, 1]",30.0,884608,1.0,6.0,graph,AKZ8SFOAI4RZN,3S96KQ6I9M459BRWLKUW8ZO84BCDTQ,33,True
561,"[21059, 35121, 36786]","[u'up', u'up', u'left']","[1374, 2052, 2709, 3341, 6058, 7326, 10326, 11108, 13565, 15137, 17782]","[u'4', u'3', u'2', u'5', u'8', u'7', u'14', u'15', u'12', u'13', u'9']",1.0,"[None, 0, 0]",1.6,45.0,"[1, 3, 7, 12]","[21058, 1, 1]",19.4,960869,6.0,7.0,graph,AKZ8SFOAI4RZN,3S96KQ6I9M459BRWLKUW8ZO84BCDTQ,33,True
562,"[52466, 95377, 97091]","[u'left', u'left', u'down']","[35793, 36557, 37694, 38416, 40385, 41166, 42697, 43323, 46035, 47153, 48843]","[u'4', u'5', u'2', u'3', u'9', u'7', u'17', u'16', u'8', u'15', u'14']",1.0,"[25, 0, 0]",1.6,45.0,"[1, 4, 8, 15]","[52466, 3320, 12]",22.4,1063174,0.0,8.0,graph,AKZ8SFOAI4RZN,3S96KQ6I9M459BRWLKUW8ZO84BCDTQ,33,True
604,"[2060, 12986, 19514]","[u'right', u'right', u'down']",[],[],1.0,"[5, 0, 0]",1.6,45.0,"[1, 2, 6, 11]","[2059, 4769, 5610]",0.0,842725,3.0,1.0,graph,AMEX6UDG3WZWK,3ERET4BTVM9U32OSFVB2LCIMUD6K9A,34,True
605,"[1678, 9552, 14664]","[u'down', u'down', u'right']","[40860, 42411]","[u'8', u'4']",1.0,"[5, 0, 0]",1.6,45.0,"[1, 5, 9, 17]","[1677, 1739, 4215]",-1.2,896998,7.0,2.0,graph,AMEX6UDG3WZWK,3ERET4BTVM9U32OSFVB2LCIMUD6K9A,34,True
606,"[535, 5343, 9032]","[u'down', u'down', u'left']",[],[],1.0,"[1, 0, 0]",1.6,45.0,"[1, 5, 9, 16]","[534, 2948, 2733]",2.0,945542,6.0,3.0,graph,AMEX6UDG3WZWK,3ERET4BTVM9U32OSFVB2LCIMUD6K9A,34,True
607,"[542, 11295, 15887]","[u'right', u'right', u'up']",[],[],1.0,"[5, 0, 0]",1.6,45.0,"[1, 2, 6, 10]","[541, 4616, 3665]",6.0,997983,5.0,4.0,graph,AMEX6UDG3WZWK,3ERET4BTVM9U32OSFVB2LCIMUD6K9A,34,True
608,"[1929, 12250, 17505]","[u'right', u'right', u'up']",[15533],[u'11'],1.0,"[5, 0, 0]",1.6,45.0,"[1, 2, 6, 10]","[1929, 4140, 4359]",6.4,1052217,0.0,5.0,graph,AMEX6UDG3WZWK,3ERET4BTVM9U32OSFVB2LCIMUD6K9A,34,True
609,"[1999, 7912, 11176]","[u'up', u'up', u'right']","[547, 5491]","[u'3', u'12']",1.0,"[1, 1, 0]",1.6,45.0,"[1, 3, 7, 13]","[1999, 4406, 2198]",17.8,1110750,1.0,6.0,graph,AMEX6UDG3WZWK,3ERET4BTVM9U32OSFVB2LCIMUD6K9A,34,True
610,"[5419, 18285, 22380]","[u'down', u'down', u'right']","[903, 2566, 3336, 4278]","[u'5', u'3', u'2', u'4']",1.0,"[9, 0, 0]",1.6,45.0,"[1, 5, 9, 17]","[5418, 1290, 3120]",-2.4,1169224,2.0,7.0,graph,AMEX6UDG3WZWK,3ERET4BTVM9U32OSFVB2LCIMUD6K9A,34,True
611,"[728, 88105, 89473]","[u'left', u'left', u'down']",[],[],1.0,"[5, 0, 0]",1.6,45.0,"[1, 4, 8, 15]","[728, 81195, 420]",8.0,1262161,4.0,8.0,graph,AMEX6UDG3WZWK,3ERET4BTVM9U32OSFVB2LCIMUD6K9A,34,True
621,"[11994, 25707, 28435]","[u'right', u'right', u'down']","[2574, 6222]","[u'2', u'6']",1.0,"[10, 0, 0]",1.6,45.0,"[1, 2, 6, 11]","[11994, 916, 1555]",12.8,561119,6.0,1.0,graph,AV8YCU0R4D94I,3LRLIPTPEQ988LYX71P2H7T60VPKAQ,35,True
622,"[5805, 13129, 15184]","[u'right', u'right', u'up']",[],[],1.0,"[5, 0, 0]",1.6,45.0,"[1, 2, 6, 10]","[5805, 645, 851]",8.0,657852,0.0,2.0,graph,AV8YCU0R4D94I,3LRLIPTPEQ988LYX71P2H7T60VPKAQ,35,True
623,"[8663, 10930, 16730]","[u'up', u'up', u'left']",[5616],[u'3'],1.0,"[1, 0, 0]",1.6,45.0,"[1, 3, 7, 12]","[8662, 2, 4535]",19.4,751266,1.0,3.0,graph,AV8YCU0R4D94I,3LRLIPTPEQ988LYX71P2H7T60VPKAQ,35,True
624,"[8074, 16429, 18513]","[u'down', u'down', u'right']",[5933],[u'5'],1.0,"[3, 0, 0]",1.6,45.0,"[1, 5, 9, 17]","[8074, 3082, 850]",40.4,818040,4.0,4.0,graph,AV8YCU0R4D94I,3LRLIPTPEQ988LYX71P2H7T60VPKAQ,35,True
625,"[7257, 18705, 21513]","[u'up', u'up', u'right']","[4009, 5728]","[u'4', u'3']",1.0,"[8, 0, 0]",1.6,45.0,"[1, 3, 7, 13]","[7257, 538, 1542]",1.8,900946,3.0,5.0,graph,AV8YCU0R4D94I,3LRLIPTPEQ988LYX71P2H7T60VPKAQ,35,True
626,"[8018, 13063, 14545]","[u'left', u'left', u'up']",[5149],[u'4'],1.0,"[2, 0, 0]",1.6,45.0,"[1, 4, 8, 14]","[8018, 690, 257]",32.4,982015,5.0,6.0,graph,AV8YCU0R4D94I,3LRLIPTPEQ988LYX71P2H7T60VPKAQ,35,True
627,"[19086, 28816, 30055]","[u'right', u'right', u'up']","[4648, 8961, 13467, 16682]","[u'5', u'2', u'3', u'4']",1.0,"[5, 0, 0]",1.6,45.0,"[1, 2, 6, 10]","[19086, 468, 1]",15.6,1105599,7.0,7.0,graph,AV8YCU0R4D94I,3LRLIPTPEQ988LYX71P2H7T60VPKAQ,35,True
628,"[6658, 14495, 15728]","[u'down', u'down', u'right']",[4076],[u'5'],1.0,"[3, 0, 0]",1.6,45.0,"[1, 5, 9, 17]","[6658, 2531, 4]",2.4,1166844,2.0,8.0,graph,AV8YCU0R4D94I,3LRLIPTPEQ988LYX71P2H7T60VPKAQ,35,True
636,"[7288, 160848, 163051]","[u'right', u'right', u'down']",[83291],[u'6'],0.0,"[8, 0, 1]",1.6,45.0,"[1, 2, 6, 11]","[7286, 142727, 1]",8.4,380634,7.0,1.0,graph,AY8Q6SAWGFLGU,3YGXWBAF70HBNY6S6NYDGLUY3CJ4CL,36,True
637,"[9143, 31488, 50463]","[u'right', u'right', u'down']",[],[],0.0,"[8, 0, 1]",1.6,45.0,"[1, 2, 6, 11]","[9143, 11452, 17079]",16.0,443210,6.0,2.0,graph,AY8Q6SAWGFLGU,3YGXWBAF70HBNY6S6NYDGLUY3CJ4CL,36,True
638,"[3353, 21162, 37009]","[u'down', u'down', u'right']",[32964],[u'6'],0.0,"[8, 0, 1]",1.6,45.0,"[1, 5, 9, 17]","[3353, 6946, 13721]",2.4,504579,2.0,3.0,graph,AY8Q6SAWGFLGU,3YGXWBAF70HBNY6S6NYDGLUY3CJ4CL,36,True
639,"[1625, 20154, 22641]","[u'left', u'left', u'down']",[],[],0.0,"[8, 0, 1]",1.6,45.0,"[1, 4, 8, 15]","[1624, 7630, 512]",40.0,564795,0.0,4.0,graph,AY8Q6SAWGFLGU,3YGXWBAF70HBNY6S6NYDGLUY3CJ4CL,36,True
640,"[1336, 20337, 22291]","[u'up', u'up', u'right']",[],[],0.0,"[8, 0, 1]",1.6,45.0,"[1, 3, 7, 13]","[1335, 8114, 1]",13.0,626763,4.0,5.0,graph,AY8Q6SAWGFLGU,3YGXWBAF70HBNY6S6NYDGLUY3CJ4CL,36,True
641,"[904, 15393, 17299]","[u'left', u'left', u'up']",[],[],0.0,"[8, 0, 1]",1.6,45.0,"[1, 4, 8, 14]","[903, 3589, 1]",4.0,689258,3.0,6.0,graph,AY8Q6SAWGFLGU,3YGXWBAF70HBNY6S6NYDGLUY3CJ4CL,36,True
642,"[5578, 24017, 43161]","[u'up', u'up', u'right']",[],[],0.0,"[8, 0, 1]",1.6,45.0,"[1, 3, 7, 13]","[5577, 7517, 17106]",21.0,752281,1.0,7.0,graph,AY8Q6SAWGFLGU,3YGXWBAF70HBNY6S6NYDGLUY3CJ4CL,36,True
643,"[1839, 15026, 17801]","[u'left', u'left', u'up']",[],[],0.0,"[8, 0, 1]",1.6,45.0,"[1, 4, 8, 14]","[1838, 2297, 804]",34.0,816699,5.0,8.0,graph,AY8Q6SAWGFLGU,3YGXWBAF70HBNY6S6NYDGLUY3CJ4CL,36,True
661,"[5142, 16259, 20363]","[u'right', u'right', u'up']",[],[],0.0,"[8, 0, 1]",1.6,45.0,"[1, 2, 6, 10]","[5141, 801, 2673]",16.0,611966,6.0,1.0,graph,AYIFHDQSXQJ6B,3LUY3GC63Z0R0AXFDQIQ3XDFTXOP74,37,True
662,"[6936, 20197, 22338]","[u'down', u'down', u'right']",[],[],0.0,"[8, 0, 1]",1.6,45.0,"[1, 5, 9, 17]","[6936, 3296, 811]",10.0,670561,0.0,2.0,graph,AYIFHDQSXQJ6B,3LUY3GC63Z0R0AXFDQIQ3XDFTXOP74,37,True
663,"[16081, 28210, 30202]","[u'left', u'left', u'down']","[10131, 13759]","[u'14', u'15']",0.0,"[8, 0, 1]",1.6,45.0,"[1, 4, 8, 15]","[16080, 631, 743]",22.8,731363,3.0,3.0,graph,AYIFHDQSXQJ6B,3LUY3GC63Z0R0AXFDQIQ3XDFTXOP74,37,True
664,"[15511, 29133, 30946]","[u'left', u'left', u'up']","[4105, 5436, 6946, 7962, 9101, 10084, 11092, 12090]","[u'13', u'12', u'10', u'11', u'17', u'16', u'15', u'14']",0.0,"[8, 0, 1]",1.6,45.0,"[1, 4, 8, 14]","[15511, 557, 357]",5.2,790722,7.0,4.0,graph,AYIFHDQSXQJ6B,3LUY3GC63Z0R0AXFDQIQ3XDFTXOP74,37,True
665,"[4268, 17557, 19166]","[u'down', u'down', u'left']",[],[],0.0,"[8, 0, 1]",1.6,45.0,"[1, 5, 9, 16]","[4266, 3580, 189]",14.0,846955,4.0,5.0,graph,AYIFHDQSXQJ6B,3LUY3GC63Z0R0AXFDQIQ3XDFTXOP74,37,True
666,"[4616, 24044, 25619]","[u'right', u'right', u'down']","[17626, 18646]","[u'10', u'11']",0.0,"[8, 0, 1]",1.6,45.0,"[1, 2, 6, 11]","[4616, 9105, 5]",2.8,902788,5.0,6.0,graph,AYIFHDQSXQJ6B,3LUY3GC63Z0R0AXFDQIQ3XDFTXOP74,37,True
667,"[11538, 24051, 25480]","[u'down', u'down', u'left']","[3741, 5105, 6383, 8902]","[u'12', u'14', u'15', u'16']",0.0,"[8, 0, 1]",1.6,45.0,"[1, 5, 9, 16]","[11537, 497, 3]",39.6,967553,1.0,7.0,graph,AYIFHDQSXQJ6B,3LUY3GC63Z0R0AXFDQIQ3XDFTXOP74,37,True
668,"[12304, 24343, 26676]","[u'right', u'right', u'down']","[6451, 8848, 10125]","[u'12', u'13', u'11']",0.0,"[8, 0, 1]",1.6,45.0,"[1, 2, 6, 11]","[12304, 383, 1005]",27.2,1026529,2.0,8.0,graph,AYIFHDQSXQJ6B,3LUY3GC63Z0R0AXFDQIQ3XDFTXOP74,37,True
678,"[11110, 22725, 23564]","[u'right', u'right', u'up']",[7092],[u'12'],0.0,"[8, 0, 1]",1.6,45.0,"[1, 2, 6, 10]","[11110, 2356, 58]",6.4,539918,0.0,1.0,graph,AZGBKAM5JUV5A,34YB12FSQYO480B3EDUSS6WDNVWMG8,38,True
679,"[5644, 15396, 21044]","[u'left', u'left', u'down']","[1906, 18778]","[u'4', u'14']",0.0,"[8, 0, 1]",1.6,45.0,"[1, 4, 8, 15]","[5644, 509, 4853]",4.8,617363,2.0,2.0,graph,AZGBKAM5JUV5A,34YB12FSQYO480B3EDUSS6WDNVWMG8,38,True
680,"[2458, 20082, 23938]","[u'down', u'down', u'left']",[22023],[u'17'],0.0,"[8, 0, 1]",1.6,45.0,"[1, 5, 9, 16]","[2458, 8646, 3050]",4.4,686599,3.0,3.0,graph,AZGBKAM5JUV5A,34YB12FSQYO480B3EDUSS6WDNVWMG8,38,True
681,"[7684, 18899, 19663]","[u'down', u'down', u'left']","[4346, 5586, 6442]","[u'5', u'17', u'16']",0.0,"[8, 0, 1]",1.6,45.0,"[1, 5, 9, 16]","[7684, 1560, 2]",41.2,744104,1.0,4.0,graph,AZGBKAM5JUV5A,34YB12FSQYO480B3EDUSS6WDNVWMG8,38,True
682,"[4155, 17531, 18287]","[u'left', u'left', u'up']","[1208, 2193, 2585]","[u'4', u'15', u'14']",0.0,"[8, 0, 1]",1.6,45.0,"[1, 4, 8, 14]","[4155, 3711, 1]",29.2,803088,5.0,5.0,graph,AZGBKAM5JUV5A,34YB12FSQYO480B3EDUSS6WDNVWMG8,38,True
683,"[4079, 15727, 17830]","[u'down', u'down', u'left']","[1029, 1981, 2605, 16989]","[u'3', u'13', u'12', u'17']",0.0,"[8, 0, 1]",1.6,45.0,"[1, 5, 9, 16]","[4079, 1971, 1290]",-8.4,858776,7.0,6.0,graph,AZGBKAM5JUV5A,34YB12FSQYO480B3EDUSS6WDNVWMG8,38,True
684,"[2725, 14556, 15303]","[u'right', u'right', u'up']","[914, 1475, 1907]","[u'2', u'10', u'11']",0.0,"[8, 0, 1]",1.6,45.0,"[1, 2, 6, 10]","[2725, 2091, 1]",17.2,916766,4.0,7.0,graph,AZGBKAM5JUV5A,34YB12FSQYO480B3EDUSS6WDNVWMG8,38,True
685,"[2869, 15638, 16492]","[u'up', u'up', u'left']","[843, 1380]","[u'12', u'13']",0.0,"[8, 0, 1]",1.6,45.0,"[1, 3, 7, 12]","[2869, 3357, 91]",33.8,1058806,6.0,8.0,graph,AZGBKAM5JUV5A,34YB12FSQYO480B3EDUSS6WDNVWMG8,38,True
